-- Generated by .agents/tools/wanwan-bank/make_rom_images.py
-- from references/dog_game/wanwan_bank_from_source.bin (60272 bytes, padded to 65536)

DEPTH = 65536;
WIDTH = 8;
ADDRESS_RADIX = HEX;
DATA_RADIX = HEX;

CONTENT BEGIN
	0000 : 00;
	0001 : 00;
	0002 : 00;
	0003 : 00;
	0004 : 00;
	0005 : 02;
	0006 : 00;
	0007 : 00;
	0008 : 00;
	0009 : 09;
	000A : F0;
	000B : 00;
	000C : 00;
	000D : 1C;
	000E : 80;
	000F : 00;
	0010 : 00;
	0011 : 27;
	0012 : 50;
	0013 : 00;
	0014 : 00;
	0015 : 34;
	0016 : 00;
	0017 : 00;
	0018 : 00;
	0019 : 3E;
	001A : D0;
	001B : 00;
	001C : 00;
	001D : 45;
	001E : 80;
	001F : 00;
	0020 : 00;
	0021 : 4F;
	0022 : 60;
	0023 : 00;
	0024 : 00;
	0025 : 54;
	0026 : 00;
	0027 : 00;
	0028 : 00;
	0029 : 62;
	002A : F0;
	002B : 00;
	002C : 00;
	002D : 6D;
	002E : C0;
	002F : 00;
	0030 : 00;
	0031 : 74;
	0032 : 40;
	0033 : 00;
	0034 : 00;
	0035 : 80;
	0036 : F0;
	0037 : 00;
	0038 : 00;
	0039 : 88;
	003A : E0;
	003B : 00;
	003C : 00;
	003D : 8A;
	003E : D0;
	003F : 00;
	0040 : 00;
	0041 : 8F;
	0042 : A0;
	0043 : 00;
	0044 : 00;
	0045 : 9B;
	0046 : 60;
	0047 : 00;
	0048 : 00;
	0049 : A0;
	004A : 10;
	004B : 00;
	004C : 00;
	004D : B2;
	004E : 80;
	004F : 00;
	0050 : 00;
	0051 : BB;
	0052 : 40;
	0053 : 00;
	0054 : 00;
	0055 : C6;
	0056 : E0;
	0057 : 00;
	0058 : 00;
	0059 : E6;
	005A : A0;
	005B : 00;
	005C : 00;
	005D : 00;
	005E : 00;
	005F : 00;
	0060 : 00;
	0061 : 00;
	0062 : 00;
	0063 : 00;
	0064 : 00;
	0065 : 00;
	0066 : 00;
	0067 : 00;
	0068 : 00;
	0069 : 00;
	006A : 00;
	006B : 00;
	006C : 00;
	006D : 00;
	006E : 00;
	006F : 00;
	0070 : 00;
	0071 : 00;
	0072 : 00;
	0073 : 00;
	0074 : 00;
	0075 : 00;
	0076 : 00;
	0077 : 00;
	0078 : 00;
	0079 : 00;
	007A : 00;
	007B : 00;
	007C : 00;
	007D : 00;
	007E : 00;
	007F : 00;
	0080 : 00;
	0081 : 00;
	0082 : 00;
	0083 : 00;
	0084 : 00;
	0085 : 00;
	0086 : 00;
	0087 : 00;
	0088 : 00;
	0089 : 00;
	008A : 00;
	008B : 00;
	008C : 00;
	008D : 00;
	008E : 00;
	008F : 00;
	0090 : 00;
	0091 : 00;
	0092 : 00;
	0093 : 00;
	0094 : 00;
	0095 : 00;
	0096 : 00;
	0097 : 00;
	0098 : 00;
	0099 : 00;
	009A : 00;
	009B : 00;
	009C : 00;
	009D : 00;
	009E : 00;
	009F : 00;
	00A0 : 00;
	00A1 : 00;
	00A2 : 00;
	00A3 : 00;
	00A4 : 00;
	00A5 : 00;
	00A6 : 00;
	00A7 : 00;
	00A8 : 00;
	00A9 : 00;
	00AA : 00;
	00AB : 00;
	00AC : 00;
	00AD : 00;
	00AE : 00;
	00AF : 00;
	00B0 : 00;
	00B1 : 00;
	00B2 : 00;
	00B3 : 00;
	00B4 : 00;
	00B5 : 00;
	00B6 : 00;
	00B7 : 00;
	00B8 : 00;
	00B9 : 00;
	00BA : 00;
	00BB : 00;
	00BC : 00;
	00BD : 00;
	00BE : 00;
	00BF : 00;
	00C0 : 00;
	00C1 : 00;
	00C2 : 00;
	00C3 : 00;
	00C4 : 00;
	00C5 : 00;
	00C6 : 00;
	00C7 : 00;
	00C8 : 00;
	00C9 : 00;
	00CA : 00;
	00CB : 00;
	00CC : 00;
	00CD : 00;
	00CE : 00;
	00CF : 00;
	00D0 : 00;
	00D1 : 00;
	00D2 : 00;
	00D3 : 00;
	00D4 : 00;
	00D5 : 00;
	00D6 : 00;
	00D7 : 00;
	00D8 : 00;
	00D9 : 00;
	00DA : 00;
	00DB : 00;
	00DC : 00;
	00DD : 00;
	00DE : 00;
	00DF : 00;
	00E0 : 00;
	00E1 : 00;
	00E2 : 00;
	00E3 : 00;
	00E4 : 00;
	00E5 : 00;
	00E6 : 00;
	00E7 : 00;
	00E8 : 00;
	00E9 : 00;
	00EA : 00;
	00EB : 00;
	00EC : 00;
	00ED : 00;
	00EE : 00;
	00EF : 00;
	00F0 : 00;
	00F1 : 00;
	00F2 : 00;
	00F3 : 00;
	00F4 : 00;
	00F5 : 00;
	00F6 : 00;
	00F7 : 00;
	00F8 : 00;
	00F9 : 00;
	00FA : 00;
	00FB : 00;
	00FC : 00;
	00FD : 00;
	00FE : 00;
	00FF : 00;
	0100 : 00;
	0101 : 00;
	0102 : 00;
	0103 : 00;
	0104 : 00;
	0105 : 00;
	0106 : 00;
	0107 : 00;
	0108 : 00;
	0109 : 00;
	010A : 00;
	010B : 00;
	010C : 00;
	010D : 00;
	010E : 00;
	010F : 00;
	0110 : 00;
	0111 : 00;
	0112 : 00;
	0113 : 00;
	0114 : 00;
	0115 : 00;
	0116 : 00;
	0117 : 00;
	0118 : 00;
	0119 : 00;
	011A : 00;
	011B : 00;
	011C : 00;
	011D : 00;
	011E : 00;
	011F : 00;
	0120 : 00;
	0121 : 00;
	0122 : 00;
	0123 : 00;
	0124 : 00;
	0125 : 00;
	0126 : 00;
	0127 : 00;
	0128 : 00;
	0129 : 00;
	012A : 00;
	012B : 00;
	012C : 00;
	012D : 00;
	012E : 00;
	012F : 00;
	0130 : 00;
	0131 : 00;
	0132 : 00;
	0133 : 00;
	0134 : 00;
	0135 : 00;
	0136 : 00;
	0137 : 00;
	0138 : 00;
	0139 : 00;
	013A : 00;
	013B : 00;
	013C : 00;
	013D : 00;
	013E : 00;
	013F : 00;
	0140 : 00;
	0141 : 00;
	0142 : 00;
	0143 : 00;
	0144 : 00;
	0145 : 00;
	0146 : 00;
	0147 : 00;
	0148 : 00;
	0149 : 00;
	014A : 00;
	014B : 00;
	014C : 00;
	014D : 00;
	014E : 00;
	014F : 00;
	0150 : 00;
	0151 : 00;
	0152 : 00;
	0153 : 00;
	0154 : 00;
	0155 : 00;
	0156 : 00;
	0157 : 00;
	0158 : 00;
	0159 : 00;
	015A : 00;
	015B : 00;
	015C : 00;
	015D : 00;
	015E : 00;
	015F : 00;
	0160 : 00;
	0161 : 00;
	0162 : 00;
	0163 : 00;
	0164 : 00;
	0165 : 00;
	0166 : 00;
	0167 : 00;
	0168 : 00;
	0169 : 00;
	016A : 00;
	016B : 00;
	016C : 00;
	016D : 00;
	016E : 00;
	016F : 00;
	0170 : 00;
	0171 : 00;
	0172 : 00;
	0173 : 00;
	0174 : 00;
	0175 : 00;
	0176 : 00;
	0177 : 00;
	0178 : 00;
	0179 : 00;
	017A : 00;
	017B : 00;
	017C : 00;
	017D : 00;
	017E : 00;
	017F : 00;
	0180 : 00;
	0181 : 00;
	0182 : 00;
	0183 : 00;
	0184 : 00;
	0185 : 00;
	0186 : 00;
	0187 : 00;
	0188 : 00;
	0189 : 00;
	018A : 00;
	018B : 00;
	018C : 00;
	018D : 00;
	018E : 00;
	018F : 00;
	0190 : 00;
	0191 : 00;
	0192 : 00;
	0193 : 00;
	0194 : 00;
	0195 : 00;
	0196 : 00;
	0197 : 00;
	0198 : 00;
	0199 : 00;
	019A : 00;
	019B : 00;
	019C : 00;
	019D : 00;
	019E : 00;
	019F : 00;
	01A0 : 00;
	01A1 : 00;
	01A2 : 00;
	01A3 : 00;
	01A4 : 00;
	01A5 : 00;
	01A6 : 00;
	01A7 : 00;
	01A8 : 00;
	01A9 : 00;
	01AA : 00;
	01AB : 00;
	01AC : 00;
	01AD : 00;
	01AE : 00;
	01AF : 00;
	01B0 : 00;
	01B1 : 00;
	01B2 : 00;
	01B3 : 00;
	01B4 : 00;
	01B5 : 00;
	01B6 : 00;
	01B7 : 00;
	01B8 : 00;
	01B9 : 00;
	01BA : 00;
	01BB : 00;
	01BC : 00;
	01BD : 00;
	01BE : 00;
	01BF : 00;
	01C0 : 00;
	01C1 : 00;
	01C2 : 00;
	01C3 : 00;
	01C4 : 00;
	01C5 : 00;
	01C6 : 00;
	01C7 : 00;
	01C8 : 00;
	01C9 : 00;
	01CA : 00;
	01CB : 00;
	01CC : 00;
	01CD : 00;
	01CE : 00;
	01CF : 00;
	01D0 : 00;
	01D1 : 00;
	01D2 : 00;
	01D3 : 00;
	01D4 : 00;
	01D5 : 00;
	01D6 : 00;
	01D7 : 00;
	01D8 : 00;
	01D9 : 00;
	01DA : 00;
	01DB : 00;
	01DC : 00;
	01DD : 00;
	01DE : 00;
	01DF : 00;
	01E0 : 00;
	01E1 : 00;
	01E2 : 00;
	01E3 : 00;
	01E4 : 00;
	01E5 : 00;
	01E6 : 00;
	01E7 : 00;
	01E8 : 00;
	01E9 : 00;
	01EA : 00;
	01EB : 00;
	01EC : 00;
	01ED : 00;
	01EE : 00;
	01EF : 00;
	01F0 : 00;
	01F1 : 00;
	01F2 : 00;
	01F3 : 00;
	01F4 : 00;
	01F5 : 00;
	01F6 : 00;
	01F7 : 00;
	01F8 : 00;
	01F9 : 00;
	01FA : 00;
	01FB : 00;
	01FC : 00;
	01FD : 00;
	01FE : 00;
	01FF : 00;
	0200 : 7F;
	0201 : 00;
	0202 : 80;
	0203 : 80;
	0204 : 80;
	0205 : 80;
	0206 : 80;
	0207 : 80;
	0208 : 80;
	0209 : 80;
	020A : 80;
	020B : 80;
	020C : 80;
	020D : 88;
	020E : 88;
	020F : 08;
	0210 : 88;
	0211 : 88;
	0212 : 88;
	0213 : 88;
	0214 : 80;
	0215 : 88;
	0216 : 80;
	0217 : 80;
	0218 : 81;
	0219 : 12;
	021A : 20;
	021B : BC;
	021C : 04;
	021D : 64;
	021E : 65;
	021F : 31;
	0220 : 9C;
	0221 : BA;
	0222 : 18;
	0223 : 9B;
	0224 : CB;
	0225 : BC;
	0226 : BB;
	0227 : CB;
	0228 : AB;
	0229 : BC;
	022A : CF;
	022B : A0;
	022C : 23;
	022D : 32;
	022E : 54;
	022F : 33;
	0230 : 33;
	0231 : 34;
	0232 : 43;
	0233 : 23;
	0234 : 11;
	0235 : 22;
	0236 : 10;
	0237 : 21;
	0238 : 9A;
	0239 : 91;
	023A : 65;
	023B : 8F;
	023C : FA;
	023D : 90;
	023E : 9A;
	023F : CA;
	0240 : AA;
	0241 : A8;
	0242 : 80;
	0243 : 11;
	0244 : 23;
	0245 : 32;
	0246 : 43;
	0247 : 22;
	0248 : 31;
	0249 : 10;
	024A : 08;
	024B : 9B;
	024C : BA;
	024D : CB;
	024E : CB;
	024F : BB;
	0250 : 98;
	0251 : 98;
	0252 : 11;
	0253 : 53;
	0254 : 32;
	0255 : 66;
	0256 : 72;
	0257 : 98;
	0258 : 46;
	0259 : 40;
	025A : 99;
	025B : 90;
	025C : 08;
	025D : 98;
	025E : 02;
	025F : 33;
	0260 : 55;
	0261 : 0A;
	0262 : 92;
	0263 : 2A;
	0264 : FF;
	0265 : A8;
	0266 : 8A;
	0267 : 91;
	0268 : 28;
	0269 : BF;
	026A : B8;
	026B : 41;
	026C : 0A;
	026D : A3;
	026E : 41;
	026F : 9B;
	0270 : 84;
	0271 : 21;
	0272 : 10;
	0273 : 89;
	0274 : 9A;
	0275 : 99;
	0276 : 99;
	0277 : 8A;
	0278 : 88;
	0279 : 08;
	027A : 08;
	027B : 00;
	027C : 20;
	027D : 13;
	027E : 74;
	027F : 54;
	0280 : 7F;
	0281 : 33;
	0282 : 54;
	0283 : 34;
	0284 : 32;
	0285 : 24;
	0286 : 23;
	0287 : 42;
	0288 : 11;
	0289 : 23;
	028A : 35;
	028B : 0C;
	028C : CB;
	028D : 98;
	028E : 08;
	028F : 8A;
	0290 : FE;
	0291 : A8;
	0292 : 01;
	0293 : 21;
	0294 : 9C;
	0295 : 99;
	0296 : 11;
	0297 : 0B;
	0298 : FC;
	0299 : B9;
	029A : 01;
	029B : 19;
	029C : CB;
	029D : A8;
	029E : 18;
	029F : 9A;
	02A0 : 90;
	02A1 : 01;
	02A2 : 18;
	02A3 : 20;
	02A4 : 11;
	02A5 : 11;
	02A6 : 00;
	02A7 : 00;
	02A8 : 00;
	02A9 : 00;
	02AA : 12;
	02AB : 24;
	02AC : 23;
	02AD : 44;
	02AE : 42;
	02AF : 43;
	02B0 : 34;
	02B1 : 43;
	02B2 : 22;
	02B3 : 23;
	02B4 : 42;
	02B5 : 32;
	02B6 : 42;
	02B7 : 22;
	02B8 : 32;
	02B9 : 23;
	02BA : 33;
	02BB : 31;
	02BC : 33;
	02BD : 32;
	02BE : 08;
	02BF : DD;
	02C0 : CA;
	02C1 : 91;
	02C2 : 76;
	02C3 : 21;
	02C4 : 88;
	02C5 : 22;
	02C6 : 29;
	02C7 : B9;
	02C8 : 47;
	02C9 : 62;
	02CA : 99;
	02CB : AA;
	02CC : B9;
	02CD : BB;
	02CE : BA;
	02CF : BC;
	02D0 : A9;
	02D1 : 90;
	02D2 : 03;
	02D3 : 45;
	02D4 : 22;
	02D5 : 23;
	02D6 : 43;
	02D7 : 31;
	02D8 : 12;
	02D9 : 43;
	02DA : 20;
	02DB : 22;
	02DC : 18;
	02DD : 9C;
	02DE : AD;
	02DF : BB;
	02E0 : BB;
	02E1 : DC;
	02E2 : CC;
	02E3 : BC;
	02E4 : AB;
	02E5 : CA;
	02E6 : 9C;
	02E7 : EB;
	02E8 : 91;
	02E9 : 9D;
	02EA : EC;
	02EB : 80;
	02EC : 00;
	02ED : 10;
	02EE : CB;
	02EF : 37;
	02F0 : 18;
	02F1 : A8;
	02F2 : 12;
	02F3 : 88;
	02F4 : 80;
	02F5 : 81;
	02F6 : 37;
	02F7 : 2A;
	02F8 : D1;
	02F9 : 47;
	02FA : 29;
	02FB : 99;
	02FC : 23;
	02FD : 0A;
	02FE : 99;
	02FF : 88;
	0300 : 7F;
	0301 : 90;
	0302 : 10;
	0303 : 99;
	0304 : 98;
	0305 : 09;
	0306 : 81;
	0307 : 55;
	0308 : 9C;
	0309 : 05;
	030A : 61;
	030B : BB;
	030C : A2;
	030D : 55;
	030E : 0B;
	030F : 90;
	0310 : 38;
	0311 : A8;
	0312 : 42;
	0313 : AD;
	0314 : 88;
	0315 : 89;
	0316 : 80;
	0317 : 00;
	0318 : 90;
	0319 : 00;
	031A : 00;
	031B : 80;
	031C : 19;
	031D : 09;
	031E : 99;
	031F : A9;
	0320 : BB;
	0321 : EA;
	0322 : AB;
	0323 : BC;
	0324 : BA;
	0325 : CA;
	0326 : BF;
	0327 : EE;
	0328 : A9;
	0329 : 55;
	032A : 1A;
	032B : 80;
	032C : 09;
	032D : CA;
	032E : 23;
	032F : 88;
	0330 : 31;
	0331 : 91;
	0332 : 3B;
	0333 : E8;
	0334 : 12;
	0335 : 1D;
	0336 : 95;
	0337 : 21;
	0338 : AB;
	0339 : B8;
	033A : 1D;
	033B : B2;
	033C : 3A;
	033D : 92;
	033E : 2A;
	033F : 06;
	0340 : 32;
	0341 : 10;
	0342 : 90;
	0343 : 33;
	0344 : 20;
	0345 : 01;
	0346 : 19;
	0347 : BC;
	0348 : B0;
	0349 : 9A;
	034A : A0;
	034B : 18;
	034C : AB;
	034D : EB;
	034E : AC;
	034F : FC;
	0350 : 02;
	0351 : 29;
	0352 : BA;
	0353 : 83;
	0354 : DA;
	0355 : 77;
	0356 : 18;
	0357 : 80;
	0358 : 38;
	0359 : AC;
	035A : 96;
	035B : 2B;
	035C : A1;
	035D : 62;
	035E : 10;
	035F : 8B;
	0360 : 94;
	0361 : 50;
	0362 : A9;
	0363 : 82;
	0364 : 32;
	0365 : 90;
	0366 : 31;
	0367 : B8;
	0368 : 88;
	0369 : 80;
	036A : 99;
	036B : 9A;
	036C : AB;
	036D : DA;
	036E : CB;
	036F : AC;
	0370 : BB;
	0371 : CC;
	0372 : BB;
	0373 : CB;
	0374 : BB;
	0375 : CC;
	0376 : CA;
	0377 : 05;
	0378 : 49;
	0379 : D9;
	037A : 9A;
	037B : BA;
	037C : 27;
	037D : 79;
	037E : C8;
	037F : 80;
	0380 : 7F;
	0381 : 13;
	0382 : 8C;
	0383 : 80;
	0384 : 9A;
	0385 : BA;
	0386 : 47;
	0387 : 0A;
	0388 : 81;
	0389 : 8C;
	038A : 92;
	038B : 42;
	038C : 0A;
	038D : D8;
	038E : 33;
	038F : 89;
	0390 : AC;
	0391 : A2;
	0392 : 49;
	0393 : A0;
	0394 : 61;
	0395 : AB;
	0396 : A4;
	0397 : 63;
	0398 : 28;
	0399 : A8;
	039A : 0A;
	039B : A5;
	039C : 38;
	039D : A8;
	039E : 30;
	039F : E8;
	03A0 : 43;
	03A1 : 09;
	03A2 : 89;
	03A3 : 8D;
	03A4 : C1;
	03A5 : 50;
	03A6 : 99;
	03A7 : 88;
	03A8 : 92;
	03A9 : 50;
	03AA : 93;
	03AB : 1B;
	03AC : 04;
	03AD : 9B;
	03AE : 25;
	03AF : 0B;
	03B0 : 82;
	03B1 : 39;
	03B2 : FB;
	03B3 : 04;
	03B4 : 09;
	03B5 : 80;
	03B6 : BC;
	03B7 : 11;
	03B8 : C9;
	03B9 : 31;
	03BA : D0;
	03BB : 1B;
	03BC : E8;
	03BD : 51;
	03BE : 9C;
	03BF : 82;
	03C0 : 20;
	03C1 : 13;
	03C2 : 9D;
	03C3 : B1;
	03C4 : 41;
	03C5 : 9B;
	03C6 : E8;
	03C7 : 23;
	03C8 : 0B;
	03C9 : BB;
	03CA : 83;
	03CB : 59;
	03CC : A1;
	03CD : 0A;
	03CE : 06;
	03CF : 1A;
	03D0 : 91;
	03D1 : 01;
	03D2 : 01;
	03D3 : 11;
	03D4 : 20;
	03D5 : 10;
	03D6 : 80;
	03D7 : 88;
	03D8 : 8A;
	03D9 : BB;
	03DA : CB;
	03DB : DB;
	03DC : CA;
	03DD : AB;
	03DE : CB;
	03DF : A9;
	03E0 : AA;
	03E1 : 88;
	03E2 : 9A;
	03E3 : C9;
	03E4 : 17;
	03E5 : 78;
	03E6 : F9;
	03E7 : 24;
	03E8 : 00;
	03E9 : 54;
	03EA : 9D;
	03EB : 90;
	03EC : 84;
	03ED : 50;
	03EE : 8B;
	03EF : B0;
	03F0 : 42;
	03F1 : 09;
	03F2 : A8;
	03F3 : 20;
	03F4 : CB;
	03F5 : 33;
	03F6 : CC;
	03F7 : 03;
	03F8 : 00;
	03F9 : 1C;
	03FA : E9;
	03FB : 43;
	03FC : 0B;
	03FD : B1;
	03FE : 51;
	03FF : 10;
	0400 : 7F;
	0401 : B8;
	0402 : 24;
	0403 : 9D;
	0404 : 14;
	0405 : 0A;
	0406 : 93;
	0407 : 0B;
	0408 : 04;
	0409 : 8D;
	040A : DA;
	040B : 84;
	040C : 41;
	040D : 8A;
	040E : A8;
	040F : 11;
	0410 : 51;
	0411 : D8;
	0412 : 40;
	0413 : BB;
	0414 : 35;
	0415 : 0A;
	0416 : CA;
	0417 : 02;
	0418 : 1B;
	0419 : A4;
	041A : 70;
	041B : C9;
	041C : 00;
	041D : 22;
	041E : 1C;
	041F : B8;
	0420 : 22;
	0421 : A8;
	0422 : 32;
	0423 : 99;
	0424 : AA;
	0425 : 37;
	0426 : 4A;
	0427 : E9;
	0428 : 22;
	0429 : 19;
	042A : CB;
	042B : 33;
	042C : CA;
	042D : 42;
	042E : AB;
	042F : AB;
	0430 : 13;
	0431 : 18;
	0432 : AB;
	0433 : 56;
	0434 : 08;
	0435 : BC;
	0436 : 83;
	0437 : 51;
	0438 : 9D;
	0439 : 01;
	043A : 8A;
	043B : 32;
	043C : 9B;
	043D : B1;
	043E : 58;
	043F : BA;
	0440 : 25;
	0441 : 8C;
	0442 : 81;
	0443 : 31;
	0444 : 99;
	0445 : 2B;
	0446 : F1;
	0447 : 60;
	0448 : BA;
	0449 : 16;
	044A : 0B;
	044B : 93;
	044C : 49;
	044D : A3;
	044E : 1B;
	044F : 96;
	0450 : 2A;
	0451 : C9;
	0452 : 12;
	0453 : 31;
	0454 : 8C;
	0455 : A2;
	0456 : 00;
	0457 : 10;
	0458 : AB;
	0459 : 27;
	045A : 2C;
	045B : DA;
	045C : 14;
	045D : 2B;
	045E : B0;
	045F : 20;
	0460 : 93;
	0461 : 68;
	0462 : C8;
	0463 : 29;
	0464 : CA;
	0465 : 15;
	0466 : 28;
	0467 : 8B;
	0468 : C9;
	0469 : 24;
	046A : 08;
	046B : 9A;
	046C : 80;
	046D : 90;
	046E : 9A;
	046F : 85;
	0470 : 61;
	0471 : 9B;
	0472 : E8;
	0473 : 43;
	0474 : 9C;
	0475 : 83;
	0476 : 00;
	0477 : 39;
	0478 : AA;
	0479 : 80;
	047A : 81;
	047B : 10;
	047C : BD;
	047D : 97;
	047E : 49;
	047F : C8;
	0480 : 7F;
	0481 : 40;
	0482 : 9A;
	0483 : 22;
	0484 : 8C;
	0485 : 90;
	0486 : 52;
	0487 : 8D;
	0488 : 82;
	0489 : 08;
	048A : 28;
	048B : D9;
	048C : 12;
	048D : 09;
	048E : AB;
	048F : 44;
	0490 : 2C;
	0491 : A0;
	0492 : 89;
	0493 : 91;
	0494 : 34;
	0495 : 8F;
	0496 : 98;
	0497 : 20;
	0498 : 81;
	0499 : 21;
	049A : 9D;
	049B : D0;
	049C : 22;
	049D : 8A;
	049E : 11;
	049F : 98;
	04A0 : AF;
	04A1 : 87;
	04A2 : 29;
	04A3 : CA;
	04A4 : 24;
	04A5 : 8A;
	04A6 : A3;
	04A7 : 4A;
	04A8 : AB;
	04A9 : A6;
	04AA : 39;
	04AB : C1;
	04AC : 28;
	04AD : A8;
	04AE : 88;
	04AF : 37;
	04B0 : 0B;
	04B1 : B9;
	04B2 : 41;
	04B3 : 12;
	04B4 : 9D;
	04B5 : 94;
	04B6 : 3A;
	04B7 : D8;
	04B8 : 24;
	04B9 : 18;
	04BA : 9B;
	04BB : C1;
	04BC : 31;
	04BD : 09;
	04BE : 88;
	04BF : E8;
	04C0 : 40;
	04C1 : 00;
	04C2 : 99;
	04C3 : B9;
	04C4 : 40;
	04C5 : 91;
	04C6 : 58;
	04C7 : CB;
	04C8 : 92;
	04C9 : 54;
	04CA : 08;
	04CB : 9B;
	04CC : C8;
	04CD : 53;
	04CE : 0A;
	04CF : BA;
	04D0 : 13;
	04D1 : 60;
	04D2 : AB;
	04D3 : 03;
	04D4 : 8A;
	04D5 : 85;
	04D6 : 2B;
	04D7 : D0;
	04D8 : 30;
	04D9 : 18;
	04DA : DB;
	04DB : 84;
	04DC : 9B;
	04DD : 42;
	04DE : BA;
	04DF : 21;
	04E0 : 11;
	04E1 : 9A;
	04E2 : 10;
	04E3 : DB;
	04E4 : 03;
	04E5 : 73;
	04E6 : BE;
	04E7 : 02;
	04E8 : 41;
	04E9 : BE;
	04EA : 92;
	04EB : 00;
	04EC : 03;
	04ED : 29;
	04EE : DA;
	04EF : 81;
	04F0 : 91;
	04F1 : 19;
	04F2 : C8;
	04F3 : 02;
	04F4 : 43;
	04F5 : CD;
	04F6 : 13;
	04F7 : 2C;
	04F8 : C8;
	04F9 : 02;
	04FA : 28;
	04FB : A3;
	04FC : 8F;
	04FD : 11;
	04FE : 10;
	04FF : 0B;
	0500 : 7F;
	0501 : A5;
	0502 : 2B;
	0503 : D0;
	0504 : 2A;
	0505 : A4;
	0506 : 0C;
	0507 : 93;
	0508 : 30;
	0509 : 8B;
	050A : C9;
	050B : 54;
	050C : 09;
	050D : 9A;
	050E : A2;
	050F : 41;
	0510 : 9A;
	0511 : 90;
	0512 : 81;
	0513 : 00;
	0514 : 80;
	0515 : 08;
	0516 : 8A;
	0517 : 91;
	0518 : 32;
	0519 : 73;
	051A : EB;
	051B : 55;
	051C : 98;
	051D : 18;
	051E : D9;
	051F : 54;
	0520 : 0A;
	0521 : 98;
	0522 : A0;
	0523 : 43;
	0524 : 18;
	0525 : CC;
	0526 : 04;
	0527 : 0A;
	0528 : 90;
	0529 : 10;
	052A : 05;
	052B : 19;
	052C : C9;
	052D : 90;
	052E : 35;
	052F : 1C;
	0530 : B9;
	0531 : 22;
	0532 : 12;
	0533 : AC;
	0534 : C9;
	0535 : 12;
	0536 : 08;
	0537 : 02;
	0538 : 1C;
	0539 : E8;
	053A : 42;
	053B : 8D;
	053C : A0;
	053D : 51;
	053E : 8B;
	053F : A1;
	0540 : 0A;
	0541 : 14;
	0542 : 8B;
	0543 : 83;
	0544 : BB;
	0545 : 06;
	0546 : 18;
	0547 : 98;
	0548 : B9;
	0549 : 32;
	054A : 1A;
	054B : B0;
	054C : 72;
	054D : 99;
	054E : CA;
	054F : 11;
	0550 : 88;
	0551 : 33;
	0552 : BE;
	0553 : 03;
	0554 : 10;
	0555 : 9B;
	0556 : E9;
	0557 : 53;
	0558 : AB;
	0559 : 23;
	055A : 0B;
	055B : 11;
	055C : 9C;
	055D : B8;
	055E : 99;
	055F : 46;
	0560 : 0C;
	0561 : C0;
	0562 : 42;
	0563 : BA;
	0564 : 10;
	0565 : CA;
	0566 : 12;
	0567 : AB;
	0568 : 34;
	0569 : 9F;
	056A : A2;
	056B : 30;
	056C : 12;
	056D : 0C;
	056E : A2;
	056F : 23;
	0570 : 42;
	0571 : BD;
	0572 : 94;
	0573 : 38;
	0574 : A5;
	0575 : 48;
	0576 : 9C;
	0577 : B1;
	0578 : 73;
	0579 : 9A;
	057A : 93;
	057B : 11;
	057C : 0B;
	057D : 90;
	057E : 15;
	057F : 30;
	0580 : 7F;
	0581 : 8A;
	0582 : FC;
	0583 : 25;
	0584 : 2A;
	0585 : B1;
	0586 : 24;
	0587 : 09;
	0588 : 8A;
	0589 : C8;
	058A : 10;
	058B : 05;
	058C : 39;
	058D : A0;
	058E : 30;
	058F : AD;
	0590 : 98;
	0591 : 91;
	0592 : 61;
	0593 : CB;
	0594 : 21;
	0595 : CB;
	0596 : 02;
	0597 : 2A;
	0598 : D0;
	0599 : 18;
	059A : 83;
	059B : AF;
	059C : B2;
	059D : 40;
	059E : BD;
	059F : 01;
	05A0 : AC;
	05A1 : 16;
	05A2 : 2A;
	05A3 : D9;
	05A4 : 22;
	05A5 : 0C;
	05A6 : 94;
	05A7 : 19;
	05A8 : BA;
	05A9 : 03;
	05AA : 99;
	05AB : 22;
	05AC : 8C;
	05AD : C8;
	05AE : 42;
	05AF : 89;
	05B0 : 13;
	05B1 : CB;
	05B2 : 23;
	05B3 : BC;
	05B4 : 84;
	05B5 : 61;
	05B6 : AC;
	05B7 : 05;
	05B8 : 19;
	05B9 : B8;
	05BA : 12;
	05BB : 10;
	05BC : A9;
	05BD : 54;
	05BE : 9E;
	05BF : 93;
	05C0 : 10;
	05C1 : 31;
	05C2 : BD;
	05C3 : A0;
	05C4 : 44;
	05C5 : 8A;
	05C6 : 88;
	05C7 : 84;
	05C8 : 40;
	05C9 : BA;
	05CA : 98;
	05CB : 96;
	05CC : 3B;
	05CD : D1;
	05CE : 39;
	05CF : A4;
	05D0 : 1B;
	05D1 : A2;
	05D2 : 22;
	05D3 : BD;
	05D4 : C0;
	05D5 : 34;
	05D6 : 58;
	05D7 : CA;
	05D8 : 10;
	05D9 : B2;
	05DA : 60;
	05DB : AC;
	05DC : 93;
	05DD : 48;
	05DE : AC;
	05DF : 84;
	05E0 : 29;
	05E1 : B9;
	05E2 : 08;
	05E3 : 80;
	05E4 : 12;
	05E5 : 34;
	05E6 : CE;
	05E7 : 13;
	05E8 : 0B;
	05E9 : A9;
	05EA : 01;
	05EB : 52;
	05EC : CC;
	05ED : 04;
	05EE : 2B;
	05EF : A0;
	05F0 : A8;
	05F1 : 42;
	05F2 : AB;
	05F3 : 98;
	05F4 : 45;
	05F5 : 10;
	05F6 : 89;
	05F7 : DA;
	05F8 : 84;
	05F9 : 30;
	05FA : CB;
	05FB : 42;
	05FC : 81;
	05FD : 0D;
	05FE : B0;
	05FF : 60;
	0600 : 7F;
	0601 : AB;
	0602 : A2;
	0603 : 43;
	0604 : 1A;
	0605 : D9;
	0606 : 23;
	0607 : 01;
	0608 : 9D;
	0609 : 91;
	060A : 1B;
	060B : 07;
	060C : 19;
	060D : A8;
	060E : 08;
	060F : 92;
	0610 : 68;
	0611 : D8;
	0612 : 23;
	0613 : 8A;
	0614 : 18;
	0615 : 89;
	0616 : 10;
	0617 : AB;
	0618 : 05;
	0619 : 39;
	061A : AA;
	061B : C0;
	061C : 72;
	061D : 9C;
	061E : 91;
	061F : 23;
	0620 : 88;
	0621 : 9C;
	0622 : 04;
	0623 : 9C;
	0624 : 13;
	0625 : BB;
	0626 : 43;
	0627 : AF;
	0628 : 85;
	0629 : 19;
	062A : C8;
	062B : 18;
	062C : 81;
	062D : 39;
	062E : D9;
	062F : 32;
	0630 : 09;
	0631 : B0;
	0632 : 40;
	0633 : D9;
	0634 : 21;
	0635 : 80;
	0636 : 31;
	0637 : BE;
	0638 : E0;
	0639 : 22;
	063A : 89;
	063B : 10;
	063C : 0A;
	063D : A0;
	063E : 43;
	063F : 0C;
	0640 : DA;
	0641 : 15;
	0642 : 08;
	0643 : 20;
	0644 : B9;
	0645 : 32;
	0646 : BC;
	0647 : 13;
	0648 : 29;
	0649 : EA;
	064A : 22;
	064B : 04;
	064C : 99;
	064D : 11;
	064E : BF;
	064F : B2;
	0650 : 11;
	0651 : 61;
	0652 : B8;
	0653 : 60;
	0654 : CB;
	0655 : 84;
	0656 : 20;
	0657 : B8;
	0658 : 20;
	0659 : 99;
	065A : 26;
	065B : 0B;
	065C : BA;
	065D : 05;
	065E : 29;
	065F : 98;
	0660 : A8;
	0661 : 42;
	0662 : 81;
	0663 : 9F;
	0664 : A3;
	0665 : 28;
	0666 : 03;
	0667 : 3A;
	0668 : DB;
	0669 : A3;
	066A : 63;
	066B : AC;
	066C : B8;
	066D : 12;
	066E : 20;
	066F : AC;
	0670 : 94;
	0671 : 51;
	0672 : DA;
	0673 : 82;
	0674 : 31;
	0675 : 08;
	0676 : 9D;
	0677 : B9;
	0678 : 13;
	0679 : 4A;
	067A : F8;
	067B : 52;
	067C : 9D;
	067D : 81;
	067E : 13;
	067F : 8B;
	0680 : 7F;
	0681 : B1;
	0682 : 10;
	0683 : 80;
	0684 : 9A;
	0685 : 81;
	0686 : 19;
	0687 : 52;
	0688 : FD;
	0689 : 03;
	068A : 18;
	068B : B8;
	068C : 03;
	068D : 3A;
	068E : 92;
	068F : BC;
	0690 : 23;
	0691 : 80;
	0692 : 9D;
	0693 : 93;
	0694 : 51;
	0695 : 9D;
	0696 : D0;
	0697 : 43;
	0698 : 8A;
	0699 : A0;
	069A : 11;
	069B : 20;
	069C : CA;
	069D : 34;
	069E : 8E;
	069F : A1;
	06A0 : 61;
	06A1 : 99;
	06A2 : 9C;
	06A3 : 05;
	06A4 : 30;
	06A5 : AB;
	06A6 : A1;
	06A7 : 11;
	06A8 : 53;
	06A9 : AC;
	06AA : 90;
	06AB : 18;
	06AC : 81;
	06AD : 32;
	06AE : 9C;
	06AF : F9;
	06B0 : 34;
	06B1 : 0A;
	06B2 : A2;
	06B3 : 1B;
	06B4 : B8;
	06B5 : 32;
	06B6 : 8A;
	06B7 : 86;
	06B8 : 3A;
	06B9 : F9;
	06BA : 32;
	06BB : 89;
	06BC : 9B;
	06BD : 92;
	06BE : 38;
	06BF : AA;
	06C0 : 55;
	06C1 : 0D;
	06C2 : 91;
	06C3 : 23;
	06C4 : 8E;
	06C5 : B0;
	06C6 : 23;
	06C7 : 0B;
	06C8 : 09;
	06C9 : F0;
	06CA : 62;
	06CB : 9B;
	06CC : AA;
	06CD : 04;
	06CE : 42;
	06CF : AD;
	06D0 : 81;
	06D1 : 21;
	06D2 : 9B;
	06D3 : 01;
	06D4 : 90;
	06D5 : 89;
	06D6 : 44;
	06D7 : 09;
	06D8 : BC;
	06D9 : 01;
	06DA : A3;
	06DB : 60;
	06DC : BC;
	06DD : B1;
	06DE : 54;
	06DF : 8A;
	06E0 : C9;
	06E1 : 31;
	06E2 : 88;
	06E3 : AA;
	06E4 : 04;
	06E5 : 1B;
	06E6 : BB;
	06E7 : 87;
	06E8 : 58;
	06E9 : A0;
	06EA : 2A;
	06EB : E8;
	06EC : 22;
	06ED : 89;
	06EE : 82;
	06EF : 8C;
	06F0 : A1;
	06F1 : 32;
	06F2 : AF;
	06F3 : 84;
	06F4 : 29;
	06F5 : 88;
	06F6 : 01;
	06F7 : 3A;
	06F8 : F9;
	06F9 : 43;
	06FA : 9B;
	06FB : 21;
	06FC : 89;
	06FD : 91;
	06FE : 10;
	06FF : 04;
	0700 : 7F;
	0701 : 9E;
	0702 : 02;
	0703 : 02;
	0704 : 1B;
	0705 : DB;
	0706 : 93;
	0707 : 72;
	0708 : 9F;
	0709 : 91;
	070A : 21;
	070B : 20;
	070C : CA;
	070D : 11;
	070E : 82;
	070F : 1C;
	0710 : C8;
	0711 : 51;
	0712 : 89;
	0713 : 92;
	0714 : 28;
	0715 : DB;
	0716 : 23;
	0717 : 29;
	0718 : AA;
	0719 : A2;
	071A : 61;
	071B : 9C;
	071C : AA;
	071D : 16;
	071E : 2B;
	071F : 81;
	0720 : 01;
	0721 : 39;
	0722 : FF;
	0723 : 04;
	0724 : 18;
	0725 : AA;
	0726 : 93;
	0727 : 39;
	0728 : B2;
	0729 : 48;
	072A : C8;
	072B : 08;
	072C : 14;
	072D : 88;
	072E : 89;
	072F : C9;
	0730 : 01;
	0731 : 21;
	0732 : 0C;
	0733 : 05;
	0734 : 9C;
	0735 : 27;
	0736 : 9C;
	0737 : 81;
	0738 : 01;
	0739 : 29;
	073A : CB;
	073B : 26;
	073C : 0A;
	073D : AA;
	073E : 32;
	073F : A9;
	0740 : 62;
	0741 : 9A;
	0742 : 88;
	0743 : A9;
	0744 : 27;
	0745 : 8A;
	0746 : A1;
	0747 : 48;
	0748 : AA;
	0749 : 13;
	074A : 99;
	074B : 23;
	074C : 8C;
	074D : B9;
	074E : 55;
	074F : 1C;
	0750 : C0;
	0751 : 22;
	0752 : 18;
	0753 : AA;
	0754 : 13;
	0755 : AD;
	0756 : 03;
	0757 : 42;
	0758 : AC;
	0759 : A0;
	075A : 32;
	075B : 0D;
	075C : A0;
	075D : 42;
	075E : AC;
	075F : 85;
	0760 : 3B;
	0761 : 90;
	0762 : 89;
	0763 : 98;
	0764 : 22;
	0765 : AE;
	0766 : 85;
	0767 : 30;
	0768 : 01;
	0769 : CF;
	076A : A5;
	076B : 29;
	076C : 90;
	076D : 29;
	076E : BA;
	076F : 13;
	0770 : 58;
	0771 : C9;
	0772 : 31;
	0773 : 9B;
	0774 : A1;
	0775 : 70;
	0776 : A9;
	0777 : 00;
	0778 : 83;
	0779 : 3C;
	077A : C8;
	077B : 23;
	077C : 29;
	077D : C8;
	077E : 08;
	077F : A9;
	0780 : 7F;
	0781 : 05;
	0782 : 69;
	0783 : B9;
	0784 : 81;
	0785 : 10;
	0786 : 08;
	0787 : 40;
	0788 : DA;
	0789 : 13;
	078A : BE;
	078B : 03;
	078C : 38;
	078D : BA;
	078E : 22;
	078F : 1A;
	0790 : 0B;
	0791 : F1;
	0792 : 70;
	0793 : A8;
	0794 : 08;
	0795 : A8;
	0796 : 20;
	0797 : 10;
	0798 : 9C;
	0799 : 24;
	079A : 8E;
	079B : A1;
	079C : 22;
	079D : 0A;
	079E : 98;
	079F : B2;
	07A0 : 76;
	07A1 : AB;
	07A2 : 02;
	07A3 : 89;
	07A4 : 82;
	07A5 : 1A;
	07A6 : C0;
	07A7 : 33;
	07A8 : 18;
	07A9 : DA;
	07AA : 8A;
	07AB : 37;
	07AC : 1C;
	07AD : 92;
	07AE : 8A;
	07AF : 14;
	07B0 : 1C;
	07B1 : A9;
	07B2 : 14;
	07B3 : 50;
	07B4 : DC;
	07B5 : 83;
	07B6 : 00;
	07B7 : 00;
	07B8 : 11;
	07B9 : 9C;
	07BA : 92;
	07BB : 30;
	07BC : 89;
	07BD : 8D;
	07BE : B1;
	07BF : 51;
	07C0 : 88;
	07C1 : 81;
	07C2 : 2E;
	07C3 : C0;
	07C4 : 60;
	07C5 : 89;
	07C6 : 80;
	07C7 : 21;
	07C8 : 8A;
	07C9 : B8;
	07CA : 31;
	07CB : 82;
	07CC : 98;
	07CD : 0D;
	07CE : 95;
	07CF : 8B;
	07D0 : 91;
	07D1 : 50;
	07D2 : 98;
	07D3 : 50;
	07D4 : D0;
	07D5 : 0B;
	07D6 : 05;
	07D7 : 1B;
	07D8 : C0;
	07D9 : 35;
	07DA : 8D;
	07DB : A1;
	07DC : 30;
	07DD : 99;
	07DE : 80;
	07DF : 00;
	07E0 : 93;
	07E1 : 3D;
	07E2 : A8;
	07E3 : A4;
	07E4 : 60;
	07E5 : A0;
	07E6 : 50;
	07E7 : CC;
	07E8 : 02;
	07E9 : 19;
	07EA : A8;
	07EB : 22;
	07EC : 23;
	07ED : DD;
	07EE : 15;
	07EF : 8A;
	07F0 : 90;
	07F1 : 00;
	07F2 : 0A;
	07F3 : 86;
	07F4 : 1A;
	07F5 : D8;
	07F6 : 11;
	07F7 : 08;
	07F8 : AC;
	07F9 : 83;
	07FA : 40;
	07FB : 82;
	07FC : 20;
	07FD : DA;
	07FE : 04;
	07FF : 08;
	0800 : 7F;
	0801 : 81;
	0802 : 0B;
	0803 : D9;
	0804 : 30;
	0805 : 21;
	0806 : AB;
	0807 : 0C;
	0808 : A5;
	0809 : 1C;
	080A : 93;
	080B : 71;
	080C : AA;
	080D : 88;
	080E : 05;
	080F : 3A;
	0810 : FB;
	0811 : 11;
	0812 : 23;
	0813 : 18;
	0814 : BA;
	0815 : 0C;
	0816 : C1;
	0817 : 51;
	0818 : 88;
	0819 : 88;
	081A : 18;
	081B : 80;
	081C : 38;
	081D : D8;
	081E : 19;
	081F : A0;
	0820 : 0A;
	0821 : 03;
	0822 : AE;
	0823 : 26;
	0824 : 0A;
	0825 : 01;
	0826 : 9B;
	0827 : C9;
	0828 : 54;
	0829 : 18;
	082A : 0C;
	082B : F8;
	082C : 24;
	082D : 19;
	082E : 09;
	082F : 91;
	0830 : 89;
	0831 : 12;
	0832 : 8A;
	0833 : 02;
	0834 : 9F;
	0835 : 91;
	0836 : 28;
	0837 : 20;
	0838 : BA;
	0839 : 04;
	083A : 40;
	083B : CC;
	083C : 25;
	083D : 8C;
	083E : A0;
	083F : 42;
	0840 : 10;
	0841 : CC;
	0842 : 12;
	0843 : 88;
	0844 : 08;
	0845 : 88;
	0846 : 25;
	0847 : 2A;
	0848 : E9;
	0849 : 23;
	084A : 9F;
	084B : 03;
	084C : 1B;
	084D : A1;
	084E : 51;
	084F : BB;
	0850 : A1;
	0851 : 23;
	0852 : 0A;
	0853 : 99;
	0854 : 0C;
	0855 : 96;
	0856 : 51;
	0857 : E9;
	0858 : 11;
	0859 : 89;
	085A : 00;
	085B : 0A;
	085C : 80;
	085D : 00;
	085E : 9A;
	085F : 92;
	0860 : 22;
	0861 : 2B;
	0862 : FB;
	0863 : 81;
	0864 : 46;
	0865 : 09;
	0866 : B8;
	0867 : 12;
	0868 : 0A;
	0869 : B8;
	086A : 38;
	086B : E1;
	086C : 50;
	086D : DA;
	086E : 16;
	086F : 39;
	0870 : A0;
	0871 : 0B;
	0872 : A3;
	0873 : 58;
	0874 : C9;
	0875 : 08;
	0876 : A0;
	0877 : 61;
	0878 : 09;
	0879 : AA;
	087A : 11;
	087B : 10;
	087C : 0B;
	087D : B2;
	087E : 52;
	087F : 08;
	0880 : 7F;
	0881 : 04;
	0882 : 09;
	0883 : 33;
	0884 : FE;
	0885 : 03;
	0886 : 19;
	0887 : C8;
	0888 : 18;
	0889 : 91;
	088A : 12;
	088B : 0A;
	088C : 05;
	088D : AD;
	088E : 05;
	088F : 09;
	0890 : 81;
	0891 : 18;
	0892 : A9;
	0893 : 0A;
	0894 : 07;
	0895 : 1B;
	0896 : C2;
	0897 : 50;
	0898 : A8;
	0899 : 18;
	089A : 98;
	089B : 02;
	089C : AB;
	089D : 37;
	089E : 0B;
	089F : 93;
	08A0 : 0F;
	08A1 : A3;
	08A2 : 3A;
	08A3 : A1;
	08A4 : 39;
	08A5 : D9;
	08A6 : 32;
	08A7 : 80;
	08A8 : AF;
	08A9 : B4;
	08AA : 30;
	08AB : 90;
	08AC : 28;
	08AD : 89;
	08AE : E8;
	08AF : 31;
	08B0 : DB;
	08B1 : 81;
	08B2 : 19;
	08B3 : 03;
	08B4 : B8;
	08B5 : 0F;
	08B6 : B5;
	08B7 : 50;
	08B8 : 89;
	08B9 : 9A;
	08BA : 11;
	08BB : 20;
	08BC : AC;
	08BD : 01;
	08BE : 88;
	08BF : 19;
	08C0 : 03;
	08C1 : 0E;
	08C2 : 91;
	08C3 : 33;
	08C4 : 34;
	08C5 : 9E;
	08C6 : B0;
	08C7 : 21;
	08C8 : 9D;
	08C9 : 86;
	08CA : 38;
	08CB : CA;
	08CC : 01;
	08CD : 23;
	08CE : 0B;
	08CF : A9;
	08D0 : B0;
	08D1 : 12;
	08D2 : 74;
	08D3 : 99;
	08D4 : 89;
	08D5 : 34;
	08D6 : AC;
	08D7 : C9;
	08D8 : 63;
	08D9 : 0C;
	08DA : 91;
	08DB : 10;
	08DC : 81;
	08DD : BD;
	08DE : 83;
	08DF : 30;
	08E0 : 10;
	08E1 : 88;
	08E2 : DB;
	08E3 : 84;
	08E4 : 30;
	08E5 : C8;
	08E6 : 25;
	08E7 : 9B;
	08E8 : 21;
	08E9 : DF;
	08EA : 04;
	08EB : 8A;
	08EC : 83;
	08ED : 49;
	08EE : BA;
	08EF : 90;
	08F0 : 14;
	08F1 : 39;
	08F2 : EA;
	08F3 : 11;
	08F4 : 19;
	08F5 : 91;
	08F6 : 19;
	08F7 : E8;
	08F8 : 36;
	08F9 : 0B;
	08FA : B0;
	08FB : 40;
	08FC : 89;
	08FD : 80;
	08FE : 01;
	08FF : A8;
	0900 : 7F;
	0901 : 08;
	0902 : A2;
	0903 : 59;
	0904 : E9;
	0905 : 11;
	0906 : 10;
	0907 : BB;
	0908 : 63;
	0909 : 9C;
	090A : 01;
	090B : 10;
	090C : 81;
	090D : 29;
	090E : CB;
	090F : A3;
	0910 : 77;
	0911 : 0A;
	0912 : BC;
	0913 : 82;
	0914 : 42;
	0915 : 09;
	0916 : 98;
	0917 : 08;
	0918 : 89;
	0919 : 90;
	091A : 24;
	091B : 29;
	091C : CB;
	091D : A3;
	091E : 58;
	091F : 90;
	0920 : 38;
	0921 : 9B;
	0922 : B8;
	0923 : 25;
	0924 : 19;
	0925 : DA;
	0926 : 14;
	0927 : 0C;
	0928 : F8;
	0929 : 13;
	092A : 18;
	092B : 80;
	092C : 0A;
	092D : B1;
	092E : 44;
	092F : 9E;
	0930 : B9;
	0931 : 13;
	0932 : 33;
	0933 : 0A;
	0934 : E9;
	0935 : 00;
	0936 : 33;
	0937 : 08;
	0938 : 18;
	0939 : CC;
	093A : 83;
	093B : 71;
	093C : 9B;
	093D : 04;
	093E : 0E;
	093F : A4;
	0940 : 48;
	0941 : CA;
	0942 : 13;
	0943 : 1A;
	0944 : B1;
	0945 : 40;
	0946 : AA;
	0947 : 85;
	0948 : 0A;
	0949 : 11;
	094A : 9E;
	094B : A1;
	094C : 61;
	094D : 99;
	094E : 98;
	094F : 02;
	0950 : 28;
	0951 : AC;
	0952 : 93;
	0953 : 11;
	0954 : 88;
	0955 : BB;
	0956 : 15;
	0957 : 10;
	0958 : 53;
	0959 : CE;
	095A : 98;
	095B : 98;
	095C : 43;
	095D : 11;
	095E : 9D;
	095F : 94;
	0960 : 28;
	0961 : 9B;
	0962 : 83;
	0963 : 9B;
	0964 : 91;
	0965 : 8D;
	0966 : B3;
	0967 : 78;
	0968 : C0;
	0969 : 32;
	096A : 9A;
	096B : A8;
	096C : 02;
	096D : 32;
	096E : 99;
	096F : 81;
	0970 : 1A;
	0971 : 95;
	0972 : 70;
	0973 : BA;
	0974 : 13;
	0975 : BF;
	0976 : A2;
	0977 : 23;
	0978 : 8A;
	0979 : 90;
	097A : 51;
	097B : 9B;
	097C : A0;
	097D : 42;
	097E : 9F;
	097F : B0;
	0980 : 6B;
	0981 : 08;
	0982 : 14;
	0983 : 29;
	0984 : C9;
	0985 : 12;
	0986 : 38;
	0987 : A9;
	0988 : 35;
	0989 : 09;
	098A : 11;
	098B : 1A;
	098C : DA;
	098D : 98;
	098E : 83;
	098F : 53;
	0990 : 0E;
	0991 : C0;
	0992 : 11;
	0993 : 08;
	0994 : 89;
	0995 : 01;
	0996 : 9B;
	0997 : 27;
	0998 : 38;
	0999 : 89;
	099A : E8;
	099B : 31;
	099C : EA;
	099D : 00;
	099E : 12;
	099F : 33;
	09A0 : AF;
	09A1 : C1;
	09A2 : 32;
	09A3 : AC;
	09A4 : 98;
	09A5 : 15;
	09A6 : 29;
	09A7 : A9;
	09A8 : 12;
	09A9 : 99;
	09AA : AD;
	09AB : A4;
	09AC : 40;
	09AD : 90;
	09AE : BD;
	09AF : 02;
	09B0 : 10;
	09B1 : 29;
	09B2 : D9;
	09B3 : 25;
	09B4 : 18;
	09B5 : 91;
	09B6 : 19;
	09B7 : 90;
	09B8 : 21;
	09B9 : 0D;
	09BA : 93;
	09BB : 41;
	09BC : DB;
	09BD : 88;
	09BE : 91;
	09BF : 32;
	09C0 : 90;
	09C1 : 29;
	09C2 : CB;
	09C3 : 74;
	09C4 : 9D;
	09C5 : B1;
	09C6 : 20;
	09C7 : 21;
	09C8 : 9B;
	09C9 : 81;
	09CA : 08;
	09CB : 22;
	09CC : 9D;
	09CD : 03;
	09CE : 29;
	09CF : 91;
	09D0 : 0B;
	09D1 : B3;
	09D2 : 4A;
	09D3 : B8;
	09D4 : 10;
	09D5 : 81;
	09D6 : 10;
	09D7 : 00;
	09D8 : 89;
	09D9 : 81;
	09DA : 48;
	09DB : 98;
	09DC : 00;
	09DD : 88;
	09DE : 80;
	09DF : 80;
	09E0 : 80;
	09E1 : 98;
	09E2 : 88;
	09E3 : 08;
	09E4 : 08;
	09E5 : 08;
	09E6 : 08;
	09E7 : 08;
	09E8 : 08;
	09E9 : 08;
	09EA : 08;
	09EB : 08;
	09EC : 00;
	09ED : 00;
	09EE : 00;
	09EF : 00;
	09F0 : 7F;
	09F1 : 00;
	09F2 : 80;
	09F3 : 80;
	09F4 : 80;
	09F5 : 80;
	09F6 : 80;
	09F7 : 80;
	09F8 : 80;
	09F9 : 80;
	09FA : 80;
	09FB : 80;
	09FC : 80;
	09FD : 80;
	09FE : 80;
	09FF : 80;
	0A00 : 80;
	0A01 : 8A;
	0A02 : BF;
	0A03 : FF;
	0A04 : B1;
	0A05 : 20;
	0A06 : 77;
	0A07 : 0E;
	0A08 : 04;
	0A09 : 09;
	0A0A : 8D;
	0A0B : 91;
	0A0C : 02;
	0A0D : 4B;
	0A0E : C3;
	0A0F : 23;
	0A10 : AA;
	0A11 : CA;
	0A12 : 08;
	0A13 : 37;
	0A14 : 09;
	0A15 : 8A;
	0A16 : 00;
	0A17 : 2B;
	0A18 : 28;
	0A19 : 40;
	0A1A : D0;
	0A1B : F3;
	0A1C : B6;
	0A1D : 0C;
	0A1E : 18;
	0A1F : A4;
	0A20 : 3B;
	0A21 : 99;
	0A22 : 3E;
	0A23 : 01;
	0A24 : 13;
	0A25 : C2;
	0A26 : D8;
	0A27 : 48;
	0A28 : 9A;
	0A29 : 29;
	0A2A : 48;
	0A2B : A7;
	0A2C : 9A;
	0A2D : A0;
	0A2E : 01;
	0A2F : 68;
	0A30 : AB;
	0A31 : 21;
	0A32 : 85;
	0A33 : AB;
	0A34 : 05;
	0A35 : 89;
	0A36 : 91;
	0A37 : 2F;
	0A38 : 81;
	0A39 : 12;
	0A3A : 0A;
	0A3B : C9;
	0A3C : 34;
	0A3D : 0B;
	0A3E : 8A;
	0A3F : 06;
	0A40 : 10;
	0A41 : E9;
	0A42 : 00;
	0A43 : 15;
	0A44 : 8B;
	0A45 : 91;
	0A46 : 11;
	0A47 : 1F;
	0A48 : 80;
	0A49 : 03;
	0A4A : 09;
	0A4B : 39;
	0A4C : F0;
	0A4D : 22;
	0A4E : AC;
	0A4F : 91;
	0A50 : 82;
	0A51 : 40;
	0A52 : E0;
	0A53 : 00;
	0A54 : 58;
	0A55 : B8;
	0A56 : 49;
	0A57 : B4;
	0A58 : BA;
	0A59 : 51;
	0A5A : 91;
	0A5B : 9B;
	0A5C : B3;
	0A5D : 28;
	0A5E : A8;
	0A5F : 71;
	0A60 : 9B;
	0A61 : B2;
	0A62 : 96;
	0A63 : 38;
	0A64 : D9;
	0A65 : 00;
	0A66 : 22;
	0A67 : A8;
	0A68 : 49;
	0A69 : AC;
	0A6A : 29;
	0A6B : 78;
	0A6C : C0;
	0A6D : 10;
	0A6E : 13;
	0A6F : BC;
	0A70 : 7F;
	0A71 : 91;
	0A72 : 82;
	0A73 : 60;
	0A74 : B9;
	0A75 : 80;
	0A76 : 04;
	0A77 : 1D;
	0A78 : A0;
	0A79 : 03;
	0A7A : 4A;
	0A7B : 2B;
	0A7C : E9;
	0A7D : 24;
	0A7E : 89;
	0A7F : A9;
	0A80 : 52;
	0A81 : 9B;
	0A82 : A4;
	0A83 : 0C;
	0A84 : 33;
	0A85 : CB;
	0A86 : 24;
	0A87 : 00;
	0A88 : A9;
	0A89 : 9A;
	0A8A : 70;
	0A8B : A0;
	0A8C : 8C;
	0A8D : 16;
	0A8E : 8B;
	0A8F : 90;
	0A90 : 02;
	0A91 : 22;
	0A92 : 8F;
	0A93 : 93;
	0A94 : 8A;
	0A95 : 20;
	0A96 : 0C;
	0A97 : 78;
	0A98 : A0;
	0A99 : 89;
	0A9A : B4;
	0A9B : 84;
	0A9C : A3;
	0A9D : 8D;
	0A9E : 01;
	0A9F : AB;
	0AA0 : 40;
	0AA1 : 3A;
	0AA2 : 21;
	0AA3 : E9;
	0AA4 : 02;
	0AA5 : C5;
	0AA6 : 19;
	0AA7 : 0C;
	0AA8 : A1;
	0AA9 : 14;
	0AAA : 1A;
	0AAB : 1D;
	0AAC : A2;
	0AAD : 32;
	0AAE : DA;
	0AAF : 01;
	0AB0 : 33;
	0AB1 : A9;
	0AB2 : CB;
	0AB3 : 23;
	0AB4 : 69;
	0AB5 : 8A;
	0AB6 : C1;
	0AB7 : 12;
	0AB8 : 80;
	0AB9 : 9C;
	0ABA : 71;
	0ABB : 98;
	0ABC : C9;
	0ABD : 11;
	0ABE : 31;
	0ABF : C8;
	0AC0 : 2D;
	0AC1 : 04;
	0AC2 : A1;
	0AC3 : 3B;
	0AC4 : 80;
	0AC5 : F0;
	0AC6 : 10;
	0AC7 : 13;
	0AC8 : A9;
	0AC9 : 0A;
	0ACA : BA;
	0ACB : 62;
	0ACC : 28;
	0ACD : 8E;
	0ACE : A1;
	0ACF : 03;
	0AD0 : 48;
	0AD1 : 9D;
	0AD2 : A2;
	0AD3 : 41;
	0AD4 : 88;
	0AD5 : BD;
	0AD6 : 23;
	0AD7 : 09;
	0AD8 : 9D;
	0AD9 : 83;
	0ADA : 40;
	0ADB : 98;
	0ADC : BD;
	0ADD : 11;
	0ADE : 41;
	0ADF : 99;
	0AE0 : C1;
	0AE1 : 40;
	0AE2 : 89;
	0AE3 : E8;
	0AE4 : 32;
	0AE5 : 19;
	0AE6 : 8B;
	0AE7 : B0;
	0AE8 : 2A;
	0AE9 : 36;
	0AEA : 18;
	0AEB : D2;
	0AEC : 8E;
	0AED : 01;
	0AEE : 20;
	0AEF : A8;
	0AF0 : 7F;
	0AF1 : A8;
	0AF2 : 71;
	0AF3 : 9A;
	0AF4 : A1;
	0AF5 : 20;
	0AF6 : 21;
	0AF7 : FA;
	0AF8 : 40;
	0AF9 : B3;
	0AFA : 1B;
	0AFB : 5A;
	0AFC : B0;
	0AFD : 4B;
	0AFE : A4;
	0AFF : 02;
	0B00 : 08;
	0B01 : C8;
	0B02 : 1E;
	0B03 : 13;
	0B04 : 09;
	0B05 : 02;
	0B06 : A1;
	0B07 : C1;
	0B08 : 9C;
	0B09 : 00;
	0B0A : 07;
	0B0B : 2A;
	0B0C : A1;
	0B0D : AC;
	0B0E : 69;
	0B0F : 84;
	0B10 : 8B;
	0B11 : 83;
	0B12 : 8A;
	0B13 : 4D;
	0B14 : 80;
	0B15 : 21;
	0B16 : 01;
	0B17 : B8;
	0B18 : BC;
	0B19 : 22;
	0B1A : 61;
	0B1B : 99;
	0B1C : E0;
	0B1D : 11;
	0B1E : B8;
	0B1F : 23;
	0B20 : 39;
	0B21 : 9F;
	0B22 : 81;
	0B23 : A3;
	0B24 : 2B;
	0B25 : 38;
	0B26 : 95;
	0B27 : 9C;
	0B28 : B0;
	0B29 : 14;
	0B2A : 38;
	0B2B : E9;
	0B2C : 22;
	0B2D : 91;
	0B2E : 1F;
	0B2F : 80;
	0B30 : 12;
	0B31 : 8B;
	0B32 : 18;
	0B33 : 03;
	0B34 : A0;
	0B35 : C9;
	0B36 : A3;
	0B37 : 78;
	0B38 : A2;
	0B39 : 2E;
	0B3A : 94;
	0B3B : 1B;
	0B3C : B0;
	0B3D : 33;
	0B3E : 28;
	0B3F : DB;
	0B40 : 00;
	0B41 : 36;
	0B42 : 8E;
	0B43 : 80;
	0B44 : 13;
	0B45 : 1A;
	0B46 : 9D;
	0B47 : 82;
	0B48 : 40;
	0B49 : AA;
	0B4A : A0;
	0B4B : 36;
	0B4C : 98;
	0B4D : C9;
	0B4E : 22;
	0B4F : 4A;
	0B50 : 90;
	0B51 : B9;
	0B52 : 61;
	0B53 : 99;
	0B54 : 1B;
	0B55 : B5;
	0B56 : 39;
	0B57 : C8;
	0B58 : 86;
	0B59 : 0B;
	0B5A : 01;
	0B5B : 82;
	0B5C : 1E;
	0B5D : 90;
	0B5E : 39;
	0B5F : 02;
	0B60 : C0;
	0B61 : 0B;
	0B62 : 05;
	0B63 : 30;
	0B64 : D8;
	0B65 : A8;
	0B66 : 25;
	0B67 : 08;
	0B68 : BD;
	0B69 : 32;
	0B6A : A0;
	0B6B : 90;
	0B6C : 81;
	0B6D : 19;
	0B6E : 5A;
	0B6F : 0C;
	0B70 : 7F;
	0B71 : B2;
	0B72 : 71;
	0B73 : 9C;
	0B74 : A3;
	0B75 : 33;
	0B76 : C9;
	0B77 : AA;
	0B78 : 33;
	0B79 : 02;
	0B7A : 8F;
	0B7B : 84;
	0B7C : 99;
	0B7D : 12;
	0B7E : DA;
	0B7F : 33;
	0B80 : 8B;
	0B81 : 08;
	0B82 : B4;
	0B83 : 22;
	0B84 : BB;
	0B85 : AB;
	0B86 : 74;
	0B87 : 8A;
	0B88 : 90;
	0B89 : 20;
	0B8A : 1B;
	0B8B : F8;
	0B8C : 40;
	0B8D : 00;
	0B8E : BA;
	0B8F : 3B;
	0B90 : 16;
	0B91 : AA;
	0B92 : 83;
	0B93 : 78;
	0B94 : 0A;
	0B95 : D8;
	0B96 : 10;
	0B97 : 50;
	0B98 : 99;
	0B99 : 98;
	0B9A : 84;
	0B9B : 1B;
	0B9C : 80;
	0B9D : 93;
	0B9E : 0C;
	0B9F : 81;
	0BA0 : 49;
	0BA1 : A0;
	0BA2 : 2A;
	0BA3 : 2C;
	0BA4 : A3;
	0BA5 : 87;
	0BA6 : 0A;
	0BA7 : 3A;
	0BA8 : C8;
	0BA9 : A0;
	0BAA : 73;
	0BAB : 89;
	0BAC : C9;
	0BAD : 89;
	0BAE : 51;
	0BAF : 08;
	0BB0 : A0;
	0BB1 : 81;
	0BB2 : 89;
	0BB3 : E2;
	0BB4 : 5B;
	0BB5 : 13;
	0BB6 : E8;
	0BB7 : 00;
	0BB8 : 04;
	0BB9 : 8B;
	0BBA : A8;
	0BBB : 14;
	0BBC : 5B;
	0BBD : A1;
	0BBE : A8;
	0BBF : 60;
	0BC0 : A8;
	0BC1 : 1C;
	0BC2 : 13;
	0BC3 : 8A;
	0BC4 : 88;
	0BC5 : 06;
	0BC6 : 99;
	0BC7 : 01;
	0BC8 : 9E;
	0BC9 : 11;
	0BCA : 08;
	0BCB : 12;
	0BCC : 09;
	0BCD : E9;
	0BCE : 21;
	0BCF : 80;
	0BD0 : 01;
	0BD1 : 0A;
	0BD2 : D8;
	0BD3 : 15;
	0BD4 : 19;
	0BD5 : 9C;
	0BD6 : A2;
	0BD7 : 68;
	0BD8 : 09;
	0BD9 : A9;
	0BDA : 13;
	0BDB : 04;
	0BDC : AD;
	0BDD : 01;
	0BDE : 80;
	0BDF : 48;
	0BE0 : F8;
	0BE1 : 40;
	0BE2 : 89;
	0BE3 : 8C;
	0BE4 : 13;
	0BE5 : 80;
	0BE6 : 88;
	0BE7 : 8B;
	0BE8 : 85;
	0BE9 : 3A;
	0BEA : F1;
	0BEB : 2A;
	0BEC : 03;
	0BED : 09;
	0BEE : 9F;
	0BEF : 04;
	0BF0 : 7F;
	0BF1 : 08;
	0BF2 : AA;
	0BF3 : 13;
	0BF4 : 20;
	0BF5 : DA;
	0BF6 : 89;
	0BF7 : 54;
	0BF8 : 98;
	0BF9 : AB;
	0BFA : 01;
	0BFB : 34;
	0BFC : 9B;
	0BFD : 82;
	0BFE : 88;
	0BFF : 0B;
	0C00 : E5;
	0C01 : 28;
	0C02 : 8A;
	0C03 : 9A;
	0C04 : 23;
	0C05 : B7;
	0C06 : 1D;
	0C07 : 90;
	0C08 : 38;
	0C09 : 3A;
	0C0A : E0;
	0C0B : 01;
	0C0C : 38;
	0C0D : AB;
	0C0E : A0;
	0C0F : 73;
	0C10 : 9B;
	0C11 : B8;
	0C12 : 96;
	0C13 : 49;
	0C14 : A0;
	0C15 : 8A;
	0C16 : 04;
	0C17 : 8A;
	0C18 : 2A;
	0C19 : 92;
	0C1A : 33;
	0C1B : AF;
	0C1C : A1;
	0C1D : 12;
	0C1E : 28;
	0C1F : C9;
	0C20 : 28;
	0C21 : A1;
	0C22 : 79;
	0C23 : C1;
	0C24 : 21;
	0C25 : A0;
	0C26 : 8F;
	0C27 : 04;
	0C28 : 09;
	0C29 : 09;
	0C2A : A0;
	0C2B : 22;
	0C2C : 99;
	0C2D : 08;
	0C2E : 13;
	0C2F : B8;
	0C30 : CF;
	0C31 : 43;
	0C32 : B8;
	0C33 : 18;
	0C34 : 80;
	0C35 : D8;
	0C36 : 32;
	0C37 : 3C;
	0C38 : 99;
	0C39 : A6;
	0C3A : 09;
	0C3B : 99;
	0C3C : 24;
	0C3D : 29;
	0C3E : F9;
	0C3F : 11;
	0C40 : 20;
	0C41 : B8;
	0C42 : 99;
	0C43 : 41;
	0C44 : 0E;
	0C45 : 00;
	0C46 : 03;
	0C47 : 3C;
	0C48 : B9;
	0C49 : 91;
	0C4A : 68;
	0C4B : 11;
	0C4C : D8;
	0C4D : 38;
	0C4E : D9;
	0C4F : 38;
	0C50 : 40;
	0C51 : B2;
	0C52 : B0;
	0C53 : 0B;
	0C54 : 26;
	0C55 : 0E;
	0C56 : 02;
	0C57 : 8B;
	0C58 : 10;
	0C59 : 02;
	0C5A : 9B;
	0C5B : 87;
	0C5C : 2D;
	0C5D : 0A;
	0C5E : 04;
	0C5F : 99;
	0C60 : 28;
	0C61 : 93;
	0C62 : AB;
	0C63 : 31;
	0C64 : 1C;
	0C65 : 83;
	0C66 : A1;
	0C67 : 0A;
	0C68 : F3;
	0C69 : 31;
	0C6A : BE;
	0C6B : 18;
	0C6C : 05;
	0C6D : 8B;
	0C6E : 92;
	0C6F : 18;
	0C70 : 7F;
	0C71 : 5B;
	0C72 : C3;
	0C73 : 2A;
	0C74 : D1;
	0C75 : 11;
	0C76 : 19;
	0C77 : 90;
	0C78 : 8E;
	0C79 : 11;
	0C7A : 06;
	0C7B : 99;
	0C7C : 88;
	0C7D : 08;
	0C7E : 88;
	0C7F : F1;
	0C80 : 60;
	0C81 : 9A;
	0C82 : A8;
	0C83 : 33;
	0C84 : 11;
	0C85 : BF;
	0C86 : 02;
	0C87 : 93;
	0C88 : 0F;
	0C89 : 02;
	0C8A : 09;
	0C8B : 11;
	0C8C : DA;
	0C8D : 12;
	0C8E : 20;
	0C8F : AB;
	0C90 : A1;
	0C91 : 74;
	0C92 : AC;
	0C93 : 00;
	0C94 : 18;
	0C95 : 1B;
	0C96 : A4;
	0C97 : 18;
	0C98 : 38;
	0C99 : D0;
	0C9A : 89;
	0C9B : 22;
	0C9C : C2;
	0C9D : 09;
	0C9E : 81;
	0C9F : 8E;
	0CA0 : 80;
	0CA1 : 85;
	0CA2 : 39;
	0CA3 : D8;
	0CA4 : 12;
	0CA5 : C8;
	0CA6 : 3B;
	0CA7 : 26;
	0CA8 : 8B;
	0CA9 : 80;
	0CAA : 98;
	0CAB : 58;
	0CAC : A8;
	0CAD : 22;
	0CAE : C9;
	0CAF : 59;
	0CB0 : C3;
	0CB1 : 29;
	0CB2 : 9B;
	0CB3 : 00;
	0CB4 : 27;
	0CB5 : 8D;
	0CB6 : 81;
	0CB7 : 20;
	0CB8 : 82;
	0CB9 : DA;
	0CBA : 38;
	0CBB : B3;
	0CBC : 48;
	0CBD : D0;
	0CBE : 28;
	0CBF : 88;
	0CC0 : 8A;
	0CC1 : 13;
	0CC2 : 2A;
	0CC3 : 91;
	0CC4 : D0;
	0CC5 : 00;
	0CC6 : 2B;
	0CC7 : 11;
	0CC8 : 37;
	0CC9 : 0D;
	0CCA : E0;
	0CCB : 21;
	0CCC : 88;
	0CCD : 88;
	0CCE : 01;
	0CCF : 4A;
	0CD0 : E0;
	0CD1 : 81;
	0CD2 : 18;
	0CD3 : 02;
	0CD4 : AB;
	0CD5 : 42;
	0CD6 : 8D;
	0CD7 : 81;
	0CD8 : 82;
	0CD9 : 20;
	0CDA : F8;
	0CDB : 00;
	0CDC : 60;
	0CDD : D8;
	0CDE : 88;
	0CDF : 42;
	0CE0 : 9B;
	0CE1 : A0;
	0CE2 : 21;
	0CE3 : 38;
	0CE4 : B9;
	0CE5 : E8;
	0CE6 : 61;
	0CE7 : 99;
	0CE8 : 81;
	0CE9 : 8B;
	0CEA : 51;
	0CEB : B8;
	0CEC : 9A;
	0CED : 36;
	0CEE : 88;
	0CEF : 9A;
	0CF0 : 7F;
	0CF1 : 18;
	0CF2 : 28;
	0CF3 : 20;
	0CF4 : B5;
	0CF5 : 0A;
	0CF6 : 8A;
	0CF7 : 9F;
	0CF8 : 83;
	0CF9 : 51;
	0CFA : 88;
	0CFB : B0;
	0CFC : BC;
	0CFD : A7;
	0CFE : 28;
	0CFF : 18;
	0D00 : D8;
	0D01 : 18;
	0D02 : 08;
	0D03 : 28;
	0D04 : 04;
	0D05 : B9;
	0D06 : 1B;
	0D07 : B1;
	0D08 : 73;
	0D09 : D8;
	0D0A : 08;
	0D0B : 39;
	0D0C : 98;
	0D0D : 02;
	0D0E : 18;
	0D0F : EC;
	0D10 : 31;
	0D11 : 13;
	0D12 : BA;
	0D13 : 2A;
	0D14 : 12;
	0D15 : D9;
	0D16 : 23;
	0D17 : 69;
	0D18 : 9B;
	0D19 : F1;
	0D1A : 31;
	0D1B : A9;
	0D1C : 80;
	0D1D : 38;
	0D1E : A0;
	0D1F : 8A;
	0D20 : A3;
	0D21 : 43;
	0D22 : 1B;
	0D23 : F8;
	0D24 : 30;
	0D25 : 20;
	0D26 : EC;
	0D27 : 27;
	0D28 : 9A;
	0D29 : 89;
	0D2A : 05;
	0D2B : 2B;
	0D2C : B1;
	0D2D : 80;
	0D2E : 10;
	0D2F : D3;
	0D30 : 3B;
	0D31 : 00;
	0D32 : 91;
	0D33 : 5E;
	0D34 : A3;
	0D35 : 22;
	0D36 : 0D;
	0D37 : A1;
	0D38 : 30;
	0D39 : 9B;
	0D3A : B0;
	0D3B : 44;
	0D3C : 88;
	0D3D : A8;
	0D3E : 0C;
	0D3F : 94;
	0D40 : 00;
	0D41 : A1;
	0D42 : 5A;
	0D43 : BD;
	0D44 : 62;
	0D45 : B8;
	0D46 : 18;
	0D47 : 02;
	0D48 : AB;
	0D49 : 00;
	0D4A : 90;
	0D4B : 72;
	0D4C : CA;
	0D4D : 91;
	0D4E : 31;
	0D4F : 21;
	0D50 : F9;
	0D51 : 10;
	0D52 : 28;
	0D53 : 8F;
	0D54 : 02;
	0D55 : 11;
	0D56 : 0A;
	0D57 : CB;
	0D58 : 86;
	0D59 : 11;
	0D5A : 0B;
	0D5B : D0;
	0D5C : 48;
	0D5D : A1;
	0D5E : 19;
	0D5F : 23;
	0D60 : E9;
	0D61 : 81;
	0D62 : 00;
	0D63 : 49;
	0D64 : B2;
	0D65 : 1E;
	0D66 : 19;
	0D67 : 81;
	0D68 : 09;
	0D69 : 44;
	0D6A : CC;
	0D6B : 18;
	0D6C : 16;
	0D6D : 0B;
	0D6E : 88;
	0D6F : A2;
	0D70 : 7F;
	0D71 : 21;
	0D72 : 91;
	0D73 : 8B;
	0D74 : 18;
	0D75 : 1A;
	0D76 : F2;
	0D77 : 28;
	0D78 : 09;
	0D79 : 80;
	0D7A : 81;
	0D7B : B8;
	0D7C : 71;
	0D7D : C9;
	0D7E : 11;
	0D7F : AB;
	0D80 : 11;
	0D81 : 70;
	0D82 : 90;
	0D83 : 00;
	0D84 : 8C;
	0D85 : D2;
	0D86 : 21;
	0D87 : 88;
	0D88 : 8C;
	0D89 : 08;
	0D8A : 11;
	0D8B : 28;
	0D8C : 01;
	0D8D : F3;
	0D8E : 81;
	0D8F : 0E;
	0D90 : A0;
	0D91 : 23;
	0D92 : 01;
	0D93 : 3B;
	0D94 : E9;
	0D95 : 19;
	0D96 : 14;
	0D97 : B1;
	0D98 : 9D;
	0D99 : 46;
	0D9A : 9C;
	0D9B : 0B;
	0D9C : 06;
	0D9D : 00;
	0D9E : 88;
	0D9F : 88;
	0DA0 : 0B;
	0DA1 : 81;
	0DA2 : 06;
	0DA3 : 8A;
	0DA4 : 10;
	0DA5 : 89;
	0DA6 : 11;
	0DA7 : 9F;
	0DA8 : 99;
	0DA9 : 43;
	0DAA : 81;
	0DAB : D9;
	0DAC : 11;
	0DAD : 82;
	0DAE : 3D;
	0DAF : 9A;
	0DB0 : 22;
	0DB1 : 82;
	0DB2 : 0B;
	0DB3 : F0;
	0DB4 : 01;
	0DB5 : 3B;
	0DB6 : 20;
	0DB7 : F1;
	0DB8 : 59;
	0DB9 : A1;
	0DBA : B0;
	0DBB : 33;
	0DBC : 9A;
	0DBD : 0D;
	0DBE : 95;
	0DBF : 38;
	0DC0 : AA;
	0DC1 : C1;
	0DC2 : 58;
	0DC3 : 81;
	0DC4 : 8D;
	0DC5 : 04;
	0DC6 : A9;
	0DC7 : 91;
	0DC8 : 12;
	0DC9 : 6A;
	0DCA : A9;
	0DCB : B0;
	0DCC : 44;
	0DCD : 2B;
	0DCE : C9;
	0DCF : 01;
	0DD0 : 21;
	0DD1 : 9B;
	0DD2 : C0;
	0DD3 : 72;
	0DD4 : 99;
	0DD5 : E9;
	0DD6 : 44;
	0DD7 : 98;
	0DD8 : 99;
	0DD9 : 81;
	0DDA : 20;
	0DDB : 99;
	0DDC : A2;
	0DDD : 41;
	0DDE : AC;
	0DDF : B8;
	0DE0 : 44;
	0DE1 : 10;
	0DE2 : BA;
	0DE3 : 99;
	0DE4 : 29;
	0DE5 : 22;
	0DE6 : 92;
	0DE7 : 28;
	0DE8 : 8D;
	0DE9 : E0;
	0DEA : 39;
	0DEB : 23;
	0DEC : 8B;
	0DED : 29;
	0DEE : E0;
	0DEF : 99;
	0DF0 : 7F;
	0DF1 : 70;
	0DF2 : B0;
	0DF3 : 11;
	0DF4 : 1A;
	0DF5 : C8;
	0DF6 : 68;
	0DF7 : 99;
	0DF8 : 04;
	0DF9 : 98;
	0DFA : 03;
	0DFB : C0;
	0DFC : B9;
	0DFD : 2A;
	0DFE : 86;
	0DFF : 21;
	0E00 : 3C;
	0E01 : A8;
	0E02 : 9A;
	0E03 : 02;
	0E04 : 9F;
	0E05 : 42;
	0E06 : 81;
	0E07 : 1B;
	0E08 : FA;
	0E09 : 23;
	0E0A : 02;
	0E0B : 1A;
	0E0C : F8;
	0E0D : 81;
	0E0E : 41;
	0E0F : 8B;
	0E10 : C8;
	0E11 : 69;
	0E12 : 82;
	0E13 : B2;
	0E14 : 1B;
	0E15 : A1;
	0E16 : 81;
	0E17 : 4A;
	0E18 : 13;
	0E19 : C9;
	0E1A : C2;
	0E1B : 39;
	0E1C : 5C;
	0E1D : A2;
	0E1E : 33;
	0E1F : 99;
	0E20 : DB;
	0E21 : 93;
	0E22 : 78;
	0E23 : 89;
	0E24 : 88;
	0E25 : 23;
	0E26 : AC;
	0E27 : 90;
	0E28 : 06;
	0E29 : 10;
	0E2A : AB;
	0E2B : 0A;
	0E2C : B7;
	0E2D : 19;
	0E2E : 88;
	0E2F : 29;
	0E30 : 30;
	0E31 : FA;
	0E32 : 31;
	0E33 : 92;
	0E34 : 0D;
	0E35 : 83;
	0E36 : 91;
	0E37 : 7C;
	0E38 : A0;
	0E39 : 34;
	0E3A : 98;
	0E3B : B8;
	0E3C : 18;
	0E3D : 20;
	0E3E : CA;
	0E3F : 03;
	0E40 : 20;
	0E41 : 8F;
	0E42 : 91;
	0E43 : 11;
	0E44 : 22;
	0E45 : 0F;
	0E46 : 93;
	0E47 : 09;
	0E48 : 9A;
	0E49 : 29;
	0E4A : 55;
	0E4B : 8B;
	0E4C : A8;
	0E4D : A4;
	0E4E : 2B;
	0E4F : 81;
	0E50 : 1B;
	0E51 : 38;
	0E52 : 33;
	0E53 : FD;
	0E54 : 09;
	0E55 : 42;
	0E56 : BA;
	0E57 : 3A;
	0E58 : A7;
	0E59 : 00;
	0E5A : AB;
	0E5B : 11;
	0E5C : 78;
	0E5D : A9;
	0E5E : A3;
	0E5F : 22;
	0E60 : BB;
	0E61 : 59;
	0E62 : 19;
	0E63 : 82;
	0E64 : 10;
	0E65 : FB;
	0E66 : 16;
	0E67 : 49;
	0E68 : BB;
	0E69 : 25;
	0E6A : 80;
	0E6B : 0B;
	0E6C : A1;
	0E6D : 05;
	0E6E : 18;
	0E6F : AA;
	0E70 : 7F;
	0E71 : 9B;
	0E72 : 21;
	0E73 : 03;
	0E74 : A9;
	0E75 : 92;
	0E76 : C3;
	0E77 : 8A;
	0E78 : 9F;
	0E79 : 52;
	0E7A : D9;
	0E7B : 81;
	0E7C : 23;
	0E7D : AF;
	0E7E : 12;
	0E7F : 08;
	0E80 : 1B;
	0E81 : D0;
	0E82 : 22;
	0E83 : 01;
	0E84 : 8D;
	0E85 : A8;
	0E86 : 15;
	0E87 : 08;
	0E88 : 1B;
	0E89 : 91;
	0E8A : 59;
	0E8B : 00;
	0E8C : AA;
	0E8D : 17;
	0E8E : 08;
	0E8F : 80;
	0E90 : BC;
	0E91 : 40;
	0E92 : 81;
	0E93 : 0B;
	0E94 : D2;
	0E95 : 11;
	0E96 : 91;
	0E97 : 0D;
	0E98 : 29;
	0E99 : 3E;
	0E9A : 82;
	0E9B : 83;
	0E9C : 1C;
	0E9D : A0;
	0E9E : 00;
	0E9F : 41;
	0EA0 : E9;
	0EA1 : 22;
	0EA2 : 00;
	0EA3 : AE;
	0EA4 : 99;
	0EA5 : 53;
	0EA6 : 08;
	0EA7 : BA;
	0EA8 : B2;
	0EA9 : 59;
	0EAA : 08;
	0EAB : 95;
	0EAC : 0A;
	0EAD : 1A;
	0EAE : 82;
	0EAF : BE;
	0EB0 : 14;
	0EB1 : 20;
	0EB2 : 99;
	0EB3 : 01;
	0EB4 : C1;
	0EB5 : 88;
	0EB6 : 2E;
	0EB7 : 9A;
	0EB8 : 61;
	0EB9 : 82;
	0EBA : 2A;
	0EBB : FA;
	0EBC : 11;
	0EBD : 38;
	0EBE : A9;
	0EBF : 04;
	0EC0 : 89;
	0EC1 : BB;
	0EC2 : 36;
	0EC3 : 0B;
	0EC4 : CB;
	0EC5 : 24;
	0EC6 : 27;
	0EC7 : 3C;
	0EC8 : E3;
	0EC9 : 39;
	0ECA : 8B;
	0ECB : E0;
	0ECC : 81;
	0ECD : 40;
	0ECE : C0;
	0ECF : 22;
	0ED0 : 09;
	0ED1 : BC;
	0ED2 : 80;
	0ED3 : 14;
	0ED4 : 5A;
	0ED5 : 99;
	0ED6 : 90;
	0ED7 : 11;
	0ED8 : 08;
	0ED9 : 86;
	0EDA : B0;
	0EDB : D0;
	0EDC : 19;
	0EDD : 79;
	0EDE : 80;
	0EDF : A8;
	0EE0 : 59;
	0EE1 : 88;
	0EE2 : 00;
	0EE3 : E2;
	0EE4 : 03;
	0EE5 : 98;
	0EE6 : AC;
	0EE7 : 42;
	0EE8 : 8B;
	0EE9 : 09;
	0EEA : 14;
	0EEB : C3;
	0EEC : 2C;
	0EED : A9;
	0EEE : 28;
	0EEF : 43;
	0EF0 : 7F;
	0EF1 : AE;
	0EF2 : 93;
	0EF3 : 94;
	0EF4 : 1C;
	0EF5 : 81;
	0EF6 : 1A;
	0EF7 : 01;
	0EF8 : 3D;
	0EF9 : C0;
	0EFA : 12;
	0EFB : 28;
	0EFC : DA;
	0EFD : 05;
	0EFE : 2A;
	0EFF : 99;
	0F00 : B5;
	0F01 : 11;
	0F02 : 9D;
	0F03 : 80;
	0F04 : 04;
	0F05 : 2B;
	0F06 : B1;
	0F07 : 10;
	0F08 : 4B;
	0F09 : F0;
	0F0A : 11;
	0F0B : 3B;
	0F0C : 21;
	0F0D : F8;
	0F0E : 12;
	0F0F : 89;
	0F10 : B8;
	0F11 : 08;
	0F12 : 44;
	0F13 : AB;
	0F14 : 19;
	0F15 : 44;
	0F16 : 9B;
	0F17 : 12;
	0F18 : E0;
	0F19 : 0A;
	0F1A : 14;
	0F1B : 09;
	0F1C : 89;
	0F1D : BA;
	0F1E : 51;
	0F1F : AA;
	0F20 : 52;
	0F21 : 8B;
	0F22 : D1;
	0F23 : 81;
	0F24 : 51;
	0F25 : AB;
	0F26 : 88;
	0F27 : 05;
	0F28 : 1B;
	0F29 : 12;
	0F2A : 8E;
	0F2B : 08;
	0F2C : 04;
	0F2D : C9;
	0F2E : 38;
	0F2F : 05;
	0F30 : 9B;
	0F31 : 98;
	0F32 : 18;
	0F33 : 43;
	0F34 : 9B;
	0F35 : 89;
	0F36 : 83;
	0F37 : 7A;
	0F38 : B8;
	0F39 : 01;
	0F3A : 41;
	0F3B : 80;
	0F3C : FB;
	0F3D : 05;
	0F3E : 18;
	0F3F : 9D;
	0F40 : 13;
	0F41 : 09;
	0F42 : B1;
	0F43 : 4B;
	0F44 : 95;
	0F45 : 8A;
	0F46 : 82;
	0F47 : 02;
	0F48 : 8A;
	0F49 : AC;
	0F4A : 37;
	0F4B : A0;
	0F4C : 0C;
	0F4D : 94;
	0F4E : 1A;
	0F4F : AA;
	0F50 : 40;
	0F51 : 12;
	0F52 : 3D;
	0F53 : B1;
	0F54 : 2C;
	0F55 : 01;
	0F56 : 18;
	0F57 : 15;
	0F58 : D1;
	0F59 : 98;
	0F5A : C1;
	0F5B : 04;
	0F5C : 0A;
	0F5D : 5B;
	0F5E : 88;
	0F5F : 0B;
	0F60 : 14;
	0F61 : 19;
	0F62 : A5;
	0F63 : B8;
	0F64 : 03;
	0F65 : B8;
	0F66 : 79;
	0F67 : 19;
	0F68 : D8;
	0F69 : 83;
	0F6A : 48;
	0F6B : 09;
	0F6C : D9;
	0F6D : 24;
	0F6E : 8A;
	0F6F : A0;
	0F70 : 7F;
	0F71 : 24;
	0F72 : 89;
	0F73 : 9D;
	0F74 : 12;
	0F75 : 20;
	0F76 : 90;
	0F77 : F8;
	0F78 : 10;
	0F79 : 00;
	0F7A : 1B;
	0F7B : 16;
	0F7C : 98;
	0F7D : 9B;
	0F7E : 80;
	0F7F : 44;
	0F80 : AB;
	0F81 : 4A;
	0F82 : B5;
	0F83 : 09;
	0F84 : 40;
	0F85 : B8;
	0F86 : BC;
	0F87 : 21;
	0F88 : 27;
	0F89 : 99;
	0F8A : 08;
	0F8B : 9B;
	0F8C : 13;
	0F8D : 21;
	0F8E : 09;
	0F8F : F8;
	0F90 : 81;
	0F91 : 60;
	0F92 : 8A;
	0F93 : C1;
	0F94 : 21;
	0F95 : 80;
	0F96 : 9C;
	0F97 : 96;
	0F98 : 1A;
	0F99 : 89;
	0F9A : B2;
	0F9B : 52;
	0F9C : 99;
	0F9D : AC;
	0F9E : 83;
	0F9F : 22;
	0FA0 : 99;
	0FA1 : BB;
	0FA2 : 73;
	0FA3 : 99;
	0FA4 : BD;
	0FA5 : 23;
	0FA6 : 59;
	0FA7 : 99;
	0FA8 : 98;
	0FA9 : 08;
	0FAA : 95;
	0FAB : 23;
	0FAC : D9;
	0FAD : 1B;
	0FAE : B5;
	0FAF : 11;
	0FB0 : 9B;
	0FB1 : 9A;
	0FB2 : 56;
	0FB3 : 8A;
	0FB4 : A8;
	0FB5 : 30;
	0FB6 : 01;
	0FB7 : CC;
	0FB8 : 34;
	0FB9 : AA;
	0FBA : 5B;
	0FBB : 22;
	0FBC : BB;
	0FBD : 30;
	0FBE : F1;
	0FBF : 20;
	0FC0 : 19;
	0FC1 : 9B;
	0FC2 : 4A;
	0FC3 : C4;
	0FC4 : 28;
	0FC5 : 92;
	0FC6 : 91;
	0FC7 : AA;
	0FC8 : 2E;
	0FC9 : A2;
	0FCA : 04;
	0FCB : 48;
	0FCC : B8;
	0FCD : 0F;
	0FCE : 21;
	0FCF : 93;
	0FD0 : 0B;
	0FD1 : B2;
	0FD2 : 3D;
	0FD3 : 39;
	0FD4 : E1;
	0FD5 : 12;
	0FD6 : 83;
	0FD7 : AB;
	0FD8 : 8D;
	0FD9 : 81;
	0FDA : 53;
	0FDB : 98;
	0FDC : DA;
	0FDD : 22;
	0FDE : A9;
	0FDF : 21;
	0FE0 : 50;
	0FE1 : 9B;
	0FE2 : B2;
	0FE3 : A9;
	0FE4 : 78;
	0FE5 : 82;
	0FE6 : A2;
	0FE7 : 0B;
	0FE8 : BC;
	0FE9 : 24;
	0FEA : 50;
	0FEB : BC;
	0FEC : 03;
	0FED : 09;
	0FEE : 4B;
	0FEF : B1;
	0FF0 : 7F;
	0FF1 : 12;
	0FF2 : 0A;
	0FF3 : 94;
	0FF4 : E3;
	0FF5 : 08;
	0FF6 : 8B;
	0FF7 : A8;
	0FF8 : 72;
	0FF9 : A8;
	0FFA : 3B;
	0FFB : F3;
	0FFC : 29;
	0FFD : C9;
	0FFE : 13;
	0FFF : 38;
	1000 : AC;
	1001 : 98;
	1002 : 25;
	1003 : 2B;
	1004 : F8;
	1005 : 13;
	1006 : 38;
	1007 : AD;
	1008 : B3;
	1009 : 41;
	100A : A9;
	100B : B8;
	100C : 36;
	100D : 1B;
	100E : AB;
	100F : 02;
	1010 : 70;
	1011 : A1;
	1012 : AB;
	1013 : 33;
	1014 : 1B;
	1015 : 88;
	1016 : F1;
	1017 : 40;
	1018 : B9;
	1019 : 92;
	101A : 7A;
	101B : 91;
	101C : 80;
	101D : 4A;
	101E : A8;
	101F : 02;
	1020 : 93;
	1021 : 8C;
	1022 : 1C;
	1023 : A4;
	1024 : 42;
	1025 : AB;
	1026 : AA;
	1027 : 26;
	1028 : 28;
	1029 : 9F;
	102A : 84;
	102B : 88;
	102C : 09;
	102D : 08;
	102E : 18;
	102F : 29;
	1030 : 90;
	1031 : D8;
	1032 : 44;
	1033 : AA;
	1034 : A8;
	1035 : 54;
	1036 : 8B;
	1037 : 9B;
	1038 : 84;
	1039 : 20;
	103A : 1D;
	103B : A6;
	103C : 09;
	103D : 80;
	103E : 8C;
	103F : 22;
	1040 : 0A;
	1041 : 80;
	1042 : C2;
	1043 : 22;
	1044 : 8B;
	1045 : 9C;
	1046 : 15;
	1047 : 2A;
	1048 : A9;
	1049 : 21;
	104A : 48;
	104B : EB;
	104C : 32;
	104D : 10;
	104E : BD;
	104F : 02;
	1050 : 83;
	1051 : 8D;
	1052 : B1;
	1053 : 63;
	1054 : 0A;
	1055 : CC;
	1056 : 00;
	1057 : 52;
	1058 : 8A;
	1059 : 99;
	105A : 81;
	105B : 69;
	105C : A1;
	105D : 99;
	105E : 30;
	105F : 89;
	1060 : 32;
	1061 : EA;
	1062 : 30;
	1063 : 90;
	1064 : B0;
	1065 : 93;
	1066 : 79;
	1067 : 01;
	1068 : E0;
	1069 : 09;
	106A : 32;
	106B : 00;
	106C : BD;
	106D : 0B;
	106E : 24;
	106F : 83;
	1070 : 7F;
	1071 : A8;
	1072 : 94;
	1073 : 9A;
	1074 : DA;
	1075 : 71;
	1076 : A2;
	1077 : 8C;
	1078 : 10;
	1079 : A4;
	107A : 3A;
	107B : C9;
	107C : 10;
	107D : 51;
	107E : D0;
	107F : 8A;
	1080 : 43;
	1081 : AB;
	1082 : 09;
	1083 : 95;
	1084 : 0B;
	1085 : 01;
	1086 : 94;
	1087 : 1B;
	1088 : 80;
	1089 : 1E;
	108A : 93;
	108B : 01;
	108C : 10;
	108D : 90;
	108E : AE;
	108F : 31;
	1090 : B3;
	1091 : 20;
	1092 : AC;
	1093 : C9;
	1094 : 34;
	1095 : 58;
	1096 : 9A;
	1097 : BA;
	1098 : 62;
	1099 : A8;
	109A : 8A;
	109B : 06;
	109C : 08;
	109D : 1C;
	109E : 91;
	109F : 98;
	10A0 : 44;
	10A1 : CC;
	10A2 : 31;
	10A3 : 98;
	10A4 : 1D;
	10A5 : 85;
	10A6 : 08;
	10A7 : 98;
	10A8 : 08;
	10A9 : A1;
	10AA : 41;
	10AB : CC;
	10AC : 30;
	10AD : 94;
	10AE : 2B;
	10AF : 9A;
	10B0 : B6;
	10B1 : 39;
	10B2 : AC;
	10B3 : 83;
	10B4 : 51;
	10B5 : AC;
	10B6 : 99;
	10B7 : 26;
	10B8 : 19;
	10B9 : 8B;
	10BA : A1;
	10BB : 14;
	10BC : 19;
	10BD : A8;
	10BE : 80;
	10BF : 1A;
	10C0 : D1;
	10C1 : 70;
	10C2 : 8A;
	10C3 : 88;
	10C4 : 94;
	10C5 : 88;
	10C6 : 5A;
	10C7 : B0;
	10C8 : 20;
	10C9 : 21;
	10CA : F9;
	10CB : 08;
	10CC : 50;
	10CD : 98;
	10CE : B9;
	10CF : 26;
	10D0 : 1A;
	10D1 : BA;
	10D2 : 02;
	10D3 : 70;
	10D4 : A8;
	10D5 : 09;
	10D6 : 91;
	10D7 : 3A;
	10D8 : 01;
	10D9 : C9;
	10DA : 34;
	10DB : 1B;
	10DC : D9;
	10DD : 82;
	10DE : 50;
	10DF : 8B;
	10E0 : 01;
	10E1 : A8;
	10E2 : 33;
	10E3 : E8;
	10E4 : 23;
	10E5 : 9E;
	10E6 : 0A;
	10E7 : 05;
	10E8 : 1A;
	10E9 : 92;
	10EA : B8;
	10EB : 23;
	10EC : 9D;
	10ED : 03;
	10EE : 04;
	10EF : BD;
	10F0 : 7F;
	10F1 : 89;
	10F2 : 26;
	10F3 : 89;
	10F4 : 88;
	10F5 : 11;
	10F6 : 9E;
	10F7 : 02;
	10F8 : 20;
	10F9 : 81;
	10FA : E8;
	10FB : 08;
	10FC : 80;
	10FD : 20;
	10FE : 21;
	10FF : CB;
	1100 : 80;
	1101 : 44;
	1102 : B0;
	1103 : 9D;
	1104 : 31;
	1105 : 0A;
	1106 : A4;
	1107 : A8;
	1108 : 60;
	1109 : D0;
	110A : 89;
	110B : 32;
	110C : A4;
	110D : 8D;
	110E : 11;
	110F : AB;
	1110 : 31;
	1111 : 87;
	1112 : B0;
	1113 : 08;
	1114 : 8C;
	1115 : 04;
	1116 : 2A;
	1117 : 90;
	1118 : 9B;
	1119 : 13;
	111A : 17;
	111B : AB;
	111C : 84;
	111D : 5C;
	111E : 90;
	111F : A5;
	1120 : 0B;
	1121 : 11;
	1122 : 91;
	1123 : 8B;
	1124 : 20;
	1125 : 31;
	1126 : D2;
	1127 : AC;
	1128 : 10;
	1129 : 00;
	112A : 60;
	112B : BD;
	112C : 02;
	112D : 03;
	112E : 2F;
	112F : A8;
	1130 : 40;
	1131 : 18;
	1132 : C0;
	1133 : 21;
	1134 : B9;
	1135 : 11;
	1136 : 00;
	1137 : 92;
	1138 : 2E;
	1139 : B2;
	113A : 83;
	113B : 4A;
	113C : 99;
	113D : 81;
	113E : AC;
	113F : AB;
	1140 : 77;
	1141 : 0A;
	1142 : 99;
	1143 : 83;
	1144 : 12;
	1145 : 0D;
	1146 : B2;
	1147 : 12;
	1148 : 3F;
	1149 : A2;
	114A : 18;
	114B : 11;
	114C : 9F;
	114D : 80;
	114E : 32;
	114F : 8A;
	1150 : BA;
	1151 : 46;
	1152 : 8A;
	1153 : 98;
	1154 : 21;
	1155 : 88;
	1156 : F0;
	1157 : 10;
	1158 : 12;
	1159 : 98;
	115A : 99;
	115B : 93;
	115C : A9;
	115D : 79;
	115E : 80;
	115F : 1B;
	1160 : A8;
	1161 : 04;
	1162 : 52;
	1163 : E9;
	1164 : 82;
	1165 : 0A;
	1166 : 39;
	1167 : B7;
	1168 : 1A;
	1169 : A0;
	116A : A8;
	116B : 52;
	116C : BA;
	116D : 21;
	116E : 9D;
	116F : 24;
	1170 : 7F;
	1171 : B9;
	1172 : 32;
	1173 : AC;
	1174 : 82;
	1175 : 85;
	1176 : 0D;
	1177 : 81;
	1178 : 10;
	1179 : 83;
	117A : 0F;
	117B : 92;
	117C : B0;
	117D : 52;
	117E : CA;
	117F : 30;
	1180 : 91;
	1181 : 8A;
	1182 : 93;
	1183 : 10;
	1184 : 13;
	1185 : FA;
	1186 : 18;
	1187 : 20;
	1188 : 92;
	1189 : 04;
	118A : 2E;
	118B : CB;
	118C : 13;
	118D : 11;
	118E : 29;
	118F : B9;
	1190 : 42;
	1191 : DA;
	1192 : 00;
	1193 : 21;
	1194 : 2D;
	1195 : 0C;
	1196 : 36;
	1197 : 0B;
	1198 : C4;
	1199 : 80;
	119A : 29;
	119B : F8;
	119C : 10;
	119D : 32;
	119E : BC;
	119F : 0B;
	11A0 : 26;
	11A1 : 08;
	11A2 : A8;
	11A3 : 00;
	11A4 : 11;
	11A5 : A0;
	11A6 : CD;
	11A7 : 35;
	11A8 : 0A;
	11A9 : 88;
	11AA : 0A;
	11AB : 14;
	11AC : 8A;
	11AD : 8D;
	11AE : 96;
	11AF : 00;
	11B0 : 89;
	11B1 : 09;
	11B2 : 02;
	11B3 : 00;
	11B4 : C2;
	11B5 : 4A;
	11B6 : 8C;
	11B7 : 1B;
	11B8 : A1;
	11B9 : 45;
	11BA : 18;
	11BB : A9;
	11BC : AB;
	11BD : A6;
	11BE : 40;
	11BF : 99;
	11C0 : 0A;
	11C1 : 31;
	11C2 : DA;
	11C3 : 04;
	11C4 : 84;
	11C5 : 0D;
	11C6 : 98;
	11C7 : 01;
	11C8 : 35;
	11C9 : AC;
	11CA : 89;
	11CB : 32;
	11CC : 8A;
	11CD : 90;
	11CE : 30;
	11CF : CB;
	11D0 : 02;
	11D1 : 36;
	11D2 : 0A;
	11D3 : 8B;
	11D4 : 95;
	11D5 : 9C;
	11D6 : 32;
	11D7 : 40;
	11D8 : C9;
	11D9 : D8;
	11DA : 20;
	11DB : 28;
	11DC : 10;
	11DD : 1C;
	11DE : A8;
	11DF : 84;
	11E0 : 8A;
	11E1 : 23;
	11E2 : 19;
	11E3 : EA;
	11E4 : 34;
	11E5 : 02;
	11E6 : BF;
	11E7 : 87;
	11E8 : 8A;
	11E9 : 89;
	11EA : 94;
	11EB : 49;
	11EC : C8;
	11ED : 10;
	11EE : 82;
	11EF : B8;
	11F0 : 7F;
	11F1 : 40;
	11F2 : 90;
	11F3 : 8A;
	11F4 : 39;
	11F5 : E2;
	11F6 : 58;
	11F7 : 8A;
	11F8 : A0;
	11F9 : 52;
	11FA : BA;
	11FB : 99;
	11FC : 26;
	11FD : 08;
	11FE : A9;
	11FF : 20;
	1200 : C8;
	1201 : 81;
	1202 : 29;
	1203 : 50;
	1204 : BC;
	1205 : 07;
	1206 : 8A;
	1207 : 10;
	1208 : 80;
	1209 : 0B;
	120A : A1;
	120B : 08;
	120C : 64;
	120D : AA;
	120E : B8;
	120F : 34;
	1210 : 90;
	1211 : 9B;
	1212 : 12;
	1213 : 58;
	1214 : AC;
	1215 : B6;
	1216 : 30;
	1217 : 0C;
	1218 : AA;
	1219 : 97;
	121A : 19;
	121B : 19;
	121C : 9A;
	121D : 32;
	121E : E1;
	121F : 29;
	1220 : 95;
	1221 : 8B;
	1222 : 09;
	1223 : 81;
	1224 : 30;
	1225 : B0;
	1226 : 3C;
	1227 : 88;
	1228 : C2;
	1229 : 21;
	122A : A7;
	122B : 2F;
	122C : A1;
	122D : 04;
	122E : 2A;
	122F : BA;
	1230 : 18;
	1231 : 24;
	1232 : 1B;
	1233 : 8A;
	1234 : 91;
	1235 : 58;
	1236 : BB;
	1237 : 23;
	1238 : 32;
	1239 : F9;
	123A : 83;
	123B : 98;
	123C : 48;
	123D : AA;
	123E : 87;
	123F : 0C;
	1240 : 88;
	1241 : 03;
	1242 : 29;
	1243 : 08;
	1244 : D0;
	1245 : A0;
	1246 : 38;
	1247 : 9B;
	1248 : 60;
	1249 : 00;
	124A : 8B;
	124B : A7;
	124C : 81;
	124D : BA;
	124E : 58;
	124F : 28;
	1250 : 9C;
	1251 : 01;
	1252 : 8B;
	1253 : 44;
	1254 : 9A;
	1255 : 00;
	1256 : A0;
	1257 : 82;
	1258 : 2F;
	1259 : 17;
	125A : 8C;
	125B : 09;
	125C : 84;
	125D : 09;
	125E : 81;
	125F : 29;
	1260 : 0C;
	1261 : C2;
	1262 : 13;
	1263 : 3F;
	1264 : 91;
	1265 : 18;
	1266 : 08;
	1267 : 8A;
	1268 : 99;
	1269 : 17;
	126A : 88;
	126B : B9;
	126C : 52;
	126D : 98;
	126E : 19;
	126F : A8;
	1270 : 7F;
	1271 : 94;
	1272 : 19;
	1273 : 02;
	1274 : 9F;
	1275 : 98;
	1276 : 48;
	1277 : 02;
	1278 : E8;
	1279 : 33;
	127A : AB;
	127B : A8;
	127C : 52;
	127D : 1D;
	127E : 09;
	127F : A3;
	1280 : 48;
	1281 : 81;
	1282 : CB;
	1283 : 05;
	1284 : 08;
	1285 : 1B;
	1286 : D4;
	1287 : 2C;
	1288 : 98;
	1289 : 20;
	128A : 51;
	128B : A9;
	128C : CA;
	128D : 14;
	128E : 31;
	128F : AC;
	1290 : A0;
	1291 : 12;
	1292 : 00;
	1293 : BF;
	1294 : 23;
	1295 : 80;
	1296 : BD;
	1297 : 17;
	1298 : 0A;
	1299 : 98;
	129A : 29;
	129B : 31;
	129C : AA;
	129D : 90;
	129E : 51;
	129F : 9C;
	12A0 : B8;
	12A1 : 35;
	12A2 : 21;
	12A3 : BB;
	12A4 : 8A;
	12A5 : 10;
	12A6 : A6;
	12A7 : 88;
	12A8 : 80;
	12A9 : 11;
	12AA : AC;
	12AB : 91;
	12AC : 34;
	12AD : 0A;
	12AE : B0;
	12AF : 84;
	12B0 : 8A;
	12B1 : 58;
	12B2 : E8;
	12B3 : 20;
	12B4 : 0B;
	12B5 : 19;
	12B6 : 27;
	12B7 : 8F;
	12B8 : 93;
	12B9 : 18;
	12BA : 02;
	12BB : A9;
	12BC : 0E;
	12BD : 21;
	12BE : A9;
	12BF : 35;
	12C0 : 19;
	12C1 : AC;
	12C2 : 82;
	12C3 : 8A;
	12C4 : 2B;
	12C5 : 87;
	12C6 : 29;
	12C7 : 10;
	12C8 : FB;
	12C9 : 13;
	12CA : 20;
	12CB : 0A;
	12CC : A8;
	12CD : 91;
	12CE : 51;
	12CF : 8A;
	12D0 : BA;
	12D1 : 58;
	12D2 : 95;
	12D3 : B2;
	12D4 : 1C;
	12D5 : 88;
	12D6 : 2A;
	12D7 : 48;
	12D8 : A6;
	12D9 : 0B;
	12DA : B9;
	12DB : 29;
	12DC : 42;
	12DD : C2;
	12DE : 20;
	12DF : 80;
	12E0 : E9;
	12E1 : 18;
	12E2 : 20;
	12E3 : 9C;
	12E4 : 23;
	12E5 : 83;
	12E6 : AF;
	12E7 : 93;
	12E8 : A3;
	12E9 : 31;
	12EA : 3F;
	12EB : 8A;
	12EC : D3;
	12ED : 28;
	12EE : 8A;
	12EF : 20;
	12F0 : 7F;
	12F1 : 60;
	12F2 : DA;
	12F3 : 01;
	12F4 : 01;
	12F5 : 39;
	12F6 : C0;
	12F7 : 18;
	12F8 : 20;
	12F9 : FA;
	12FA : 37;
	12FB : 0A;
	12FC : 89;
	12FD : 8A;
	12FE : 15;
	12FF : 0A;
	1300 : 90;
	1301 : 08;
	1302 : 10;
	1303 : B1;
	1304 : 29;
	1305 : 84;
	1306 : 3F;
	1307 : A4;
	1308 : 1B;
	1309 : 90;
	130A : 33;
	130B : 92;
	130C : 9F;
	130D : 92;
	130E : 08;
	130F : 49;
	1310 : F9;
	1311 : 40;
	1312 : 81;
	1313 : 88;
	1314 : 99;
	1315 : 91;
	1316 : 08;
	1317 : B8;
	1318 : 52;
	1319 : 90;
	131A : A8;
	131B : 3D;
	131C : 92;
	131D : 50;
	131E : A8;
	131F : E0;
	1320 : 50;
	1321 : 8C;
	1322 : 10;
	1323 : 12;
	1324 : B1;
	1325 : A4;
	1326 : 8E;
	1327 : 93;
	1328 : 60;
	1329 : AB;
	132A : A7;
	132B : 19;
	132C : 18;
	132D : B8;
	132E : 01;
	132F : 38;
	1330 : 0B;
	1331 : 9C;
	1332 : C5;
	1333 : 10;
	1334 : 89;
	1335 : B1;
	1336 : 29;
	1337 : 2A;
	1338 : 0C;
	1339 : 97;
	133A : 0B;
	133B : AA;
	133C : 43;
	133D : 4C;
	133E : 81;
	133F : 88;
	1340 : 81;
	1341 : C8;
	1342 : 12;
	1343 : 10;
	1344 : 39;
	1345 : FA;
	1346 : A3;
	1347 : 50;
	1348 : 28;
	1349 : E8;
	134A : 12;
	134B : 08;
	134C : A9;
	134D : 94;
	134E : 32;
	134F : BA;
	1350 : 8C;
	1351 : 25;
	1352 : A0;
	1353 : 8B;
	1354 : D2;
	1355 : 41;
	1356 : 9A;
	1357 : 1B;
	1358 : 48;
	1359 : B0;
	135A : B3;
	135B : 63;
	135C : 0D;
	135D : C8;
	135E : 21;
	135F : 11;
	1360 : BA;
	1361 : 03;
	1362 : 39;
	1363 : 1F;
	1364 : C8;
	1365 : 86;
	1366 : 30;
	1367 : 9D;
	1368 : A8;
	1369 : 51;
	136A : 89;
	136B : A0;
	136C : 21;
	136D : 88;
	136E : B1;
	136F : 1B;
	1370 : 7F;
	1371 : B6;
	1372 : 39;
	1373 : 09;
	1374 : 84;
	1375 : A9;
	1376 : 0C;
	1377 : 40;
	1378 : CB;
	1379 : 16;
	137A : 01;
	137B : 29;
	137C : EA;
	137D : 81;
	137E : 33;
	137F : 9A;
	1380 : B1;
	1381 : 18;
	1382 : 80;
	1383 : AA;
	1384 : 60;
	1385 : EC;
	1386 : 83;
	1387 : 26;
	1388 : 58;
	1389 : F8;
	138A : 48;
	138B : 88;
	138C : C0;
	138D : 80;
	138E : 22;
	138F : AB;
	1390 : 42;
	1391 : 29;
	1392 : AC;
	1393 : A0;
	1394 : 92;
	1395 : 71;
	1396 : A8;
	1397 : A0;
	1398 : 84;
	1399 : 91;
	139A : A4;
	139B : 9A;
	139C : 0E;
	139D : 4B;
	139E : 58;
	139F : A1;
	13A0 : 8B;
	13A1 : 51;
	13A2 : A8;
	13A3 : 92;
	13A4 : D1;
	13A5 : 02;
	13A6 : 3C;
	13A7 : 0C;
	13A8 : 05;
	13A9 : 0A;
	13AA : 90;
	13AB : 95;
	13AC : 89;
	13AD : 49;
	13AE : B9;
	13AF : 18;
	13B0 : 17;
	13B1 : 8A;
	13B2 : A1;
	13B3 : 01;
	13B4 : 5A;
	13B5 : B0;
	13B6 : 48;
	13B7 : 98;
	13B8 : 10;
	13B9 : D9;
	13BA : 11;
	13BB : 32;
	13BC : CC;
	13BD : 93;
	13BE : 48;
	13BF : 99;
	13C0 : B1;
	13C1 : 51;
	13C2 : 0D;
	13C3 : B1;
	13C4 : 02;
	13C5 : 68;
	13C6 : B9;
	13C7 : 20;
	13C8 : 21;
	13C9 : F9;
	13CA : 10;
	13CB : 20;
	13CC : A4;
	13CD : AC;
	13CE : 12;
	13CF : 2A;
	13D0 : B9;
	13D1 : 89;
	13D2 : 27;
	13D3 : 1C;
	13D4 : 08;
	13D5 : 05;
	13D6 : 0A;
	13D7 : 82;
	13D8 : 9C;
	13D9 : 2B;
	13DA : 97;
	13DB : 08;
	13DC : 89;
	13DD : 9A;
	13DE : 23;
	13DF : 8C;
	13E0 : 06;
	13E1 : 90;
	13E2 : C8;
	13E3 : 19;
	13E4 : 43;
	13E5 : 9C;
	13E6 : 90;
	13E7 : 83;
	13E8 : 3A;
	13E9 : 93;
	13EA : 1D;
	13EB : B3;
	13EC : B7;
	13ED : 8D;
	13EE : 11;
	13EF : 83;
	13F0 : 7F;
	13F1 : 1C;
	13F2 : B8;
	13F3 : 11;
	13F4 : 14;
	13F5 : 0B;
	13F6 : 99;
	13F7 : 00;
	13F8 : 60;
	13F9 : E8;
	13FA : 00;
	13FB : 22;
	13FC : 91;
	13FD : BE;
	13FE : 82;
	13FF : 48;
	1400 : 9B;
	1401 : 94;
	1402 : 38;
	1403 : CA;
	1404 : 48;
	1405 : C3;
	1406 : 2A;
	1407 : A1;
	1408 : 21;
	1409 : 2A;
	140A : BC;
	140B : 97;
	140C : 09;
	140D : 1A;
	140E : D2;
	140F : 39;
	1410 : AB;
	1411 : 21;
	1412 : 32;
	1413 : 68;
	1414 : E9;
	1415 : 39;
	1416 : A2;
	1417 : 18;
	1418 : 97;
	1419 : 99;
	141A : 08;
	141B : AA;
	141C : 21;
	141D : 6B;
	141E : 48;
	141F : D1;
	1420 : 08;
	1421 : A2;
	1422 : 20;
	1423 : C2;
	1424 : 0C;
	1425 : 11;
	1426 : 1E;
	1427 : 40;
	1428 : 91;
	1429 : D9;
	142A : 10;
	142B : 40;
	142C : 90;
	142D : C9;
	142E : 23;
	142F : 1B;
	1430 : C8;
	1431 : 24;
	1432 : 1A;
	1433 : 8C;
	1434 : 93;
	1435 : 23;
	1436 : A1;
	1437 : DB;
	1438 : 01;
	1439 : 20;
	143A : 1A;
	143B : D6;
	143C : 08;
	143D : 8C;
	143E : 92;
	143F : 04;
	1440 : 1C;
	1441 : 02;
	1442 : D0;
	1443 : 2A;
	1444 : 34;
	1445 : BA;
	1446 : 8E;
	1447 : 02;
	1448 : 13;
	1449 : 1B;
	144A : 88;
	144B : AC;
	144C : 94;
	144D : 22;
	144E : 88;
	144F : F9;
	1450 : 10;
	1451 : 34;
	1452 : 8A;
	1453 : D9;
	1454 : 14;
	1455 : 18;
	1456 : 8C;
	1457 : 92;
	1458 : 49;
	1459 : 98;
	145A : C9;
	145B : 43;
	145C : 1A;
	145D : 8D;
	145E : B2;
	145F : 24;
	1460 : 09;
	1461 : AC;
	1462 : 25;
	1463 : 09;
	1464 : 9C;
	1465 : 83;
	1466 : 40;
	1467 : 90;
	1468 : BA;
	1469 : 91;
	146A : 94;
	146B : 43;
	146C : 8F;
	146D : 19;
	146E : B2;
	146F : 21;
	1470 : 7F;
	1471 : 0D;
	1472 : 89;
	1473 : 07;
	1474 : 1A;
	1475 : A9;
	1476 : 22;
	1477 : 81;
	1478 : 9F;
	1479 : 02;
	147A : 0B;
	147B : 50;
	147C : A3;
	147D : 9D;
	147E : 02;
	147F : B0;
	1480 : 21;
	1481 : 39;
	1482 : 9D;
	1483 : 01;
	1484 : F2;
	1485 : 20;
	1486 : 90;
	1487 : 1A;
	1488 : 0B;
	1489 : 0A;
	148A : A2;
	148B : 18;
	148C : 73;
	148D : B9;
	148E : 3F;
	148F : 94;
	1490 : 90;
	1491 : 48;
	1492 : BA;
	1493 : 39;
	1494 : 85;
	1495 : C8;
	1496 : 02;
	1497 : 01;
	1498 : 2C;
	1499 : 8C;
	149A : 91;
	149B : 27;
	149C : 09;
	149D : AB;
	149E : 03;
	149F : 1B;
	14A0 : 81;
	14A1 : 43;
	14A2 : 8A;
	14A3 : F0;
	14A4 : 0A;
	14A5 : 32;
	14A6 : B3;
	14A7 : 89;
	14A8 : 4B;
	14A9 : BD;
	14AA : 02;
	14AB : 52;
	14AC : 9D;
	14AD : 80;
	14AE : 28;
	14AF : 12;
	14B0 : F8;
	14B1 : 01;
	14B2 : 10;
	14B3 : 91;
	14B4 : B8;
	14B5 : 4A;
	14B6 : 2A;
	14B7 : BB;
	14B8 : 65;
	14B9 : 99;
	14BA : 10;
	14BB : F0;
	14BC : 21;
	14BD : AB;
	14BE : 03;
	14BF : 21;
	14C0 : 8C;
	14C1 : 98;
	14C2 : 84;
	14C3 : 39;
	14C4 : EA;
	14C5 : 11;
	14C6 : 71;
	14C7 : A9;
	14C8 : C0;
	14C9 : 33;
	14CA : 9B;
	14CB : 9A;
	14CC : 23;
	14CD : 69;
	14CE : BB;
	14CF : 92;
	14D0 : 53;
	14D1 : B8;
	14D2 : 8C;
	14D3 : 04;
	14D4 : 18;
	14D5 : A1;
	14D6 : D9;
	14D7 : 42;
	14D8 : 9A;
	14D9 : A8;
	14DA : 70;
	14DB : B1;
	14DC : 08;
	14DD : 21;
	14DE : E8;
	14DF : 02;
	14E0 : 88;
	14E1 : 2C;
	14E2 : 10;
	14E3 : C0;
	14E4 : 34;
	14E5 : 8B;
	14E6 : 9B;
	14E7 : 96;
	14E8 : 30;
	14E9 : 9C;
	14EA : B4;
	14EB : 2A;
	14EC : 19;
	14ED : 99;
	14EE : 20;
	14EF : 04;
	14F0 : 7F;
	14F1 : A1;
	14F2 : E9;
	14F3 : 17;
	14F4 : 0A;
	14F5 : 9B;
	14F6 : 35;
	14F7 : 1B;
	14F8 : 9A;
	14F9 : B3;
	14FA : 41;
	14FB : 09;
	14FC : F2;
	14FD : 39;
	14FE : 98;
	14FF : 0D;
	1500 : 95;
	1501 : 18;
	1502 : A0;
	1503 : 89;
	1504 : 32;
	1505 : 1C;
	1506 : 99;
	1507 : A5;
	1508 : 38;
	1509 : AA;
	150A : 01;
	150B : 33;
	150C : FD;
	150D : 02;
	150E : 21;
	150F : 9C;
	1510 : 92;
	1511 : 81;
	1512 : 1A;
	1513 : C8;
	1514 : 37;
	1515 : 19;
	1516 : AC;
	1517 : 91;
	1518 : 36;
	1519 : 89;
	151A : A8;
	151B : 89;
	151C : 51;
	151D : A8;
	151E : 8A;
	151F : 22;
	1520 : 90;
	1521 : 85;
	1522 : 9C;
	1523 : 03;
	1524 : A0;
	1525 : BB;
	1526 : 21;
	1527 : 72;
	1528 : B2;
	1529 : BB;
	152A : 2C;
	152B : 16;
	152C : 20;
	152D : AC;
	152E : 99;
	152F : A6;
	1530 : 11;
	1531 : 88;
	1532 : 90;
	1533 : 1B;
	1534 : AD;
	1535 : 36;
	1536 : 90;
	1537 : 1C;
	1538 : 91;
	1539 : 81;
	153A : 58;
	153B : BA;
	153C : 00;
	153D : 53;
	153E : D9;
	153F : 1B;
	1540 : 17;
	1541 : 0A;
	1542 : 90;
	1543 : A1;
	1544 : 49;
	1545 : 80;
	1546 : 98;
	1547 : 5A;
	1548 : 80;
	1549 : 0A;
	154A : B2;
	154B : 32;
	154C : 81;
	154D : 89;
	154E : 9F;
	154F : 84;
	1550 : 88;
	1551 : 20;
	1552 : 8A;
	1553 : BB;
	1554 : 14;
	1555 : 70;
	1556 : 99;
	1557 : C9;
	1558 : 25;
	1559 : 98;
	155A : 0A;
	155B : A3;
	155C : 40;
	155D : 1A;
	155E : D1;
	155F : 8A;
	1560 : 16;
	1561 : 0F;
	1562 : 02;
	1563 : 08;
	1564 : 89;
	1565 : B2;
	1566 : 48;
	1567 : 08;
	1568 : 98;
	1569 : B8;
	156A : 72;
	156B : 9D;
	156C : 02;
	156D : A0;
	156E : 50;
	156F : A9;
	1570 : 7F;
	1571 : B1;
	1572 : 41;
	1573 : 8C;
	1574 : A1;
	1575 : 35;
	1576 : 8B;
	1577 : B9;
	1578 : 86;
	1579 : 38;
	157A : A9;
	157B : B9;
	157C : 06;
	157D : 28;
	157E : 9A;
	157F : 08;
	1580 : 18;
	1581 : AB;
	1582 : 73;
	1583 : 9B;
	1584 : 90;
	1585 : 93;
	1586 : 1B;
	1587 : 72;
	1588 : E8;
	1589 : 01;
	158A : 83;
	158B : AD;
	158C : 09;
	158D : 52;
	158E : 89;
	158F : BA;
	1590 : 04;
	1591 : 48;
	1592 : BB;
	1593 : 88;
	1594 : 62;
	1595 : A8;
	1596 : 09;
	1597 : B0;
	1598 : 60;
	1599 : 91;
	159A : BB;
	159B : 25;
	159C : 29;
	159D : C9;
	159E : A1;
	159F : 51;
	15A0 : 0A;
	15A1 : A0;
	15A2 : 08;
	15A3 : 14;
	15A4 : AD;
	15A5 : 04;
	15A6 : 2B;
	15A7 : 99;
	15A8 : B3;
	15A9 : 68;
	15AA : 81;
	15AB : AD;
	15AC : 12;
	15AD : 1A;
	15AE : 81;
	15AF : 82;
	15B0 : 2D;
	15B1 : 99;
	15B2 : A5;
	15B3 : 18;
	15B4 : 81;
	15B5 : 00;
	15B6 : 8F;
	15B7 : C2;
	15B8 : 34;
	15B9 : 98;
	15BA : AB;
	15BB : 38;
	15BC : 89;
	15BD : 03;
	15BE : 26;
	15BF : 8F;
	15C0 : 90;
	15C1 : 13;
	15C2 : 89;
	15C3 : 8B;
	15C4 : 03;
	15C5 : 10;
	15C6 : C1;
	15C7 : AB;
	15C8 : 73;
	15C9 : BB;
	15CA : 8B;
	15CB : 27;
	15CC : 01;
	15CD : 1C;
	15CE : 91;
	15CF : 9A;
	15D0 : 04;
	15D1 : 82;
	15D2 : AB;
	15D3 : 78;
	15D4 : 8A;
	15D5 : B2;
	15D6 : 42;
	15D7 : B0;
	15D8 : 0B;
	15D9 : C3;
	15DA : 15;
	15DB : 0C;
	15DC : 98;
	15DD : 78;
	15DE : B0;
	15DF : A1;
	15E0 : 6A;
	15E1 : 00;
	15E2 : 88;
	15E3 : 1A;
	15E4 : 83;
	15E5 : 02;
	15E6 : B9;
	15E7 : 3D;
	15E8 : 88;
	15E9 : 0A;
	15EA : 47;
	15EB : 8A;
	15EC : C1;
	15ED : 01;
	15EE : 5A;
	15EF : C9;
	15F0 : 7F;
	15F1 : 23;
	15F2 : 03;
	15F3 : CB;
	15F4 : 12;
	15F5 : AB;
	15F6 : 12;
	15F7 : 41;
	15F8 : A9;
	15F9 : 39;
	15FA : F8;
	15FB : 12;
	15FC : 4A;
	15FD : 99;
	15FE : 91;
	15FF : 99;
	1600 : 8E;
	1601 : 37;
	1602 : 18;
	1603 : C9;
	1604 : 91;
	1605 : 32;
	1606 : 2B;
	1607 : F8;
	1608 : 20;
	1609 : 49;
	160A : D1;
	160B : 18;
	160C : 01;
	160D : 0D;
	160E : B0;
	160F : 34;
	1610 : 08;
	1611 : AD;
	1612 : 04;
	1613 : 2A;
	1614 : A8;
	1615 : 12;
	1616 : 80;
	1617 : EA;
	1618 : 22;
	1619 : 02;
	161A : 1A;
	161B : 88;
	161C : D1;
	161D : 1A;
	161E : 40;
	161F : B8;
	1620 : 18;
	1621 : F0;
	1622 : 02;
	1623 : 16;
	1624 : 8C;
	1625 : 80;
	1626 : 1B;
	1627 : 23;
	1628 : D1;
	1629 : 48;
	162A : B9;
	162B : 8A;
	162C : 26;
	162D : 8A;
	162E : 02;
	162F : 8C;
	1630 : 85;
	1631 : 8A;
	1632 : 12;
	1633 : 8A;
	1634 : B1;
	1635 : 12;
	1636 : 4D;
	1637 : C2;
	1638 : 12;
	1639 : 88;
	163A : 4D;
	163B : B3;
	163C : 8A;
	163D : 36;
	163E : 8D;
	163F : 01;
	1640 : 80;
	1641 : 1A;
	1642 : A0;
	1643 : 22;
	1644 : 11;
	1645 : 9F;
	1646 : 88;
	1647 : 12;
	1648 : 90;
	1649 : 02;
	164A : 5B;
	164B : DA;
	164C : A3;
	164D : 50;
	164E : 81;
	164F : 99;
	1650 : 03;
	1651 : BD;
	1652 : 00;
	1653 : 21;
	1654 : 18;
	1655 : 8C;
	1656 : B7;
	1657 : 38;
	1658 : E0;
	1659 : 18;
	165A : 11;
	165B : BD;
	165C : 11;
	165D : 15;
	165E : 0D;
	165F : 98;
	1660 : 84;
	1661 : 18;
	1662 : 98;
	1663 : 88;
	1664 : 03;
	1665 : 0B;
	1666 : AF;
	1667 : 86;
	1668 : 29;
	1669 : 99;
	166A : 0A;
	166B : 85;
	166C : 09;
	166D : 89;
	166E : B2;
	166F : 58;
	1670 : 7F;
	1671 : 0A;
	1672 : 08;
	1673 : A4;
	1674 : 10;
	1675 : 9A;
	1676 : 69;
	1677 : 0A;
	1678 : A1;
	1679 : D1;
	167A : 13;
	167B : 31;
	167C : AB;
	167D : BF;
	167E : 98;
	167F : 71;
	1680 : 88;
	1681 : 0A;
	1682 : 82;
	1683 : 9A;
	1684 : 96;
	1685 : 09;
	1686 : 3B;
	1687 : C9;
	1688 : 22;
	1689 : 15;
	168A : 0E;
	168B : 98;
	168C : 13;
	168D : 99;
	168E : 08;
	168F : 21;
	1690 : AF;
	1691 : 92;
	1692 : 22;
	1693 : 28;
	1694 : A9;
	1695 : D0;
	1696 : 1A;
	1697 : 05;
	1698 : 32;
	1699 : B9;
	169A : DD;
	169B : 11;
	169C : 11;
	169D : 08;
	169E : 01;
	169F : BA;
	16A0 : C2;
	16A1 : 39;
	16A2 : 13;
	16A3 : 19;
	16A4 : E9;
	16A5 : 15;
	16A6 : 01;
	16A7 : 9D;
	16A8 : B6;
	16A9 : 2B;
	16AA : A9;
	16AB : 81;
	16AC : 72;
	16AD : BB;
	16AE : 01;
	16AF : 93;
	16B0 : 8C;
	16B1 : 23;
	16B2 : 9A;
	16B3 : 1A;
	16B4 : 15;
	16B5 : E9;
	16B6 : 60;
	16B7 : 98;
	16B8 : 98;
	16B9 : 23;
	16BA : 8C;
	16BB : A8;
	16BC : 14;
	16BD : 2A;
	16BE : 9A;
	16BF : 03;
	16C0 : C9;
	16C1 : 08;
	16C2 : 11;
	16C3 : 36;
	16C4 : AC;
	16C5 : B6;
	16C6 : 2B;
	16C7 : 01;
	16C8 : 90;
	16C9 : 3B;
	16CA : D0;
	16CB : 8A;
	16CC : 27;
	16CD : 2A;
	16CE : AA;
	16CF : 14;
	16D0 : 0A;
	16D1 : 1B;
	16D2 : 92;
	16D3 : 25;
	16D4 : 8C;
	16D5 : D1;
	16D6 : 58;
	16D7 : 08;
	16D8 : A9;
	16D9 : B2;
	16DA : 69;
	16DB : 10;
	16DC : AA;
	16DD : 05;
	16DE : AA;
	16DF : 40;
	16E0 : B3;
	16E1 : 4D;
	16E2 : 90;
	16E3 : 01;
	16E4 : 11;
	16E5 : BA;
	16E6 : 32;
	16E7 : C1;
	16E8 : 9A;
	16E9 : 92;
	16EA : 25;
	16EB : 7B;
	16EC : E0;
	16ED : 02;
	16EE : 40;
	16EF : CA;
	16F0 : 7F;
	16F1 : 08;
	16F2 : 13;
	16F3 : 19;
	16F4 : 88;
	16F5 : AA;
	16F6 : 33;
	16F7 : CD;
	16F8 : 23;
	16F9 : 03;
	16FA : BE;
	16FB : 01;
	16FC : 0A;
	16FD : 14;
	16FE : 8B;
	16FF : 92;
	1700 : 2E;
	1701 : 90;
	1702 : 11;
	1703 : 21;
	1704 : 08;
	1705 : C0;
	1706 : BC;
	1707 : 33;
	1708 : 0A;
	1709 : 21;
	170A : C3;
	170B : 0A;
	170C : D3;
	170D : 39;
	170E : 0F;
	170F : 21;
	1710 : 20;
	1711 : BC;
	1712 : 03;
	1713 : 8B;
	1714 : 07;
	1715 : 8B;
	1716 : 13;
	1717 : C8;
	1718 : 1B;
	1719 : 11;
	171A : 96;
	171B : 3F;
	171C : A1;
	171D : 92;
	171E : 48;
	171F : AA;
	1720 : 48;
	1721 : 10;
	1722 : D8;
	1723 : 81;
	1724 : 4A;
	1725 : 82;
	1726 : 90;
	1727 : 8A;
	1728 : 19;
	1729 : B0;
	172A : 95;
	172B : 09;
	172C : 9F;
	172D : 23;
	172E : 2A;
	172F : 00;
	1730 : B8;
	1731 : D0;
	1732 : 40;
	1733 : 88;
	1734 : 3D;
	1735 : 90;
	1736 : 10;
	1737 : E3;
	1738 : 1A;
	1739 : 33;
	173A : BC;
	173B : 9C;
	173C : 53;
	173D : 1C;
	173E : 90;
	173F : B1;
	1740 : 42;
	1741 : 89;
	1742 : 0E;
	1743 : 93;
	1744 : 38;
	1745 : 89;
	1746 : F0;
	1747 : 59;
	1748 : 99;
	1749 : 10;
	174A : 03;
	174B : 08;
	174C : CD;
	174D : 02;
	174E : 33;
	174F : 9D;
	1750 : A0;
	1751 : 02;
	1752 : 10;
	1753 : BE;
	1754 : 14;
	1755 : 08;
	1756 : 9D;
	1757 : 95;
	1758 : 39;
	1759 : AB;
	175A : 10;
	175B : 15;
	175C : 0C;
	175D : 98;
	175E : 22;
	175F : 19;
	1760 : F9;
	1761 : 12;
	1762 : 13;
	1763 : 0D;
	1764 : 90;
	1765 : 98;
	1766 : 01;
	1767 : 29;
	1768 : 90;
	1769 : 31;
	176A : BD;
	176B : 01;
	176C : 26;
	176D : 8B;
	176E : 80;
	176F : 81;
	1770 : 7F;
	1771 : 3B;
	1772 : 83;
	1773 : AE;
	1774 : 21;
	1775 : 09;
	1776 : A1;
	1777 : 07;
	1778 : 0C;
	1779 : C0;
	177A : 40;
	177B : 80;
	177C : 29;
	177D : 9B;
	177E : 92;
	177F : 9A;
	1780 : 37;
	1781 : 21;
	1782 : BB;
	1783 : B1;
	1784 : 2C;
	1785 : 82;
	1786 : B3;
	1787 : 61;
	1788 : A8;
	1789 : CE;
	178A : 84;
	178B : 28;
	178C : 08;
	178D : B9;
	178E : 10;
	178F : 23;
	1790 : 8A;
	1791 : CB;
	1792 : 17;
	1793 : 98;
	1794 : 0A;
	1795 : 38;
	1796 : 88;
	1797 : 0B;
	1798 : 85;
	1799 : 91;
	179A : 3A;
	179B : BE;
	179C : 10;
	179D : 05;
	179E : 98;
	179F : 20;
	17A0 : A8;
	17A1 : 0A;
	17A2 : 80;
	17A3 : 08;
	17A4 : 80;
	17A5 : 94;
	17A6 : 10;
	17A7 : BA;
	17A8 : B3;
	17A9 : 29;
	17AA : 11;
	17AB : 39;
	17AC : A1;
	17AD : F8;
	17AE : 20;
	17AF : 09;
	17B0 : 00;
	17B1 : 25;
	17B2 : AE;
	17B3 : 91;
	17B4 : 00;
	17B5 : 14;
	17B6 : A8;
	17B7 : 09;
	17B8 : 84;
	17B9 : E9;
	17BA : 22;
	17BB : 4A;
	17BC : 99;
	17BD : 89;
	17BE : 83;
	17BF : 39;
	17C0 : B0;
	17C1 : 08;
	17C2 : A3;
	17C3 : A8;
	17C4 : 38;
	17C5 : 81;
	17C6 : 1D;
	17C7 : C2;
	17C8 : 31;
	17C9 : A8;
	17CA : 02;
	17CB : 80;
	17CC : 2A;
	17CD : C1;
	17CE : 19;
	17CF : 32;
	17D0 : F9;
	17D1 : 13;
	17D2 : A0;
	17D3 : 11;
	17D4 : 0E;
	17D5 : 90;
	17D6 : 20;
	17D7 : 0C;
	17D8 : 84;
	17D9 : 01;
	17DA : 0C;
	17DB : 19;
	17DC : 81;
	17DD : 02;
	17DE : AA;
	17DF : A9;
	17E0 : 65;
	17E1 : 8C;
	17E2 : 91;
	17E3 : 04;
	17E4 : 8A;
	17E5 : 80;
	17E6 : 0B;
	17E7 : 01;
	17E8 : 26;
	17E9 : AB;
	17EA : A4;
	17EB : 69;
	17EC : 80;
	17ED : A9;
	17EE : 01;
	17EF : 50;
	17F0 : 7F;
	17F1 : 8A;
	17F2 : A9;
	17F3 : D2;
	17F4 : 31;
	17F5 : 09;
	17F6 : AB;
	17F7 : 2A;
	17F8 : 01;
	17F9 : 08;
	17FA : C4;
	17FB : 3B;
	17FC : DB;
	17FD : 24;
	17FE : 20;
	17FF : B2;
	1800 : 09;
	1801 : 98;
	1802 : AB;
	1803 : 24;
	1804 : 3A;
	1805 : 01;
	1806 : DA;
	1807 : 88;
	1808 : 50;
	1809 : 82;
	180A : A9;
	180B : 14;
	180C : 8A;
	180D : A8;
	180E : 80;
	180F : 71;
	1810 : 8B;
	1811 : 99;
	1812 : 87;
	1813 : 0A;
	1814 : 88;
	1815 : A9;
	1816 : 52;
	1817 : 9A;
	1818 : 08;
	1819 : 82;
	181A : B0;
	181B : A8;
	181C : 41;
	181D : 49;
	181E : C9;
	181F : 1A;
	1820 : 15;
	1821 : 9A;
	1822 : 88;
	1823 : 21;
	1824 : 2B;
	1825 : CA;
	1826 : 95;
	1827 : 50;
	1828 : 8A;
	1829 : BB;
	182A : 36;
	182B : 09;
	182C : B9;
	182D : 50;
	182E : 88;
	182F : 90;
	1830 : 2A;
	1831 : D1;
	1832 : 58;
	1833 : 91;
	1834 : 02;
	1835 : 9B;
	1836 : 98;
	1837 : 12;
	1838 : BB;
	1839 : A4;
	183A : 31;
	183B : 41;
	183C : CF;
	183D : 90;
	183E : 23;
	183F : 1B;
	1840 : A9;
	1841 : 21;
	1842 : 80;
	1843 : 9A;
	1844 : 24;
	1845 : AE;
	1846 : 92;
	1847 : 11;
	1848 : 63;
	1849 : EA;
	184A : 42;
	184B : 88;
	184C : EA;
	184D : 10;
	184E : 02;
	184F : 0C;
	1850 : 11;
	1851 : 41;
	1852 : 9C;
	1853 : B0;
	1854 : 81;
	1855 : 62;
	1856 : A9;
	1857 : 9B;
	1858 : 14;
	1859 : 08;
	185A : 09;
	185B : 3D;
	185C : 1C;
	185D : 08;
	185E : 07;
	185F : 90;
	1860 : 0D;
	1861 : 04;
	1862 : 88;
	1863 : 90;
	1864 : 8B;
	1865 : 38;
	1866 : 79;
	1867 : 8A;
	1868 : A5;
	1869 : 10;
	186A : C1;
	186B : 90;
	186C : 2A;
	186D : 40;
	186E : AB;
	186F : 01;
	1870 : 7F;
	1871 : A5;
	1872 : 2A;
	1873 : D8;
	1874 : 39;
	1875 : 51;
	1876 : D9;
	1877 : 22;
	1878 : A0;
	1879 : 01;
	187A : CB;
	187B : 12;
	187C : 23;
	187D : 9F;
	187E : A1;
	187F : 41;
	1880 : 99;
	1881 : A9;
	1882 : 33;
	1883 : 1A;
	1884 : F9;
	1885 : 10;
	1886 : 51;
	1887 : BA;
	1888 : 11;
	1889 : 03;
	188A : BF;
	188B : 10;
	188C : 20;
	188D : B2;
	188E : 2F;
	188F : 82;
	1890 : 39;
	1891 : AB;
	1892 : 89;
	1893 : 07;
	1894 : 2A;
	1895 : A1;
	1896 : A4;
	1897 : 29;
	1898 : A1;
	1899 : 1F;
	189A : 10;
	189B : B2;
	189C : 39;
	189D : 89;
	189E : 9B;
	189F : 86;
	18A0 : 09;
	18A1 : A7;
	18A2 : 88;
	18A3 : 9B;
	18A4 : 10;
	18A5 : 26;
	18A6 : 0B;
	18A7 : B0;
	18A8 : 00;
	18A9 : 50;
	18AA : B1;
	18AB : 28;
	18AC : D1;
	18AD : 90;
	18AE : 4D;
	18AF : 82;
	18B0 : 81;
	18B1 : 49;
	18B2 : C9;
	18B3 : 81;
	18B4 : 04;
	18B5 : 2A;
	18B6 : A0;
	18B7 : 98;
	18B8 : 44;
	18B9 : CB;
	18BA : 01;
	18BB : 03;
	18BC : 29;
	18BD : 2F;
	18BE : E1;
	18BF : 22;
	18C0 : 9A;
	18C1 : C1;
	18C2 : 32;
	18C3 : 9C;
	18C4 : 02;
	18C5 : B0;
	18C6 : 68;
	18C7 : A9;
	18C8 : 12;
	18C9 : 10;
	18CA : AA;
	18CB : C4;
	18CC : 4B;
	18CD : 81;
	18CE : CA;
	18CF : 60;
	18D0 : 8B;
	18D1 : 93;
	18D2 : 02;
	18D3 : 23;
	18D4 : EA;
	18D5 : 10;
	18D6 : A0;
	18D7 : 31;
	18D8 : B2;
	18D9 : 5D;
	18DA : 00;
	18DB : 9D;
	18DC : 10;
	18DD : 48;
	18DE : 85;
	18DF : C8;
	18E0 : 00;
	18E1 : A1;
	18E2 : 21;
	18E3 : AA;
	18E4 : 5C;
	18E5 : 01;
	18E6 : 1B;
	18E7 : 07;
	18E8 : 91;
	18E9 : AD;
	18EA : 00;
	18EB : 33;
	18EC : A8;
	18ED : AC;
	18EE : 13;
	18EF : 3A;
	18F0 : 7F;
	18F1 : DA;
	18F2 : 33;
	18F3 : 49;
	18F4 : AA;
	18F5 : D2;
	18F6 : 12;
	18F7 : 19;
	18F8 : 0C;
	18F9 : B1;
	18FA : 20;
	18FB : 02;
	18FC : D1;
	18FD : 78;
	18FE : 8A;
	18FF : B1;
	1900 : 01;
	1901 : 5A;
	1902 : A3;
	1903 : AB;
	1904 : 79;
	1905 : 83;
	1906 : 1B;
	1907 : 8C;
	1908 : B2;
	1909 : 23;
	190A : 79;
	190B : 98;
	190C : 99;
	190D : A1;
	190E : 51;
	190F : 88;
	1910 : 9F;
	1911 : 10;
	1912 : 14;
	1913 : 89;
	1914 : AC;
	1915 : 13;
	1916 : 28;
	1917 : 8A;
	1918 : C0;
	1919 : 51;
	191A : A9;
	191B : AB;
	191C : 26;
	191D : 38;
	191E : AA;
	191F : E8;
	1920 : 31;
	1921 : 29;
	1922 : 9B;
	1923 : 85;
	1924 : 20;
	1925 : BC;
	1926 : B4;
	1927 : 25;
	1928 : A0;
	1929 : 9A;
	192A : 98;
	192B : 08;
	192C : 62;
	192D : 1C;
	192E : 90;
	192F : B8;
	1930 : 50;
	1931 : 2B;
	1932 : C0;
	1933 : 95;
	1934 : 39;
	1935 : BB;
	1936 : 05;
	1937 : 00;
	1938 : 0E;
	1939 : 93;
	193A : 2A;
	193B : 03;
	193C : D2;
	193D : 2C;
	193E : A3;
	193F : AC;
	1940 : 40;
	1941 : 12;
	1942 : 9B;
	1943 : B3;
	1944 : C9;
	1945 : 61;
	1946 : 88;
	1947 : 19;
	1948 : 0A;
	1949 : B1;
	194A : B9;
	194B : 48;
	194C : 46;
	194D : 9A;
	194E : 00;
	194F : E1;
	1950 : 2A;
	1951 : 42;
	1952 : BC;
	1953 : 11;
	1954 : A3;
	1955 : 8D;
	1956 : 10;
	1957 : 20;
	1958 : 3A;
	1959 : C9;
	195A : D0;
	195B : 17;
	195C : 19;
	195D : 9A;
	195E : B3;
	195F : 49;
	1960 : A0;
	1961 : 23;
	1962 : 00;
	1963 : DA;
	1964 : 1A;
	1965 : 97;
	1966 : 09;
	1967 : 2A;
	1968 : 18;
	1969 : AA;
	196A : A3;
	196B : 43;
	196C : 0C;
	196D : C0;
	196E : 20;
	196F : 06;
	1970 : 7F;
	1971 : AC;
	1972 : 00;
	1973 : 30;
	1974 : 88;
	1975 : 9E;
	1976 : 40;
	1977 : 88;
	1978 : AA;
	1979 : 86;
	197A : 09;
	197B : 02;
	197C : BD;
	197D : 41;
	197E : 8B;
	197F : 92;
	1980 : 23;
	1981 : 8A;
	1982 : D8;
	1983 : 82;
	1984 : 41;
	1985 : CE;
	1986 : 01;
	1987 : 34;
	1988 : 9A;
	1989 : BA;
	198A : 36;
	198B : 0A;
	198C : 9A;
	198D : 83;
	198E : 51;
	198F : CA;
	1990 : A1;
	1991 : 26;
	1992 : 8A;
	1993 : 1A;
	1994 : A3;
	1995 : 30;
	1996 : A9;
	1997 : 8E;
	1998 : 15;
	1999 : 8A;
	199A : 89;
	199B : 25;
	199C : A9;
	199D : 18;
	199E : 03;
	199F : AD;
	19A0 : 81;
	19A1 : 3A;
	19A2 : 21;
	19A3 : D1;
	19A4 : BA;
	19A5 : 54;
	19A6 : 2C;
	19A7 : 9A;
	19A8 : 92;
	19A9 : 51;
	19AA : 99;
	19AB : C0;
	19AC : 49;
	19AD : 00;
	19AE : 98;
	19AF : 92;
	19B0 : 92;
	19B1 : 08;
	19B2 : 0E;
	19B3 : 04;
	19B4 : 3B;
	19B5 : C9;
	19B6 : 86;
	19B7 : 39;
	19B8 : B9;
	19B9 : B9;
	19BA : 43;
	19BB : 00;
	19BC : E9;
	19BD : 60;
	19BE : 98;
	19BF : 0A;
	19C0 : B4;
	19C1 : 20;
	19C2 : A9;
	19C3 : 1B;
	19C4 : 34;
	19C5 : 19;
	19C6 : C0;
	19C7 : B0;
	19C8 : 61;
	19C9 : 9A;
	19CA : 81;
	19CB : 15;
	19CC : 9F;
	19CD : 82;
	19CE : 01;
	19CF : 0A;
	19D0 : B1;
	19D1 : 29;
	19D2 : 29;
	19D3 : BB;
	19D4 : 17;
	19D5 : 39;
	19D6 : 9B;
	19D7 : E0;
	19D8 : 15;
	19D9 : 19;
	19DA : 9A;
	19DB : 0A;
	19DC : 25;
	19DD : 9A;
	19DE : 1A;
	19DF : 83;
	19E0 : 18;
	19E1 : 94;
	19E2 : 1D;
	19E3 : A3;
	19E4 : 0A;
	19E5 : 8A;
	19E6 : 08;
	19E7 : 46;
	19E8 : B0;
	19E9 : 1C;
	19EA : 18;
	19EB : 92;
	19EC : 32;
	19ED : 8C;
	19EE : A8;
	19EF : D2;
	19F0 : 7F;
	19F1 : 59;
	19F2 : 00;
	19F3 : 89;
	19F4 : 39;
	19F5 : AC;
	19F6 : 97;
	19F7 : 08;
	19F8 : 29;
	19F9 : C0;
	19FA : 08;
	19FB : 42;
	19FC : AC;
	19FD : 90;
	19FE : 17;
	19FF : 8A;
	1A00 : 09;
	1A01 : 95;
	1A02 : 29;
	1A03 : B8;
	1A04 : A9;
	1A05 : 51;
	1A06 : 90;
	1A07 : 8A;
	1A08 : 31;
	1A09 : B0;
	1A0A : 08;
	1A0B : D8;
	1A0C : 32;
	1A0D : 18;
	1A0E : 89;
	1A0F : 08;
	1A10 : 91;
	1A11 : 1A;
	1A12 : 12;
	1A13 : 88;
	1A14 : BB;
	1A15 : 82;
	1A16 : 63;
	1A17 : AA;
	1A18 : BA;
	1A19 : 06;
	1A1A : 1A;
	1A1B : 99;
	1A1C : B2;
	1A1D : 60;
	1A1E : 08;
	1A1F : B8;
	1A20 : 09;
	1A21 : 81;
	1A22 : 3C;
	1A23 : B7;
	1A24 : 09;
	1A25 : 80;
	1A26 : B8;
	1A27 : 51;
	1A28 : 90;
	1A29 : 99;
	1A2A : 99;
	1A2B : 25;
	1A2C : 0C;
	1A2D : A3;
	1A2E : 09;
	1A2F : 41;
	1A30 : 9A;
	1A31 : B9;
	1A32 : 42;
	1A33 : 8B;
	1A34 : B8;
	1A35 : 36;
	1A36 : 09;
	1A37 : D8;
	1A38 : 93;
	1A39 : 31;
	1A3A : 9A;
	1A3B : 9B;
	1A3C : 82;
	1A3D : 50;
	1A3E : A9;
	1A3F : 80;
	1A40 : 18;
	1A41 : 9B;
	1A42 : 07;
	1A43 : 09;
	1A44 : A0;
	1A45 : 09;
	1A46 : 2A;
	1A47 : 07;
	1A48 : A9;
	1A49 : 01;
	1A4A : 01;
	1A4B : 2F;
	1A4C : 90;
	1A4D : 13;
	1A4E : 88;
	1A4F : 9A;
	1A50 : A0;
	1A51 : 52;
	1A52 : AC;
	1A53 : 91;
	1A54 : 24;
	1A55 : 9B;
	1A56 : 80;
	1A57 : AA;
	1A58 : 45;
	1A59 : 98;
	1A5A : 0B;
	1A5B : 92;
	1A5C : 70;
	1A5D : B9;
	1A5E : 91;
	1A5F : 23;
	1A60 : 1A;
	1A61 : B8;
	1A62 : 8A;
	1A63 : 84;
	1A64 : 2D;
	1A65 : 91;
	1A66 : 31;
	1A67 : C0;
	1A68 : A0;
	1A69 : 41;
	1A6A : 98;
	1A6B : 1C;
	1A6C : 82;
	1A6D : 39;
	1A6E : A1;
	1A6F : 18;
	1A70 : 7F;
	1A71 : 2B;
	1A72 : B8;
	1A73 : 02;
	1A74 : 20;
	1A75 : 98;
	1A76 : 80;
	1A77 : 0A;
	1A78 : B0;
	1A79 : 23;
	1A7A : 18;
	1A7B : 8D;
	1A7C : 02;
	1A7D : 98;
	1A7E : 02;
	1A7F : 10;
	1A80 : 1B;
	1A81 : C8;
	1A82 : 22;
	1A83 : 00;
	1A84 : 0A;
	1A85 : A2;
	1A86 : 82;
	1A87 : 99;
	1A88 : 09;
	1A89 : 85;
	1A8A : 0A;
	1A8B : 99;
	1A8C : 91;
	1A8D : 20;
	1A8E : 39;
	1A8F : C0;
	1A90 : 08;
	1A91 : 92;
	1A92 : 08;
	1A93 : 1A;
	1A94 : 11;
	1A95 : 88;
	1A96 : B0;
	1A97 : 32;
	1A98 : A8;
	1A99 : 00;
	1A9A : B0;
	1A9B : 38;
	1A9C : 10;
	1A9D : A9;
	1A9E : 14;
	1A9F : CA;
	1AA0 : 08;
	1AA1 : 40;
	1AA2 : A0;
	1AA3 : 89;
	1AA4 : 38;
	1AA5 : B1;
	1AA6 : 01;
	1AA7 : 09;
	1AA8 : 2B;
	1AA9 : A1;
	1AAA : 88;
	1AAB : 12;
	1AAC : 00;
	1AAD : C1;
	1AAE : 3B;
	1AAF : 20;
	1AB0 : C8;
	1AB1 : 03;
	1AB2 : 10;
	1AB3 : 0C;
	1AB4 : 93;
	1AB5 : 0A;
	1AB6 : 91;
	1AB7 : 01;
	1AB8 : 08;
	1AB9 : 18;
	1ABA : AA;
	1ABB : 28;
	1ABC : 03;
	1ABD : 8B;
	1ABE : 80;
	1ABF : 09;
	1AC0 : 00;
	1AC1 : 81;
	1AC2 : 21;
	1AC3 : A9;
	1AC4 : 98;
	1AC5 : 01;
	1AC6 : 29;
	1AC7 : A8;
	1AC8 : 10;
	1AC9 : 02;
	1ACA : A9;
	1ACB : 00;
	1ACC : 00;
	1ACD : 19;
	1ACE : C9;
	1ACF : 85;
	1AD0 : 18;
	1AD1 : 98;
	1AD2 : 88;
	1AD3 : 50;
	1AD4 : BA;
	1AD5 : 04;
	1AD6 : 98;
	1AD7 : 0A;
	1AD8 : 81;
	1AD9 : 18;
	1ADA : 00;
	1ADB : 1A;
	1ADC : 98;
	1ADD : 19;
	1ADE : 13;
	1ADF : A8;
	1AE0 : 80;
	1AE1 : 88;
	1AE2 : 80;
	1AE3 : 00;
	1AE4 : 19;
	1AE5 : A0;
	1AE6 : 10;
	1AE7 : 81;
	1AE8 : 88;
	1AE9 : 11;
	1AEA : 8A;
	1AEB : 99;
	1AEC : 01;
	1AED : 10;
	1AEE : 90;
	1AEF : 89;
	1AF0 : 7F;
	1AF1 : 81;
	1AF2 : 19;
	1AF3 : 00;
	1AF4 : 08;
	1AF5 : 88;
	1AF6 : 00;
	1AF7 : 88;
	1AF8 : 80;
	1AF9 : 00;
	1AFA : 09;
	1AFB : 21;
	1AFC : C0;
	1AFD : 09;
	1AFE : 01;
	1AFF : 2A;
	1B00 : 90;
	1B01 : 80;
	1B02 : 10;
	1B03 : 99;
	1B04 : 00;
	1B05 : 01;
	1B06 : 89;
	1B07 : 08;
	1B08 : 82;
	1B09 : 88;
	1B0A : 80;
	1B0B : 10;
	1B0C : A8;
	1B0D : 90;
	1B0E : 00;
	1B0F : 00;
	1B10 : 18;
	1B11 : 90;
	1B12 : 89;
	1B13 : 00;
	1B14 : 00;
	1B15 : 09;
	1B16 : 08;
	1B17 : 81;
	1B18 : 10;
	1B19 : A8;
	1B1A : 18;
	1B1B : 00;
	1B1C : 09;
	1B1D : 98;
	1B1E : 02;
	1B1F : 08;
	1B20 : 9A;
	1B21 : 81;
	1B22 : 20;
	1B23 : 88;
	1B24 : 80;
	1B25 : 81;
	1B26 : 08;
	1B27 : 99;
	1B28 : 92;
	1B29 : 20;
	1B2A : 89;
	1B2B : 90;
	1B2C : 81;
	1B2D : 10;
	1B2E : 99;
	1B2F : 88;
	1B30 : 10;
	1B31 : 80;
	1B32 : 90;
	1B33 : 80;
	1B34 : 10;
	1B35 : 09;
	1B36 : 00;
	1B37 : 90;
	1B38 : 88;
	1B39 : 88;
	1B3A : 00;
	1B3B : 00;
	1B3C : 09;
	1B3D : 18;
	1B3E : 89;
	1B3F : 12;
	1B40 : 98;
	1B41 : 08;
	1B42 : 91;
	1B43 : 08;
	1B44 : 80;
	1B45 : 09;
	1B46 : 18;
	1B47 : 88;
	1B48 : 80;
	1B49 : 01;
	1B4A : 09;
	1B4B : 90;
	1B4C : 01;
	1B4D : 08;
	1B4E : 88;
	1B4F : 80;
	1B50 : 88;
	1B51 : 88;
	1B52 : 00;
	1B53 : 10;
	1B54 : 80;
	1B55 : 90;
	1B56 : 88;
	1B57 : 80;
	1B58 : 01;
	1B59 : 09;
	1B5A : 88;
	1B5B : 80;
	1B5C : 00;
	1B5D : 81;
	1B5E : 09;
	1B5F : 80;
	1B60 : 80;
	1B61 : 08;
	1B62 : 80;
	1B63 : 00;
	1B64 : 88;
	1B65 : 80;
	1B66 : 08;
	1B67 : 88;
	1B68 : 80;
	1B69 : 18;
	1B6A : 88;
	1B6B : 08;
	1B6C : 02;
	1B6D : 99;
	1B6E : 91;
	1B6F : 00;
	1B70 : 7F;
	1B71 : 1A;
	1B72 : 82;
	1B73 : 09;
	1B74 : 88;
	1B75 : 81;
	1B76 : 09;
	1B77 : 10;
	1B78 : 98;
	1B79 : 90;
	1B7A : 12;
	1B7B : 98;
	1B7C : 80;
	1B7D : 08;
	1B7E : 19;
	1B7F : 88;
	1B80 : 00;
	1B81 : 08;
	1B82 : 88;
	1B83 : 00;
	1B84 : 80;
	1B85 : 08;
	1B86 : 90;
	1B87 : 29;
	1B88 : 80;
	1B89 : 88;
	1B8A : 08;
	1B8B : 80;
	1B8C : 08;
	1B8D : 00;
	1B8E : 18;
	1B8F : 98;
	1B90 : 00;
	1B91 : 80;
	1B92 : 08;
	1B93 : 90;
	1B94 : 00;
	1B95 : 08;
	1B96 : A8;
	1B97 : 11;
	1B98 : 08;
	1B99 : 80;
	1B9A : 89;
	1B9B : 11;
	1B9C : 80;
	1B9D : 88;
	1B9E : 90;
	1B9F : 08;
	1BA0 : 00;
	1BA1 : 88;
	1BA2 : 10;
	1BA3 : 90;
	1BA4 : 80;
	1BA5 : 80;
	1BA6 : 88;
	1BA7 : 00;
	1BA8 : 80;
	1BA9 : 80;
	1BAA : 80;
	1BAB : 88;
	1BAC : 00;
	1BAD : 88;
	1BAE : 00;
	1BAF : 00;
	1BB0 : 89;
	1BB1 : 80;
	1BB2 : 08;
	1BB3 : 00;
	1BB4 : 88;
	1BB5 : 08;
	1BB6 : 80;
	1BB7 : 00;
	1BB8 : 80;
	1BB9 : 80;
	1BBA : 80;
	1BBB : 80;
	1BBC : 09;
	1BBD : 80;
	1BBE : 19;
	1BBF : 00;
	1BC0 : 88;
	1BC1 : 00;
	1BC2 : 88;
	1BC3 : 00;
	1BC4 : 08;
	1BC5 : 80;
	1BC6 : 80;
	1BC7 : 80;
	1BC8 : 88;
	1BC9 : 00;
	1BCA : 08;
	1BCB : 80;
	1BCC : 89;
	1BCD : 10;
	1BCE : 80;
	1BCF : 80;
	1BD0 : 80;
	1BD1 : 08;
	1BD2 : 88;
	1BD3 : 00;
	1BD4 : 80;
	1BD5 : 80;
	1BD6 : 91;
	1BD7 : 09;
	1BD8 : 00;
	1BD9 : 80;
	1BDA : 80;
	1BDB : 80;
	1BDC : 80;
	1BDD : 80;
	1BDE : 00;
	1BDF : 88;
	1BE0 : 80;
	1BE1 : 80;
	1BE2 : 08;
	1BE3 : 88;
	1BE4 : 00;
	1BE5 : 08;
	1BE6 : 80;
	1BE7 : 80;
	1BE8 : 80;
	1BE9 : 80;
	1BEA : 80;
	1BEB : 08;
	1BEC : 88;
	1BED : 00;
	1BEE : 08;
	1BEF : 08;
	1BF0 : 7F;
	1BF1 : 80;
	1BF2 : 88;
	1BF3 : 00;
	1BF4 : 80;
	1BF5 : 80;
	1BF6 : 80;
	1BF7 : 80;
	1BF8 : 80;
	1BF9 : 80;
	1BFA : 80;
	1BFB : 80;
	1BFC : 80;
	1BFD : 80;
	1BFE : 08;
	1BFF : 80;
	1C00 : 80;
	1C01 : 80;
	1C02 : 80;
	1C03 : 08;
	1C04 : 88;
	1C05 : 00;
	1C06 : 08;
	1C07 : 88;
	1C08 : 00;
	1C09 : 80;
	1C0A : 80;
	1C0B : 80;
	1C0C : 08;
	1C0D : 80;
	1C0E : 88;
	1C0F : 00;
	1C10 : 08;
	1C11 : 09;
	1C12 : 00;
	1C13 : 80;
	1C14 : 80;
	1C15 : 80;
	1C16 : 08;
	1C17 : 88;
	1C18 : 08;
	1C19 : 00;
	1C1A : 80;
	1C1B : 00;
	1C1C : 90;
	1C1D : 08;
	1C1E : 88;
	1C1F : 00;
	1C20 : 80;
	1C21 : 80;
	1C22 : 80;
	1C23 : 80;
	1C24 : 08;
	1C25 : 80;
	1C26 : 88;
	1C27 : 00;
	1C28 : 80;
	1C29 : 80;
	1C2A : 80;
	1C2B : 80;
	1C2C : 80;
	1C2D : 80;
	1C2E : 08;
	1C2F : 80;
	1C30 : 80;
	1C31 : 80;
	1C32 : 08;
	1C33 : 08;
	1C34 : 80;
	1C35 : 80;
	1C36 : 80;
	1C37 : 80;
	1C38 : 08;
	1C39 : 88;
	1C3A : 00;
	1C3B : 80;
	1C3C : 08;
	1C3D : 80;
	1C3E : 80;
	1C3F : 80;
	1C40 : 80;
	1C41 : 08;
	1C42 : 80;
	1C43 : 80;
	1C44 : 80;
	1C45 : 88;
	1C46 : 00;
	1C47 : 08;
	1C48 : 08;
	1C49 : 80;
	1C4A : 80;
	1C4B : 80;
	1C4C : 80;
	1C4D : 80;
	1C4E : 08;
	1C4F : 80;
	1C50 : 80;
	1C51 : 80;
	1C52 : 80;
	1C53 : 80;
	1C54 : 80;
	1C55 : 80;
	1C56 : 80;
	1C57 : 80;
	1C58 : 80;
	1C59 : 80;
	1C5A : 80;
	1C5B : 80;
	1C5C : 80;
	1C5D : 80;
	1C5E : 80;
	1C5F : 80;
	1C60 : 80;
	1C61 : 80;
	1C62 : 80;
	1C63 : 80;
	1C64 : 80;
	1C65 : 80;
	1C66 : 80;
	1C67 : 80;
	1C68 : 80;
	1C69 : 80;
	1C6A : 80;
	1C6B : 80;
	1C6C : 80;
	1C6D : 80;
	1C6E : 80;
	1C6F : 80;
	1C70 : 09;
	1C71 : 80;
	1C72 : 80;
	1C73 : 80;
	1C74 : 80;
	1C75 : 80;
	1C76 : 80;
	1C77 : 80;
	1C78 : 80;
	1C79 : 80;
	1C7A : 00;
	1C7B : 00;
	1C7C : 00;
	1C7D : 00;
	1C7E : 00;
	1C7F : 00;
	1C80 : 7F;
	1C81 : 00;
	1C82 : 80;
	1C83 : 80;
	1C84 : 80;
	1C85 : 80;
	1C86 : 80;
	1C87 : 80;
	1C88 : 80;
	1C89 : 80;
	1C8A : 80;
	1C8B : 80;
	1C8C : 88;
	1C8D : 08;
	1C8E : 08;
	1C8F : 88;
	1C90 : 08;
	1C91 : 89;
	1C92 : A8;
	1C93 : 57;
	1C94 : 0D;
	1C95 : 73;
	1C96 : F4;
	1C97 : 9A;
	1C98 : 8A;
	1C99 : 68;
	1C9A : B3;
	1C9B : 9B;
	1C9C : B8;
	1C9D : 74;
	1C9E : AB;
	1C9F : 32;
	1CA0 : A6;
	1CA1 : AC;
	1CA2 : 04;
	1CA3 : 1C;
	1CA4 : 8B;
	1CA5 : 16;
	1CA6 : 9A;
	1CA7 : 18;
	1CA8 : 02;
	1CA9 : 94;
	1CAA : A9;
	1CAB : 22;
	1CAC : 5C;
	1CAD : 02;
	1CAE : A8;
	1CAF : 01;
	1CB0 : AE;
	1CB1 : 98;
	1CB2 : 10;
	1CB3 : 10;
	1CB4 : 32;
	1CB5 : 19;
	1CB6 : AA;
	1CB7 : CA;
	1CB8 : 9A;
	1CB9 : 98;
	1CBA : 02;
	1CBB : 1A;
	1CBC : B5;
	1CBD : 88;
	1CBE : 33;
	1CBF : 50;
	1CC0 : 15;
	1CC1 : 42;
	1CC2 : 15;
	1CC3 : 21;
	1CC4 : AC;
	1CC5 : BB;
	1CC6 : A9;
	1CC7 : A8;
	1CC8 : 9A;
	1CC9 : 99;
	1CCA : AE;
	1CCB : CB;
	1CCC : BB;
	1CCD : B0;
	1CCE : 47;
	1CCF : 32;
	1CD0 : 22;
	1CD1 : 11;
	1CD2 : 21;
	1CD3 : 37;
	1CD4 : 22;
	1CD5 : 32;
	1CD6 : 09;
	1CD7 : AE;
	1CD8 : BB;
	1CD9 : AB;
	1CDA : B9;
	1CDB : CB;
	1CDC : CA;
	1CDD : BB;
	1CDE : CA;
	1CDF : 81;
	1CE0 : 74;
	1CE1 : 22;
	1CE2 : 10;
	1CE3 : 02;
	1CE4 : 00;
	1CE5 : 10;
	1CE6 : 10;
	1CE7 : 12;
	1CE8 : 34;
	1CE9 : 33;
	1CEA : 43;
	1CEB : 32;
	1CEC : AB;
	1CED : FF;
	1CEE : D9;
	1CEF : 99;
	1CF0 : 88;
	1CF1 : 90;
	1CF2 : 88;
	1CF3 : 88;
	1CF4 : 88;
	1CF5 : 09;
	1CF6 : BC;
	1CF7 : BC;
	1CF8 : BC;
	1CF9 : B8;
	1CFA : 27;
	1CFB : 54;
	1CFC : 11;
	1CFD : 11;
	1CFE : 00;
	1CFF : 11;
	1D00 : 7F;
	1D01 : 00;
	1D02 : 12;
	1D03 : 36;
	1D04 : 34;
	1D05 : 22;
	1D06 : 1D;
	1D07 : DA;
	1D08 : B9;
	1D09 : 9A;
	1D0A : 89;
	1D0B : 98;
	1D0C : 9A;
	1D0D : 9A;
	1D0E : DB;
	1D0F : DA;
	1D10 : BA;
	1D11 : 90;
	1D12 : 47;
	1D13 : 33;
	1D14 : 12;
	1D15 : 11;
	1D16 : 10;
	1D17 : 11;
	1D18 : 01;
	1D19 : 01;
	1D1A : 24;
	1D1B : 32;
	1D1C : 43;
	1D1D : 33;
	1D1E : 2B;
	1D1F : CD;
	1D20 : FD;
	1D21 : AB;
	1D22 : 99;
	1D23 : 98;
	1D24 : 90;
	1D25 : 88;
	1D26 : 08;
	1D27 : 00;
	1D28 : 08;
	1D29 : 8B;
	1D2A : EA;
	1D2B : AB;
	1D2C : B9;
	1D2D : A9;
	1D2E : 47;
	1D2F : 43;
	1D30 : 25;
	1D31 : 32;
	1D32 : 34;
	1D33 : 11;
	1D34 : 20;
	1D35 : 20;
	1D36 : 81;
	1D37 : 0A;
	1D38 : 98;
	1D39 : B8;
	1D3A : BB;
	1D3B : 9F;
	1D3C : 93;
	1D3D : 0D;
	1D3E : 82;
	1D3F : 25;
	1D40 : F9;
	1D41 : 4A;
	1D42 : 90;
	1D43 : BB;
	1D44 : 8B;
	1D45 : EB;
	1D46 : CA;
	1D47 : 08;
	1D48 : A8;
	1D49 : 01;
	1D4A : 80;
	1D4B : 11;
	1D4C : 12;
	1D4D : 21;
	1D4E : 40;
	1D4F : 11;
	1D50 : 80;
	1D51 : AC;
	1D52 : C9;
	1D53 : 8F;
	1D54 : 92;
	1D55 : 82;
	1D56 : 44;
	1D57 : 76;
	1D58 : 22;
	1D59 : 00;
	1D5A : 12;
	1D5B : 88;
	1D5C : 80;
	1D5D : 80;
	1D5E : 09;
	1D5F : 81;
	1D60 : 04;
	1D61 : 2D;
	1D62 : 34;
	1D63 : 23;
	1D64 : EA;
	1D65 : 60;
	1D66 : BA;
	1D67 : BD;
	1D68 : 99;
	1D69 : AB;
	1D6A : 9A;
	1D6B : 91;
	1D6C : 1B;
	1D6D : B0;
	1D6E : 01;
	1D6F : 10;
	1D70 : 0A;
	1D71 : CD;
	1D72 : AA;
	1D73 : 13;
	1D74 : 54;
	1D75 : 12;
	1D76 : 63;
	1D77 : 1A;
	1D78 : 01;
	1D79 : 09;
	1D7A : 99;
	1D7B : A2;
	1D7C : 77;
	1D7D : 21;
	1D7E : 00;
	1D7F : 11;
	1D80 : 7F;
	1D81 : 00;
	1D82 : 22;
	1D83 : 34;
	1D84 : 70;
	1D85 : B0;
	1D86 : 28;
	1D87 : FC;
	1D88 : 99;
	1D89 : AB;
	1D8A : BA;
	1D8B : F0;
	1D8C : 19;
	1D8D : 22;
	1D8E : 11;
	1D8F : 22;
	1D90 : 02;
	1D91 : 38;
	1D92 : 54;
	1D93 : 89;
	1D94 : 50;
	1D95 : B1;
	1D96 : 08;
	1D97 : AC;
	1D98 : BF;
	1D99 : 88;
	1D9A : 89;
	1D9B : A8;
	1D9C : 00;
	1D9D : A9;
	1D9E : 80;
	1D9F : 89;
	1DA0 : 30;
	1DA1 : BF;
	1DA2 : A7;
	1DA3 : 29;
	1DA4 : B1;
	1DA5 : 5B;
	1DA6 : 52;
	1DA7 : D0;
	1DA8 : 21;
	1DA9 : 3C;
	1DAA : 04;
	1DAB : A9;
	1DAC : 39;
	1DAD : 05;
	1DAE : BB;
	1DAF : 33;
	1DB0 : 8B;
	1DB1 : A2;
	1DB2 : 50;
	1DB3 : B9;
	1DB4 : 21;
	1DB5 : 09;
	1DB6 : 12;
	1DB7 : 0A;
	1DB8 : 92;
	1DB9 : 1C;
	1DBA : A1;
	1DBB : A8;
	1DBC : 81;
	1DBD : 44;
	1DBE : 0F;
	1DBF : 00;
	1DC0 : 82;
	1DC1 : 0C;
	1DC2 : B4;
	1DC3 : AE;
	1DC4 : 09;
	1DC5 : CA;
	1DC6 : 9B;
	1DC7 : A9;
	1DC8 : C0;
	1DC9 : 8A;
	1DCA : 81;
	1DCB : 52;
	1DCC : 10;
	1DCD : 21;
	1DCE : 03;
	1DCF : 01;
	1DD0 : 28;
	1DD1 : 0B;
	1DD2 : FF;
	1DD3 : C2;
	1DD4 : 11;
	1DD5 : 0F;
	1DD6 : 94;
	1DD7 : 33;
	1DD8 : 98;
	1DD9 : 13;
	1DDA : 41;
	1DDB : A8;
	1DDC : 30;
	1DDD : 38;
	1DDE : 91;
	1DDF : 00;
	1DE0 : 74;
	1DE1 : 0A;
	1DE2 : DB;
	1DE3 : 72;
	1DE4 : BA;
	1DE5 : C0;
	1DE6 : 2E;
	1DE7 : A3;
	1DE8 : 2A;
	1DE9 : 9B;
	1DEA : 21;
	1DEB : D2;
	1DEC : 0A;
	1DED : 40;
	1DEE : D0;
	1DEF : 30;
	1DF0 : C8;
	1DF1 : 12;
	1DF2 : 3A;
	1DF3 : E9;
	1DF4 : 35;
	1DF5 : 9A;
	1DF6 : 08;
	1DF7 : 93;
	1DF8 : 13;
	1DF9 : DA;
	1DFA : 20;
	1DFB : 13;
	1DFC : 89;
	1DFD : 21;
	1DFE : C5;
	1DFF : 90;
	1E00 : 7F;
	1E01 : 3C;
	1E02 : 97;
	1E03 : 1E;
	1E04 : 82;
	1E05 : 88;
	1E06 : 09;
	1E07 : 00;
	1E08 : 80;
	1E09 : A9;
	1E0A : 1A;
	1E0B : A8;
	1E0C : 09;
	1E0D : 92;
	1E0E : A1;
	1E0F : 88;
	1E10 : 88;
	1E11 : 9A;
	1E12 : BE;
	1E13 : 09;
	1E14 : 20;
	1E15 : FC;
	1E16 : 16;
	1E17 : 39;
	1E18 : 03;
	1E19 : 02;
	1E1A : 32;
	1E1B : 23;
	1E1C : 89;
	1E1D : 12;
	1E1E : 98;
	1E1F : 38;
	1E20 : 1C;
	1E21 : 90;
	1E22 : D9;
	1E23 : 1B;
	1E24 : 0A;
	1E25 : F9;
	1E26 : 90;
	1E27 : 98;
	1E28 : 10;
	1E29 : B3;
	1E2A : 58;
	1E2B : 73;
	1E2C : BE;
	1E2D : 23;
	1E2E : C9;
	1E2F : 9E;
	1E30 : 81;
	1E31 : BB;
	1E32 : 0D;
	1E33 : 91;
	1E34 : 89;
	1E35 : A8;
	1E36 : 51;
	1E37 : 0A;
	1E38 : 92;
	1E39 : 08;
	1E3A : 94;
	1E3B : 8D;
	1E3C : A7;
	1E3D : 39;
	1E3E : 0B;
	1E3F : D8;
	1E40 : 62;
	1E41 : C1;
	1E42 : 29;
	1E43 : 08;
	1E44 : 46;
	1E45 : 89;
	1E46 : 10;
	1E47 : 89;
	1E48 : 30;
	1E49 : D1;
	1E4A : 98;
	1E4B : 91;
	1E4C : 0C;
	1E4D : 83;
	1E4E : 9B;
	1E4F : 5C;
	1E50 : B3;
	1E51 : 41;
	1E52 : D8;
	1E53 : 20;
	1E54 : 18;
	1E55 : 82;
	1E56 : 19;
	1E57 : 11;
	1E58 : A0;
	1E59 : 89;
	1E5A : 18;
	1E5B : 2E;
	1E5C : 92;
	1E5D : 58;
	1E5E : F1;
	1E5F : 2B;
	1E60 : 03;
	1E61 : AF;
	1E62 : 21;
	1E63 : A9;
	1E64 : 9A;
	1E65 : 9A;
	1E66 : AA;
	1E67 : 92;
	1E68 : A0;
	1E69 : 90;
	1E6A : 7C;
	1E6B : 11;
	1E6C : 01;
	1E6D : 82;
	1E6E : 90;
	1E6F : 40;
	1E70 : 88;
	1E71 : 11;
	1E72 : 9C;
	1E73 : 04;
	1E74 : EA;
	1E75 : 18;
	1E76 : 47;
	1E77 : A0;
	1E78 : 08;
	1E79 : 30;
	1E7A : 61;
	1E7B : 09;
	1E7C : 91;
	1E7D : 05;
	1E7E : 8B;
	1E7F : 11;
	1E80 : 7F;
	1E81 : A4;
	1E82 : 5D;
	1E83 : B3;
	1E84 : 08;
	1E85 : 48;
	1E86 : F8;
	1E87 : 21;
	1E88 : 8D;
	1E89 : 03;
	1E8A : 9B;
	1E8B : 28;
	1E8C : C1;
	1E8D : 1D;
	1E8E : 12;
	1E8F : D0;
	1E90 : 20;
	1E91 : 1A;
	1E92 : 89;
	1E93 : 83;
	1E94 : 90;
	1E95 : A8;
	1E96 : 80;
	1E97 : BB;
	1E98 : 72;
	1E99 : 88;
	1E9A : CB;
	1E9B : 62;
	1E9C : D0;
	1E9D : 2A;
	1E9E : 92;
	1E9F : 22;
	1EA0 : 9B;
	1EA1 : 68;
	1EA2 : 13;
	1EA3 : C1;
	1EA4 : 00;
	1EA5 : 10;
	1EA6 : 90;
	1EA7 : 00;
	1EA8 : 44;
	1EA9 : CC;
	1EAA : 18;
	1EAB : 13;
	1EAC : 2E;
	1EAD : C0;
	1EAE : 11;
	1EAF : 00;
	1EB0 : 89;
	1EB1 : A9;
	1EB2 : 0E;
	1EB3 : 30;
	1EB4 : E8;
	1EB5 : 02;
	1EB6 : 0A;
	1EB7 : 08;
	1EB8 : A8;
	1EB9 : 0A;
	1EBA : 92;
	1EBB : 0E;
	1EBC : B7;
	1EBD : 2D;
	1EBE : 00;
	1EBF : 03;
	1EC0 : BA;
	1EC1 : 29;
	1EC2 : 42;
	1EC3 : B2;
	1EC4 : 78;
	1EC5 : B1;
	1EC6 : 31;
	1EC7 : 8B;
	1EC8 : 14;
	1EC9 : AB;
	1ECA : 48;
	1ECB : 80;
	1ECC : 20;
	1ECD : D0;
	1ECE : 19;
	1ECF : 18;
	1ED0 : 98;
	1ED1 : 1A;
	1ED2 : 89;
	1ED3 : 80;
	1ED4 : 91;
	1ED5 : B0;
	1ED6 : 13;
	1ED7 : 9D;
	1ED8 : 17;
	1ED9 : 3F;
	1EDA : 84;
	1EDB : 00;
	1EDC : D8;
	1EDD : 3A;
	1EDE : BA;
	1EDF : 99;
	1EE0 : 8B;
	1EE1 : 98;
	1EE2 : 81;
	1EE3 : AB;
	1EE4 : 19;
	1EE5 : FA;
	1EE6 : 70;
	1EE7 : B8;
	1EE8 : 86;
	1EE9 : 01;
	1EEA : 3D;
	1EEB : A9;
	1EEC : 42;
	1EED : 2B;
	1EEE : 82;
	1EEF : F4;
	1EF0 : 19;
	1EF1 : 11;
	1EF2 : 94;
	1EF3 : 9A;
	1EF4 : 31;
	1EF5 : 3D;
	1EF6 : 92;
	1EF7 : 1B;
	1EF8 : 26;
	1EF9 : 99;
	1EFA : B3;
	1EFB : 31;
	1EFC : EA;
	1EFD : 59;
	1EFE : AB;
	1EFF : 15;
	1F00 : 7F;
	1F01 : A9;
	1F02 : 99;
	1F03 : 09;
	1F04 : 13;
	1F05 : CE;
	1F06 : 13;
	1F07 : 2B;
	1F08 : A0;
	1F09 : 50;
	1F0A : E3;
	1F0B : 2A;
	1F0C : 02;
	1F0D : 8B;
	1F0E : 23;
	1F0F : F8;
	1F10 : 49;
	1F11 : 80;
	1F12 : 90;
	1F13 : C2;
	1F14 : 29;
	1F15 : 89;
	1F16 : 89;
	1F17 : 00;
	1F18 : 80;
	1F19 : 99;
	1F1A : CD;
	1F1B : 37;
	1F1C : 9D;
	1F1D : 23;
	1F1E : 99;
	1F1F : 00;
	1F20 : 83;
	1F21 : B0;
	1F22 : 58;
	1F23 : 0A;
	1F24 : 5A;
	1F25 : 12;
	1F26 : E3;
	1F27 : 0C;
	1F28 : 22;
	1F29 : BA;
	1F2A : 38;
	1F2B : B1;
	1F2C : 08;
	1F2D : 49;
	1F2E : 93;
	1F2F : C8;
	1F30 : 69;
	1F31 : 88;
	1F32 : B3;
	1F33 : 2A;
	1F34 : 0B;
	1F35 : B7;
	1F36 : 2E;
	1F37 : B3;
	1F38 : 3A;
	1F39 : 98;
	1F3A : 8D;
	1F3B : 13;
	1F3C : A8;
	1F3D : A9;
	1F3E : 21;
	1F3F : 99;
	1F40 : 88;
	1F41 : 28;
	1F42 : 9B;
	1F43 : 83;
	1F44 : 3C;
	1F45 : 36;
	1F46 : 88;
	1F47 : 21;
	1F48 : 08;
	1F49 : 28;
	1F4A : 01;
	1F4B : D8;
	1F4C : F7;
	1F4D : 8D;
	1F4E : 58;
	1F4F : B3;
	1F50 : 29;
	1F51 : 89;
	1F52 : 52;
	1F53 : E0;
	1F54 : 20;
	1F55 : 91;
	1F56 : 89;
	1F57 : 23;
	1F58 : C9;
	1F59 : 4B;
	1F5A : 00;
	1F5B : 82;
	1F5C : 08;
	1F5D : 90;
	1F5E : 90;
	1F5F : 19;
	1F60 : 88;
	1F61 : A0;
	1F62 : AC;
	1F63 : 80;
	1F64 : 89;
	1F65 : 08;
	1F66 : 10;
	1F67 : 7C;
	1F68 : 37;
	1F69 : EA;
	1F6A : 40;
	1F6B : 0A;
	1F6C : E3;
	1F6D : 8A;
	1F6E : 0A;
	1F6F : 91;
	1F70 : 0B;
	1F71 : 10;
	1F72 : B3;
	1F73 : 8D;
	1F74 : 83;
	1F75 : 0B;
	1F76 : 58;
	1F77 : 82;
	1F78 : 81;
	1F79 : 19;
	1F7A : 49;
	1F7B : 02;
	1F7C : A1;
	1F7D : 1D;
	1F7E : C3;
	1F7F : C0;
	1F80 : 7F;
	1F81 : 79;
	1F82 : 02;
	1F83 : E2;
	1F84 : 11;
	1F85 : 12;
	1F86 : 39;
	1F87 : 09;
	1F88 : 23;
	1F89 : 40;
	1F8A : C1;
	1F8B : 09;
	1F8C : 18;
	1F8D : B1;
	1F8E : A4;
	1F8F : 3F;
	1F90 : A4;
	1F91 : 3F;
	1F92 : A3;
	1F93 : 08;
	1F94 : 11;
	1F95 : FB;
	1F96 : 49;
	1F97 : 29;
	1F98 : A0;
	1F99 : 1B;
	1F9A : 91;
	1F9B : 9D;
	1F9C : 20;
	1F9D : 90;
	1F9E : AA;
	1F9F : 83;
	1FA0 : 1D;
	1FA1 : C2;
	1FA2 : 7A;
	1FA3 : 98;
	1FA4 : 24;
	1FA5 : BA;
	1FA6 : 68;
	1FA7 : A6;
	1FA8 : 99;
	1FA9 : 11;
	1FAA : 3A;
	1FAB : A2;
	1FAC : 3D;
	1FAD : A4;
	1FAE : 1A;
	1FAF : 88;
	1FB0 : C3;
	1FB1 : 3F;
	1FB2 : 13;
	1FB3 : B9;
	1FB4 : 10;
	1FB5 : 10;
	1FB6 : 80;
	1FB7 : 82;
	1FB8 : 91;
	1FB9 : 1C;
	1FBA : 01;
	1FBB : 94;
	1FBC : 2D;
	1FBD : 03;
	1FBE : E0;
	1FBF : 3A;
	1FC0 : B8;
	1FC1 : 5A;
	1FC2 : B7;
	1FC3 : B9;
	1FC4 : 8A;
	1FC5 : 48;
	1FC6 : 08;
	1FC7 : 80;
	1FC8 : 21;
	1FC9 : B2;
	1FCA : 9F;
	1FCB : 34;
	1FCC : AB;
	1FCD : A2;
	1FCE : 40;
	1FCF : A1;
	1FD0 : B9;
	1FD1 : 5A;
	1FD2 : 81;
	1FD3 : 98;
	1FD4 : 3D;
	1FD5 : A2;
	1FD6 : AD;
	1FD7 : 52;
	1FD8 : D2;
	1FD9 : 00;
	1FDA : 0A;
	1FDB : 30;
	1FDC : C2;
	1FDD : 58;
	1FDE : A1;
	1FDF : A4;
	1FE0 : 3E;
	1FE1 : 00;
	1FE2 : 80;
	1FE3 : A6;
	1FE4 : 9B;
	1FE5 : 28;
	1FE6 : 90;
	1FE7 : 3A;
	1FE8 : 85;
	1FE9 : 29;
	1FEA : D0;
	1FEB : 13;
	1FEC : 9E;
	1FED : 98;
	1FEE : 58;
	1FEF : D0;
	1FF0 : 21;
	1FF1 : AA;
	1FF2 : 30;
	1FF3 : 00;
	1FF4 : A9;
	1FF5 : 15;
	1FF6 : 8D;
	1FF7 : 84;
	1FF8 : 1C;
	1FF9 : 83;
	1FFA : 1A;
	1FFB : 90;
	1FFC : 89;
	1FFD : 01;
	1FFE : D9;
	1FFF : 32;
	2000 : 7F;
	2001 : 09;
	2002 : B5;
	2003 : 09;
	2004 : 99;
	2005 : 30;
	2006 : C0;
	2007 : 3C;
	2008 : E8;
	2009 : 52;
	200A : B0;
	200B : 80;
	200C : 4B;
	200D : 95;
	200E : 98;
	200F : 28;
	2010 : 21;
	2011 : D3;
	2012 : 0C;
	2013 : 12;
	2014 : 2B;
	2015 : D2;
	2016 : 4A;
	2017 : A2;
	2018 : 2C;
	2019 : B0;
	201A : 08;
	201B : 3B;
	201C : B9;
	201D : 42;
	201E : D9;
	201F : 02;
	2020 : 3C;
	2021 : 84;
	2022 : 81;
	2023 : 0A;
	2024 : 24;
	2025 : 93;
	2026 : BF;
	2027 : 22;
	2028 : AA;
	2029 : CA;
	202A : 48;
	202B : C0;
	202C : 2C;
	202D : 03;
	202E : 89;
	202F : F3;
	2030 : 4A;
	2031 : 92;
	2032 : 8C;
	2033 : 31;
	2034 : C1;
	2035 : 29;
	2036 : 2B;
	2037 : 06;
	2038 : 88;
	2039 : 89;
	203A : 88;
	203B : 08;
	203C : 88;
	203D : AC;
	203E : 48;
	203F : E4;
	2040 : 1A;
	2041 : B2;
	2042 : 20;
	2043 : 48;
	2044 : 02;
	2045 : 90;
	2046 : 13;
	2047 : 8A;
	2048 : 63;
	2049 : 4B;
	204A : F9;
	204B : 32;
	204C : C9;
	204D : 2A;
	204E : A5;
	204F : 9C;
	2050 : 09;
	2051 : 13;
	2052 : 8D;
	2053 : 10;
	2054 : 82;
	2055 : 98;
	2056 : 3D;
	2057 : 93;
	2058 : 8A;
	2059 : 07;
	205A : AD;
	205B : 12;
	205C : 2A;
	205D : B1;
	205E : 12;
	205F : A9;
	2060 : 78;
	2061 : 90;
	2062 : A0;
	2063 : 58;
	2064 : A9;
	2065 : 39;
	2066 : B1;
	2067 : 19;
	2068 : 80;
	2069 : BD;
	206A : A6;
	206B : 18;
	206C : 8A;
	206D : 86;
	206E : 8C;
	206F : 91;
	2070 : 41;
	2071 : 8B;
	2072 : 91;
	2073 : 13;
	2074 : 49;
	2075 : B4;
	2076 : 39;
	2077 : 2E;
	2078 : 84;
	2079 : A8;
	207A : 58;
	207B : A8;
	207C : 22;
	207D : CB;
	207E : 51;
	207F : B9;
	2080 : 7F;
	2081 : 99;
	2082 : 2C;
	2083 : A7;
	2084 : AA;
	2085 : 32;
	2086 : C9;
	2087 : 38;
	2088 : 40;
	2089 : E8;
	208A : 30;
	208B : A1;
	208C : 39;
	208D : D9;
	208E : 33;
	208F : 0C;
	2090 : C1;
	2091 : 41;
	2092 : 8B;
	2093 : 89;
	2094 : 42;
	2095 : AA;
	2096 : B7;
	2097 : 19;
	2098 : B9;
	2099 : 48;
	209A : 93;
	209B : 9A;
	209C : 48;
	209D : 2D;
	209E : B3;
	209F : 4A;
	20A0 : B0;
	20A1 : 81;
	20A2 : 48;
	20A3 : A1;
	20A4 : 3B;
	20A5 : 07;
	20A6 : 2C;
	20A7 : C1;
	20A8 : 40;
	20A9 : A8;
	20AA : 89;
	20AB : 03;
	20AC : 8B;
	20AD : CA;
	20AE : 18;
	20AF : 68;
	20B0 : 08;
	20B1 : E0;
	20B2 : 13;
	20B3 : 1D;
	20B4 : 82;
	20B5 : 89;
	20B6 : 23;
	20B7 : 19;
	20B8 : D8;
	20B9 : 48;
	20BA : A8;
	20BB : 0A;
	20BC : D4;
	20BD : 1A;
	20BE : 0A;
	20BF : BA;
	20C0 : 63;
	20C1 : 9B;
	20C2 : 96;
	20C3 : 0A;
	20C4 : 01;
	20C5 : 09;
	20C6 : 21;
	20C7 : 38;
	20C8 : A4;
	20C9 : 31;
	20CA : A3;
	20CB : 8F;
	20CC : 93;
	20CD : 88;
	20CE : C8;
	20CF : 89;
	20D0 : 98;
	20D1 : B8;
	20D2 : 9D;
	20D3 : 09;
	20D4 : 87;
	20D5 : A9;
	20D6 : 99;
	20D7 : 7A;
	20D8 : 23;
	20D9 : C0;
	20DA : 11;
	20DB : 00;
	20DC : 15;
	20DD : 9A;
	20DE : 24;
	20DF : 18;
	20E0 : E9;
	20E1 : 38;
	20E2 : 29;
	20E3 : 81;
	20E4 : DB;
	20E5 : 95;
	20E6 : 99;
	20E7 : AB;
	20E8 : 78;
	20E9 : 81;
	20EA : 99;
	20EB : 93;
	20EC : 8D;
	20ED : 33;
	20EE : BC;
	20EF : A2;
	20F0 : 14;
	20F1 : 2D;
	20F2 : 10;
	20F3 : 82;
	20F4 : 01;
	20F5 : A3;
	20F6 : 00;
	20F7 : 18;
	20F8 : 12;
	20F9 : 79;
	20FA : D3;
	20FB : 19;
	20FC : 8F;
	20FD : 02;
	20FE : A8;
	20FF : 92;
	2100 : 7F;
	2101 : BF;
	2102 : 40;
	2103 : A0;
	2104 : 8A;
	2105 : 96;
	2106 : A8;
	2107 : 3A;
	2108 : 2A;
	2109 : 95;
	210A : 0A;
	210B : B1;
	210C : 78;
	210D : 98;
	210E : 00;
	210F : A2;
	2110 : 0A;
	2111 : A2;
	2112 : 3B;
	2113 : 29;
	2114 : DA;
	2115 : 17;
	2116 : 9B;
	2117 : 60;
	2118 : 90;
	2119 : 04;
	211A : 8C;
	211B : 12;
	211C : A9;
	211D : 5A;
	211E : 82;
	211F : B2;
	2120 : 3C;
	2121 : 92;
	2122 : 80;
	2123 : 32;
	2124 : E9;
	2125 : 28;
	2126 : 18;
	2127 : 83;
	2128 : 21;
	2129 : F9;
	212A : 5D;
	212B : 84;
	212C : A9;
	212D : 2A;
	212E : 89;
	212F : 13;
	2130 : 80;
	2131 : DC;
	2132 : 42;
	2133 : C0;
	2134 : 0C;
	2135 : 12;
	2136 : 19;
	2137 : 90;
	2138 : 90;
	2139 : 58;
	213A : C0;
	213B : 49;
	213C : B3;
	213D : A9;
	213E : 6B;
	213F : 05;
	2140 : 0A;
	2141 : B0;
	2142 : 51;
	2143 : 9B;
	2144 : 40;
	2145 : B9;
	2146 : 04;
	2147 : 0B;
	2148 : 85;
	2149 : 8B;
	214A : 85;
	214B : 0C;
	214C : 81;
	214D : 3C;
	214E : 93;
	214F : 01;
	2150 : AB;
	2151 : 35;
	2152 : AB;
	2153 : 92;
	2154 : 00;
	2155 : 99;
	2156 : 54;
	2157 : BB;
	2158 : 22;
	2159 : 21;
	215A : CC;
	215B : 13;
	215C : 03;
	215D : DB;
	215E : 29;
	215F : 24;
	2160 : 91;
	2161 : B0;
	2162 : 7A;
	2163 : B1;
	2164 : 05;
	2165 : AD;
	2166 : 83;
	2167 : B9;
	2168 : 4C;
	2169 : 81;
	216A : 48;
	216B : A0;
	216C : 10;
	216D : C3;
	216E : 0C;
	216F : 59;
	2170 : 90;
	2171 : 9A;
	2172 : 41;
	2173 : C8;
	2174 : 11;
	2175 : A8;
	2176 : 2D;
	2177 : 13;
	2178 : A3;
	2179 : 4F;
	217A : 82;
	217B : 92;
	217C : 88;
	217D : 20;
	217E : 2A;
	217F : 81;
	2180 : 7F;
	2181 : A2;
	2182 : 34;
	2183 : 0D;
	2184 : A2;
	2185 : B9;
	2186 : 72;
	2187 : BC;
	2188 : A2;
	2189 : 48;
	218A : B8;
	218B : 29;
	218C : D2;
	218D : 0B;
	218E : 2D;
	218F : 03;
	2190 : B4;
	2191 : 8D;
	2192 : 93;
	2193 : 4A;
	2194 : 09;
	2195 : B6;
	2196 : 81;
	2197 : 3B;
	2198 : 9B;
	2199 : 24;
	219A : B2;
	219B : 88;
	219C : 1A;
	219D : 79;
	219E : 90;
	219F : 89;
	21A0 : C5;
	21A1 : 1E;
	21A2 : 03;
	21A3 : 98;
	21A4 : 2A;
	21A5 : 82;
	21A6 : 03;
	21A7 : 0D;
	21A8 : 01;
	21A9 : 18;
	21AA : 09;
	21AB : A5;
	21AC : 0A;
	21AD : 2B;
	21AE : A7;
	21AF : 00;
	21B0 : 8C;
	21B1 : A2;
	21B2 : 40;
	21B3 : 9F;
	21B4 : 10;
	21B5 : 91;
	21B6 : C2;
	21B7 : 1B;
	21B8 : AA;
	21B9 : 78;
	21BA : 98;
	21BB : 20;
	21BC : C1;
	21BD : 09;
	21BE : 38;
	21BF : D1;
	21C0 : 3B;
	21C1 : 10;
	21C2 : C2;
	21C3 : 49;
	21C4 : E0;
	21C5 : 20;
	21C6 : 20;
	21C7 : F1;
	21C8 : 29;
	21C9 : 88;
	21CA : 41;
	21CB : 9C;
	21CC : 86;
	21CD : 89;
	21CE : 80;
	21CF : 80;
	21D0 : 2A;
	21D1 : C0;
	21D2 : 29;
	21D3 : 2C;
	21D4 : A7;
	21D5 : 0C;
	21D6 : 03;
	21D7 : 0A;
	21D8 : A0;
	21D9 : 21;
	21DA : 1C;
	21DB : 02;
	21DC : B1;
	21DD : 48;
	21DE : 82;
	21DF : 19;
	21E0 : C9;
	21E1 : 5A;
	21E2 : 1B;
	21E3 : F2;
	21E4 : 2A;
	21E5 : 00;
	21E6 : BC;
	21E7 : 41;
	21E8 : B2;
	21E9 : AB;
	21EA : 12;
	21EB : 78;
	21EC : A0;
	21ED : 91;
	21EE : 03;
	21EF : 05;
	21F0 : 9F;
	21F1 : 00;
	21F2 : 21;
	21F3 : 8D;
	21F4 : 92;
	21F5 : 22;
	21F6 : 9B;
	21F7 : B5;
	21F8 : 1B;
	21F9 : 20;
	21FA : BC;
	21FB : 16;
	21FC : 89;
	21FD : A0;
	21FE : 49;
	21FF : 89;
	2200 : 7F;
	2201 : 91;
	2202 : 00;
	2203 : A0;
	2204 : B9;
	2205 : 78;
	2206 : 19;
	2207 : 97;
	2208 : A1;
	2209 : 08;
	220A : 3B;
	220B : A3;
	220C : 82;
	220D : 08;
	220E : 2D;
	220F : 01;
	2210 : 13;
	2211 : E1;
	2212 : 0C;
	2213 : 01;
	2214 : 23;
	2215 : B9;
	2216 : 0D;
	2217 : 17;
	2218 : D9;
	2219 : 21;
	221A : 80;
	221B : BB;
	221C : 5A;
	221D : 83;
	221E : BA;
	221F : 38;
	2220 : D3;
	2221 : 8C;
	2222 : 40;
	2223 : C0;
	2224 : 33;
	2225 : AC;
	2226 : A6;
	2227 : 1A;
	2228 : 82;
	2229 : AA;
	222A : 18;
	222B : 83;
	222C : 39;
	222D : 95;
	222E : 81;
	222F : 22;
	2230 : 9A;
	2231 : 79;
	2232 : F0;
	2233 : 22;
	2234 : 8A;
	2235 : 81;
	2236 : CA;
	2237 : 51;
	2238 : B9;
	2239 : 8A;
	223A : 62;
	223B : C8;
	223C : 2B;
	223D : 95;
	223E : 90;
	223F : 0D;
	2240 : 13;
	2241 : A9;
	2242 : 3C;
	2243 : 02;
	2244 : A2;
	2245 : 80;
	2246 : 00;
	2247 : 2C;
	2248 : 11;
	2249 : D9;
	224A : 04;
	224B : 4A;
	224C : C3;
	224D : 4A;
	224E : C0;
	224F : 49;
	2250 : 11;
	2251 : D9;
	2252 : 31;
	2253 : 19;
	2254 : D8;
	2255 : 28;
	2256 : 19;
	2257 : F1;
	2258 : 3A;
	2259 : A4;
	225A : 9A;
	225B : 50;
	225C : 98;
	225D : 0A;
	225E : A4;
	225F : 28;
	2260 : 89;
	2261 : 81;
	2262 : B0;
	2263 : 7A;
	2264 : A1;
	2265 : A7;
	2266 : 0B;
	2267 : 83;
	2268 : 98;
	2269 : 2B;
	226A : 1B;
	226B : 50;
	226C : D0;
	226D : 04;
	226E : A8;
	226F : 5A;
	2270 : B2;
	2271 : 28;
	2272 : 8B;
	2273 : 41;
	2274 : E1;
	2275 : 81;
	2276 : 9A;
	2277 : 48;
	2278 : 0D;
	2279 : 03;
	227A : 19;
	227B : D0;
	227C : 48;
	227D : A0;
	227E : 18;
	227F : B2;
	2280 : 7F;
	2281 : 49;
	2282 : B9;
	2283 : 59;
	2284 : 93;
	2285 : 09;
	2286 : D1;
	2287 : 11;
	2288 : 39;
	2289 : C1;
	228A : 12;
	228B : 48;
	228C : 29;
	228D : F9;
	228E : 59;
	228F : B8;
	2290 : 22;
	2291 : 8D;
	2292 : 95;
	2293 : 89;
	2294 : 2B;
	2295 : 02;
	2296 : D0;
	2297 : 20;
	2298 : 0B;
	2299 : B2;
	229A : 78;
	229B : 88;
	229C : 90;
	229D : 19;
	229E : 98;
	229F : 93;
	22A0 : 09;
	22A1 : 0A;
	22A2 : 19;
	22A3 : CA;
	22A4 : 44;
	22A5 : FA;
	22A6 : 42;
	22A7 : B8;
	22A8 : 30;
	22A9 : 80;
	22AA : 20;
	22AB : 02;
	22AC : 00;
	22AD : 33;
	22AE : 6A;
	22AF : D3;
	22B0 : 91;
	22B1 : 9B;
	22B2 : 71;
	22B3 : F8;
	22B4 : 38;
	22B5 : 88;
	22B6 : B1;
	22B7 : 5B;
	22B8 : 82;
	22B9 : AD;
	22BA : 13;
	22BB : A2;
	22BC : 8B;
	22BD : 8D;
	22BE : 94;
	22BF : 3A;
	22C0 : BB;
	22C1 : 87;
	22C2 : 0A;
	22C3 : 38;
	22C4 : 83;
	22C5 : F8;
	22C6 : 23;
	22C7 : 8E;
	22C8 : 02;
	22C9 : 18;
	22CA : 99;
	22CB : 32;
	22CC : 9B;
	22CD : C2;
	22CE : 4C;
	22CF : 94;
	22D0 : 9B;
	22D1 : 28;
	22D2 : 84;
	22D3 : D2;
	22D4 : 2D;
	22D5 : 20;
	22D6 : 82;
	22D7 : 99;
	22D8 : 18;
	22D9 : A2;
	22DA : 10;
	22DB : F0;
	22DC : 4B;
	22DD : A8;
	22DE : 50;
	22DF : C1;
	22E0 : 10;
	22E1 : 3B;
	22E2 : E1;
	22E3 : 11;
	22E4 : 1A;
	22E5 : C2;
	22E6 : 12;
	22E7 : 8A;
	22E8 : 89;
	22E9 : 03;
	22EA : 3E;
	22EB : 09;
	22EC : D5;
	22ED : 9A;
	22EE : 39;
	22EF : 20;
	22F0 : D8;
	22F1 : 50;
	22F2 : AA;
	22F3 : 93;
	22F4 : 12;
	22F5 : DA;
	22F6 : 41;
	22F7 : 8D;
	22F8 : 12;
	22F9 : 91;
	22FA : 0E;
	22FB : 03;
	22FC : 19;
	22FD : B9;
	22FE : 35;
	22FF : 9B;
	2300 : 7F;
	2301 : 98;
	2302 : 50;
	2303 : B1;
	2304 : 2B;
	2305 : 18;
	2306 : 93;
	2307 : 50;
	2308 : DA;
	2309 : 23;
	230A : 90;
	230B : 3E;
	230C : 82;
	230D : B2;
	230E : 1E;
	230F : 32;
	2310 : CA;
	2311 : 12;
	2312 : 1A;
	2313 : 90;
	2314 : C1;
	2315 : 10;
	2316 : C8;
	2317 : 79;
	2318 : 0A;
	2319 : B5;
	231A : 28;
	231B : A1;
	231C : 20;
	231D : AA;
	231E : A3;
	231F : 2E;
	2320 : B9;
	2321 : 51;
	2322 : 80;
	2323 : A6;
	2324 : 8C;
	2325 : 04;
	2326 : 19;
	2327 : B9;
	2328 : 40;
	2329 : B0;
	232A : 69;
	232B : 89;
	232C : 83;
	232D : 10;
	232E : E9;
	232F : 41;
	2330 : AB;
	2331 : 13;
	2332 : 0B;
	2333 : A2;
	2334 : 49;
	2335 : 93;
	2336 : AD;
	2337 : 40;
	2338 : C8;
	2339 : 31;
	233A : A2;
	233B : 8C;
	233C : 81;
	233D : A9;
	233E : 78;
	233F : AB;
	2340 : 35;
	2341 : AB;
	2342 : 23;
	2343 : 10;
	2344 : F8;
	2345 : 41;
	2346 : B8;
	2347 : 2D;
	2348 : 12;
	2349 : 19;
	234A : C1;
	234B : A2;
	234C : 80;
	234D : 58;
	234E : D9;
	234F : 41;
	2350 : A8;
	2351 : 00;
	2352 : 2D;
	2353 : 01;
	2354 : A8;
	2355 : 23;
	2356 : D1;
	2357 : 8D;
	2358 : 04;
	2359 : 8A;
	235A : 20;
	235B : D2;
	235C : 3A;
	235D : B0;
	235E : 09;
	235F : 58;
	2360 : 19;
	2361 : C3;
	2362 : 21;
	2363 : E8;
	2364 : 21;
	2365 : 8A;
	2366 : 5A;
	2367 : 84;
	2368 : B8;
	2369 : 31;
	236A : 9D;
	236B : 18;
	236C : B7;
	236D : 8A;
	236E : 18;
	236F : B1;
	2370 : 11;
	2371 : 1F;
	2372 : 21;
	2373 : B9;
	2374 : 50;
	2375 : B0;
	2376 : 28;
	2377 : 00;
	2378 : D0;
	2379 : 48;
	237A : B3;
	237B : 1B;
	237C : B8;
	237D : 61;
	237E : 99;
	237F : B1;
	2380 : 7F;
	2381 : 4B;
	2382 : 05;
	2383 : BC;
	2384 : 04;
	2385 : 1C;
	2386 : 11;
	2387 : B0;
	2388 : 10;
	2389 : 11;
	238A : 80;
	238B : 39;
	238C : A6;
	238D : 49;
	238E : B8;
	238F : 10;
	2390 : D2;
	2391 : 2E;
	2392 : 08;
	2393 : A2;
	2394 : 1C;
	2395 : 1C;
	2396 : 85;
	2397 : 9A;
	2398 : 31;
	2399 : D0;
	239A : 13;
	239B : 0E;
	239C : 03;
	239D : 2B;
	239E : B8;
	239F : 52;
	23A0 : 9D;
	23A1 : 83;
	23A2 : 1B;
	23A3 : 04;
	23A4 : BC;
	23A5 : 84;
	23A6 : 2B;
	23A7 : B4;
	23A8 : 2C;
	23A9 : 93;
	23AA : 1D;
	23AB : 01;
	23AC : 91;
	23AD : 08;
	23AE : 31;
	23AF : BA;
	23B0 : 60;
	23B1 : 90;
	23B2 : A9;
	23B3 : 5A;
	23B4 : C3;
	23B5 : 21;
	23B6 : BE;
	23B7 : 04;
	23B8 : 0A;
	23B9 : 8A;
	23BA : 48;
	23BB : A8;
	23BC : 12;
	23BD : A0;
	23BE : 8E;
	23BF : 85;
	23C0 : 0A;
	23C1 : 92;
	23C2 : 3C;
	23C3 : 00;
	23C4 : 95;
	23C5 : AB;
	23C6 : 05;
	23C7 : 8C;
	23C8 : 22;
	23C9 : 0A;
	23CA : 94;
	23CB : 3A;
	23CC : A2;
	23CD : A3;
	23CE : 0F;
	23CF : 3A;
	23D0 : 01;
	23D1 : 81;
	23D2 : AA;
	23D3 : 87;
	23D4 : BA;
	23D5 : 3C;
	23D6 : 06;
	23D7 : 9A;
	23D8 : 13;
	23D9 : C8;
	23DA : 08;
	23DB : 82;
	23DC : 29;
	23DD : B8;
	23DE : 23;
	23DF : 4A;
	23E0 : D4;
	23E1 : 8A;
	23E2 : 23;
	23E3 : 9F;
	23E4 : 12;
	23E5 : 20;
	23E6 : DA;
	23E7 : 14;
	23E8 : 8A;
	23E9 : 09;
	23EA : A1;
	23EB : 9B;
	23EC : 5A;
	23ED : B5;
	23EE : 09;
	23EF : AB;
	23F0 : 44;
	23F1 : CB;
	23F2 : 36;
	23F3 : 8B;
	23F4 : 92;
	23F5 : 3A;
	23F6 : 84;
	23F7 : 90;
	23F8 : 5B;
	23F9 : B0;
	23FA : 43;
	23FB : D8;
	23FC : 20;
	23FD : 8A;
	23FE : 13;
	23FF : 0F;
	2400 : 7F;
	2401 : 04;
	2402 : A8;
	2403 : 1C;
	2404 : 82;
	2405 : 1B;
	2406 : 13;
	2407 : 9B;
	2408 : D8;
	2409 : 70;
	240A : 98;
	240B : B1;
	240C : 48;
	240D : 91;
	240E : A0;
	240F : 82;
	2410 : 3F;
	2411 : 82;
	2412 : 81;
	2413 : 98;
	2414 : 40;
	2415 : B1;
	2416 : 83;
	2417 : 1D;
	2418 : B2;
	2419 : 3F;
	241A : 01;
	241B : 28;
	241C : E1;
	241D : 08;
	241E : 01;
	241F : 09;
	2420 : 1B;
	2421 : 39;
	2422 : 97;
	2423 : B9;
	2424 : 89;
	2425 : 60;
	2426 : 9B;
	2427 : 84;
	2428 : 1C;
	2429 : B3;
	242A : 49;
	242B : 10;
	242C : E8;
	242D : 23;
	242E : 9B;
	242F : 49;
	2430 : C2;
	2431 : 22;
	2432 : BA;
	2433 : 83;
	2434 : 59;
	2435 : 89;
	2436 : 88;
	2437 : A2;
	2438 : 2D;
	2439 : 0E;
	243A : 15;
	243B : 99;
	243C : A9;
	243D : 22;
	243E : 49;
	243F : F0;
	2440 : 12;
	2441 : 19;
	2442 : C0;
	2443 : 29;
	2444 : 10;
	2445 : 82;
	2446 : D3;
	2447 : 2E;
	2448 : 08;
	2449 : 18;
	244A : 20;
	244B : D1;
	244C : 81;
	244D : 3F;
	244E : 01;
	244F : A2;
	2450 : 9A;
	2451 : 59;
	2452 : B2;
	2453 : 48;
	2454 : C0;
	2455 : 39;
	2456 : B3;
	2457 : 4A;
	2458 : A2;
	2459 : 8C;
	245A : 21;
	245B : 9A;
	245C : 02;
	245D : 9D;
	245E : 22;
	245F : CB;
	2460 : 16;
	2461 : C9;
	2462 : 59;
	2463 : 92;
	2464 : 19;
	2465 : 3B;
	2466 : 86;
	2467 : 90;
	2468 : 8B;
	2469 : 48;
	246A : 92;
	246B : 9A;
	246C : A5;
	246D : 3B;
	246E : C2;
	246F : 2C;
	2470 : 2A;
	2471 : 86;
	2472 : B8;
	2473 : 3B;
	2474 : 02;
	2475 : 95;
	2476 : 9C;
	2477 : 00;
	2478 : 33;
	2479 : E9;
	247A : 11;
	247B : 2D;
	247C : 12;
	247D : 91;
	247E : C9;
	247F : 31;
	2480 : 7F;
	2481 : 98;
	2482 : BA;
	2483 : 33;
	2484 : B9;
	2485 : D8;
	2486 : 49;
	2487 : 00;
	2488 : FA;
	2489 : 51;
	248A : C0;
	248B : 11;
	248C : 88;
	248D : 18;
	248E : 12;
	248F : 98;
	2490 : 51;
	2491 : C1;
	2492 : 58;
	2493 : 8A;
	2494 : 93;
	2495 : BF;
	2496 : 32;
	2497 : AB;
	2498 : A0;
	2499 : 02;
	249A : 95;
	249B : 1F;
	249C : 03;
	249D : 09;
	249E : AC;
	249F : 33;
	24A0 : 8C;
	24A1 : A3;
	24A2 : 3C;
	24A3 : 14;
	24A4 : BB;
	24A5 : 14;
	24A6 : C0;
	24A7 : 2A;
	24A8 : 2B;
	24A9 : 87;
	24AA : 99;
	24AB : 3A;
	24AC : 94;
	24AD : B0;
	24AE : 28;
	24AF : 83;
	24B0 : 2D;
	24B1 : 05;
	24B2 : 90;
	24B3 : 8D;
	24B4 : 30;
	24B5 : A8;
	24B6 : 98;
	24B7 : A1;
	24B8 : A4;
	24B9 : 1F;
	24BA : 83;
	24BB : 1B;
	24BC : C3;
	24BD : 3C;
	24BE : 12;
	24BF : D8;
	24C0 : 31;
	24C1 : 98;
	24C2 : 02;
	24C3 : 2C;
	24C4 : A7;
	24C5 : 0C;
	24C6 : 93;
	24C7 : 3D;
	24C8 : 83;
	24C9 : 9A;
	24CA : 19;
	24CB : 3C;
	24CC : 94;
	24CD : 88;
	24CE : B5;
	24CF : 2C;
	24D0 : 88;
	24D1 : 13;
	24D2 : C1;
	24D3 : 0B;
	24D4 : 58;
	24D5 : D2;
	24D6 : 29;
	24D7 : A1;
	24D8 : 49;
	24D9 : C0;
	24DA : 38;
	24DB : 89;
	24DC : A2;
	24DD : 0A;
	24DE : AD;
	24DF : 25;
	24E0 : 08;
	24E1 : A8;
	24E2 : 1A;
	24E3 : 00;
	24E4 : E5;
	24E5 : 2C;
	24E6 : 93;
	24E7 : 2D;
	24E8 : 81;
	24E9 : 12;
	24EA : 0A;
	24EB : 89;
	24EC : 17;
	24ED : 0B;
	24EE : 98;
	24EF : 23;
	24F0 : BD;
	24F1 : 12;
	24F2 : 1B;
	24F3 : 85;
	24F4 : B8;
	24F5 : 4A;
	24F6 : 0A;
	24F7 : 25;
	24F8 : E0;
	24F9 : 19;
	24FA : 28;
	24FB : B8;
	24FC : 38;
	24FD : 20;
	24FE : BE;
	24FF : 03;
	2500 : 7F;
	2501 : 09;
	2502 : A1;
	2503 : 1A;
	2504 : 9A;
	2505 : 98;
	2506 : 49;
	2507 : FA;
	2508 : 35;
	2509 : C9;
	250A : 50;
	250B : 89;
	250C : 06;
	250D : AA;
	250E : 22;
	250F : B0;
	2510 : 49;
	2511 : A9;
	2512 : 43;
	2513 : AA;
	2514 : 4B;
	2515 : 94;
	2516 : A0;
	2517 : 00;
	2518 : 49;
	2519 : A0;
	251A : F1;
	251B : 4A;
	251C : B2;
	251D : 2E;
	251E : 01;
	251F : 20;
	2520 : C1;
	2521 : A2;
	2522 : 0C;
	2523 : 58;
	2524 : 99;
	2525 : 03;
	2526 : 09;
	2527 : A8;
	2528 : 48;
	2529 : 91;
	252A : 10;
	252B : E1;
	252C : 28;
	252D : 4D;
	252E : A2;
	252F : 13;
	2530 : BA;
	2531 : 92;
	2532 : 8B;
	2533 : 4A;
	2534 : 1A;
	2535 : A0;
	2536 : B0;
	2537 : 79;
	2538 : D9;
	2539 : 35;
	253A : B9;
	253B : 13;
	253C : 1B;
	253D : 4A;
	253E : 25;
	253F : D1;
	2540 : 2C;
	2541 : 12;
	2542 : 98;
	2543 : AB;
	2544 : 53;
	2545 : BC;
	2546 : 28;
	2547 : 14;
	2548 : BC;
	2549 : 38;
	254A : 82;
	254B : 89;
	254C : 94;
	254D : 1E;
	254E : 13;
	254F : 0B;
	2550 : C4;
	2551 : 3A;
	2552 : C8;
	2553 : 59;
	2554 : A9;
	2555 : 31;
	2556 : BB;
	2557 : 03;
	2558 : C3;
	2559 : 0D;
	255A : 29;
	255B : C3;
	255C : 1B;
	255D : 79;
	255E : A3;
	255F : 3A;
	2560 : D3;
	2561 : 09;
	2562 : 20;
	2563 : 3B;
	2564 : A3;
	2565 : D3;
	2566 : 8D;
	2567 : 21;
	2568 : BB;
	2569 : 51;
	256A : 90;
	256B : AD;
	256C : 85;
	256D : 1A;
	256E : 88;
	256F : A2;
	2570 : 19;
	2571 : 99;
	2572 : 48;
	2573 : A6;
	2574 : 91;
	2575 : 10;
	2576 : 08;
	2577 : 29;
	2578 : 01;
	2579 : 80;
	257A : 89;
	257B : 20;
	257C : 12;
	257D : 25;
	257E : E4;
	257F : 2F;
	2580 : 7F;
	2581 : 81;
	2582 : 99;
	2583 : 8C;
	2584 : 08;
	2585 : 09;
	2586 : A8;
	2587 : 8A;
	2588 : D0;
	2589 : 69;
	258A : C2;
	258B : 28;
	258C : 9B;
	258D : 51;
	258E : 94;
	258F : D0;
	2590 : 39;
	2591 : 02;
	2592 : 80;
	2593 : 02;
	2594 : D4;
	2595 : 90;
	2596 : 5C;
	2597 : 92;
	2598 : 83;
	2599 : AE;
	259A : 31;
	259B : B9;
	259C : 88;
	259D : 31;
	259E : 8F;
	259F : 82;
	25A0 : 29;
	25A1 : B3;
	25A2 : 88;
	25A3 : 69;
	25A4 : B1;
	25A5 : 40;
	25A6 : BA;
	25A7 : 49;
	25A8 : 28;
	25A9 : B6;
	25AA : B9;
	25AB : 3B;
	25AC : 85;
	25AD : B8;
	25AE : 4B;
	25AF : A2;
	25B0 : 11;
	25B1 : 8E;
	25B2 : 13;
	25B3 : 8A;
	25B4 : 94;
	25B5 : 1B;
	25B6 : 80;
	25B7 : AA;
	25B8 : 68;
	25B9 : 93;
	25BA : 8A;
	25BB : 8A;
	25BC : 3A;
	25BD : 07;
	25BE : 9C;
	25BF : 91;
	25C0 : 50;
	25C1 : 98;
	25C2 : 10;
	25C3 : 22;
	25C4 : 3D;
	25C5 : 04;
	25C6 : B0;
	25C7 : 4B;
	25C8 : A1;
	25C9 : 24;
	25CA : BD;
	25CB : 84;
	25CC : 8B;
	25CD : 3A;
	25CE : D4;
	25CF : 9C;
	25D0 : 32;
	25D1 : 9C;
	25D2 : 93;
	25D3 : 82;
	25D4 : 8B;
	25D5 : 6B;
	25D6 : 84;
	25D7 : 9C;
	25D8 : 13;
	25D9 : 0A;
	25DA : C8;
	25DB : 41;
	25DC : 8A;
	25DD : 89;
	25DE : 14;
	25DF : 18;
	25E0 : D9;
	25E1 : 50;
	25E2 : A1;
	25E3 : 8A;
	25E4 : 83;
	25E5 : A1;
	25E6 : C8;
	25E7 : 3E;
	25E8 : 58;
	25E9 : 92;
	25EA : B3;
	25EB : 12;
	25EC : C8;
	25ED : 4B;
	25EE : 03;
	25EF : 29;
	25F0 : E0;
	25F1 : 08;
	25F2 : 50;
	25F3 : C8;
	25F4 : 21;
	25F5 : B9;
	25F6 : 94;
	25F7 : 1B;
	25F8 : A9;
	25F9 : B2;
	25FA : 78;
	25FB : 91;
	25FC : B9;
	25FD : 10;
	25FE : 6A;
	25FF : B5;
	2600 : 7F;
	2601 : 98;
	2602 : 0B;
	2603 : 58;
	2604 : A5;
	2605 : 9A;
	2606 : 12;
	2607 : 0C;
	2608 : 30;
	2609 : 88;
	260A : 80;
	260B : 97;
	260C : 0B;
	260D : 92;
	260E : 92;
	260F : 8F;
	2610 : 12;
	2611 : B0;
	2612 : 8A;
	2613 : 79;
	2614 : B1;
	2615 : 03;
	2616 : 1B;
	2617 : 80;
	2618 : 20;
	2619 : 83;
	261A : 9E;
	261B : B5;
	261C : 2B;
	261D : B3;
	261E : 1B;
	261F : 48;
	2620 : E1;
	2621 : 20;
	2622 : 89;
	2623 : 92;
	2624 : 30;
	2625 : BA;
	2626 : 31;
	2627 : 59;
	2628 : B3;
	2629 : 2C;
	262A : D0;
	262B : 3E;
	262C : 82;
	262D : B2;
	262E : 0B;
	262F : 4A;
	2630 : A5;
	2631 : C2;
	2632 : 4C;
	2633 : 82;
	2634 : 2B;
	2635 : 91;
	2636 : 09;
	2637 : 3C;
	2638 : 01;
	2639 : B4;
	263A : 2B;
	263B : 96;
	263C : 19;
	263D : CB;
	263E : 36;
	263F : 1C;
	2640 : 81;
	2641 : 98;
	2642 : 31;
	2643 : 9A;
	2644 : 94;
	2645 : 0C;
	2646 : 4A;
	2647 : A2;
	2648 : 10;
	2649 : 94;
	264A : BA;
	264B : 43;
	264C : 8F;
	264D : 11;
	264E : C0;
	264F : 38;
	2650 : A8;
	2651 : 08;
	2652 : 1A;
	2653 : 92;
	2654 : BB;
	2655 : 93;
	2656 : A9;
	2657 : 7E;
	2658 : 11;
	2659 : 02;
	265A : BC;
	265B : 31;
	265C : 02;
	265D : E8;
	265E : 3B;
	265F : 34;
	2660 : 90;
	2661 : 0B;
	2662 : C6;
	2663 : 2B;
	2664 : 91;
	2665 : 92;
	2666 : 4B;
	2667 : 82;
	2668 : 31;
	2669 : 8C;
	266A : 08;
	266B : 03;
	266C : 2F;
	266D : C1;
	266E : 81;
	266F : E8;
	2670 : 20;
	2671 : A8;
	2672 : 21;
	2673 : A8;
	2674 : 89;
	2675 : 06;
	2676 : 0D;
	2677 : 14;
	2678 : 0A;
	2679 : B0;
	267A : 44;
	267B : 8C;
	267C : 83;
	267D : 19;
	267E : A5;
	267F : 8A;
	2680 : 7F;
	2681 : 0A;
	2682 : 0A;
	2683 : 88;
	2684 : 0A;
	2685 : B0;
	2686 : 80;
	2687 : 1B;
	2688 : 3F;
	2689 : B7;
	268A : 8C;
	268B : 12;
	268C : A1;
	268D : 28;
	268E : 68;
	268F : 80;
	2690 : 04;
	2691 : 99;
	2692 : 23;
	2693 : B8;
	2694 : 12;
	2695 : 3F;
	2696 : 03;
	2697 : 0D;
	2698 : 84;
	2699 : A8;
	269A : B1;
	269B : 3D;
	269C : 89;
	269D : 1B;
	269E : 8B;
	269F : 06;
	26A0 : C2;
	26A1 : 8E;
	26A2 : 13;
	26A3 : 98;
	26A4 : 0B;
	26A5 : 49;
	26A6 : 15;
	26A7 : A8;
	26A8 : 30;
	26A9 : C0;
	26AA : 41;
	26AB : 9A;
	26AC : 12;
	26AD : C0;
	26AE : 29;
	26AF : 4A;
	26B0 : AA;
	26B1 : A0;
	26B2 : 84;
	26B3 : B9;
	26B4 : 1C;
	26B5 : 2A;
	26B6 : B4;
	26B7 : 34;
	26B8 : E1;
	26B9 : 8A;
	26BA : 3B;
	26BB : 78;
	26BC : B2;
	26BD : 49;
	26BE : 98;
	26BF : 08;
	26C0 : 48;
	26C1 : D9;
	26C2 : 85;
	26C3 : 8B;
	26C4 : 02;
	26C5 : 1A;
	26C6 : 20;
	26C7 : 15;
	26C8 : BA;
	26C9 : 31;
	26CA : A2;
	26CB : AB;
	26CC : 79;
	26CD : 82;
	26CE : C0;
	26CF : 40;
	26D0 : C0;
	26D1 : 49;
	26D2 : BB;
	26D3 : 42;
	26D4 : D0;
	26D5 : 00;
	26D6 : 0D;
	26D7 : 13;
	26D8 : 89;
	26D9 : 89;
	26DA : 8B;
	26DB : 15;
	26DC : 9C;
	26DD : 10;
	26DE : 85;
	26DF : B8;
	26E0 : 48;
	26E1 : 81;
	26E2 : 1B;
	26E3 : 84;
	26E4 : 2C;
	26E5 : B3;
	26E6 : A0;
	26E7 : 59;
	26E8 : A1;
	26E9 : 3C;
	26EA : 05;
	26EB : A9;
	26EC : 29;
	26ED : 32;
	26EE : B9;
	26EF : C6;
	26F0 : 28;
	26F1 : BB;
	26F2 : 41;
	26F3 : A8;
	26F4 : BA;
	26F5 : 28;
	26F6 : DA;
	26F7 : 34;
	26F8 : D9;
	26F9 : 42;
	26FA : B9;
	26FB : 00;
	26FC : 39;
	26FD : 12;
	26FE : 11;
	26FF : 9D;
	2700 : 45;
	2701 : 25;
	2702 : 29;
	2703 : C3;
	2704 : 1B;
	2705 : AD;
	2706 : 84;
	2707 : 0B;
	2708 : 99;
	2709 : 90;
	270A : 7A;
	270B : B2;
	270C : 4A;
	270D : A2;
	270E : 03;
	270F : 8C;
	2710 : 30;
	2711 : 82;
	2712 : 10;
	2713 : C1;
	2714 : 78;
	2715 : C0;
	2716 : 31;
	2717 : B9;
	2718 : 90;
	2719 : 3B;
	271A : A1;
	271B : 8B;
	271C : 21;
	271D : CB;
	271E : 32;
	271F : FB;
	2720 : 50;
	2721 : A1;
	2722 : 39;
	2723 : B3;
	2724 : 28;
	2725 : 2A;
	2726 : 13;
	2727 : 82;
	2728 : 69;
	2729 : D0;
	272A : 31;
	272B : AC;
	272C : 20;
	272D : D1;
	272E : 29;
	272F : 90;
	2730 : A9;
	2731 : 31;
	2732 : 09;
	2733 : 00;
	2734 : 8A;
	2735 : 82;
	2736 : 89;
	2737 : 80;
	2738 : 08;
	2739 : 91;
	273A : 08;
	273B : 80;
	273C : 00;
	273D : 80;
	273E : 80;
	273F : 80;
	2740 : 80;
	2741 : 80;
	2742 : 80;
	2743 : 80;
	2744 : 80;
	2745 : 80;
	2746 : 00;
	2747 : 00;
	2748 : 00;
	2749 : 00;
	274A : 00;
	274B : 00;
	274C : 00;
	274D : 00;
	274E : 00;
	274F : 00;
	2750 : 7F;
	2751 : 00;
	2752 : 80;
	2753 : 80;
	2754 : 80;
	2755 : 80;
	2756 : 80;
	2757 : 80;
	2758 : 80;
	2759 : 80;
	275A : 80;
	275B : 80;
	275C : 80;
	275D : 80;
	275E : 80;
	275F : 88;
	2760 : 09;
	2761 : 83;
	2762 : 31;
	2763 : F7;
	2764 : C6;
	2765 : C3;
	2766 : 0F;
	2767 : 6A;
	2768 : 88;
	2769 : 5D;
	276A : 21;
	276B : E4;
	276C : B2;
	276D : 90;
	276E : 1A;
	276F : 2C;
	2770 : 3B;
	2771 : 4C;
	2772 : 38;
	2773 : 92;
	2774 : A1;
	2775 : B6;
	2776 : D3;
	2777 : A2;
	2778 : B3;
	2779 : 90;
	277A : 1F;
	277B : 4B;
	277C : 2B;
	277D : 4A;
	277E : 3B;
	277F : 03;
	2780 : D3;
	2781 : B4;
	2782 : D4;
	2783 : A1;
	2784 : 80;
	2785 : 8A;
	2786 : 3D;
	2787 : 5B;
	2788 : 3C;
	2789 : 29;
	278A : 18;
	278B : 82;
	278C : C4;
	278D : C3;
	278E : B4;
	278F : B2;
	2790 : 98;
	2791 : 19;
	2792 : 3D;
	2793 : 4C;
	2794 : 3B;
	2795 : 4A;
	2796 : 00;
	2797 : 93;
	2798 : D3;
	2799 : B4;
	279A : B3;
	279B : C2;
	279C : 88;
	279D : 1A;
	279E : 5C;
	279F : 3C;
	27A0 : 3A;
	27A1 : 29;
	27A2 : 81;
	27A3 : A3;
	27A4 : C5;
	27A5 : C3;
	27A6 : B2;
	27A7 : 90;
	27A8 : 89;
	27A9 : 3B;
	27AA : 6C;
	27AB : 3B;
	27AC : 3A;
	27AD : 19;
	27AE : 83;
	27AF : D4;
	27B0 : B4;
	27B1 : B3;
	27B2 : B2;
	27B3 : 08;
	27B4 : 8D;
	27B5 : 4A;
	27B6 : 4C;
	27B7 : 2A;
	27B8 : 29;
	27B9 : 81;
	27BA : A4;
	27BB : D4;
	27BC : B3;
	27BD : A1;
	27BE : 80;
	27BF : 0B;
	27C0 : 4C;
	27C1 : 5B;
	27C2 : 3B;
	27C3 : 29;
	27C4 : 81;
	27C5 : C4;
	27C6 : B4;
	27C7 : C4;
	27C8 : B2;
	27C9 : A1;
	27CA : 19;
	27CB : 2D;
	27CC : 4B;
	27CD : 3D;
	27CE : 39;
	27CF : 00;
	27D0 : 7F;
	27D1 : A3;
	27D2 : D4;
	27D3 : B3;
	27D4 : C3;
	27D5 : A1;
	27D6 : 80;
	27D7 : 1C;
	27D8 : 4D;
	27D9 : 5B;
	27DA : 3C;
	27DB : 29;
	27DC : 01;
	27DD : C4;
	27DE : B4;
	27DF : C3;
	27E0 : B4;
	27E1 : A0;
	27E2 : 08;
	27E3 : 2D;
	27E4 : 4C;
	27E5 : 5C;
	27E6 : 2A;
	27E7 : 28;
	27E8 : A2;
	27E9 : B6;
	27EA : C4;
	27EB : B2;
	27EC : A2;
	27ED : A0;
	27EE : 2C;
	27EF : 5C;
	27F0 : 3B;
	27F1 : 5C;
	27F2 : 18;
	27F3 : 18;
	27F4 : 93;
	27F5 : D4;
	27F6 : B3;
	27F7 : A2;
	27F8 : B2;
	27F9 : 0A;
	27FA : 3C;
	27FB : 4D;
	27FC : 3B;
	27FD : 4A;
	27FE : 18;
	27FF : 91;
	2800 : B5;
	2801 : C3;
	2802 : A2;
	2803 : 91;
	2804 : A0;
	2805 : 2A;
	2806 : 4E;
	2807 : 3B;
	2808 : 4A;
	2809 : 08;
	280A : 02;
	280B : C2;
	280C : B6;
	280D : C2;
	280E : 91;
	280F : 89;
	2810 : 4C;
	2811 : 10;
	2812 : 1E;
	2813 : 5A;
	2814 : 80;
	2815 : 82;
	2816 : F6;
	2817 : C1;
	2818 : 93;
	2819 : B8;
	281A : 5D;
	281B : 4B;
	281C : 5C;
	281D : 29;
	281E : 01;
	281F : A2;
	2820 : B6;
	2821 : C3;
	2822 : A0;
	2823 : 94;
	2824 : C2;
	2825 : 88;
	2826 : 1B;
	2827 : 3D;
	2828 : 5D;
	2829 : 4A;
	282A : 39;
	282B : 80;
	282C : 81;
	282D : C4;
	282E : C4;
	282F : B2;
	2830 : B4;
	2831 : A2;
	2832 : B2;
	2833 : 08;
	2834 : 0B;
	2835 : 6C;
	2836 : 4D;
	2837 : 5B;
	2838 : 2A;
	2839 : 2A;
	283A : 29;
	283B : B5;
	283C : A4;
	283D : C3;
	283E : D4;
	283F : B3;
	2840 : A2;
	2841 : A0;
	2842 : 09;
	2843 : 6D;
	2844 : 4C;
	2845 : 4C;
	2846 : 4B;
	2847 : 18;
	2848 : 00;
	2849 : A3;
	284A : C5;
	284B : C3;
	284C : B4;
	284D : C3;
	284E : 91;
	284F : 88;
	2850 : 7F;
	2851 : 0A;
	2852 : 5C;
	2853 : 3C;
	2854 : 3B;
	2855 : 2A;
	2856 : 38;
	2857 : 09;
	2858 : 95;
	2859 : C4;
	285A : B3;
	285B : C3;
	285C : B3;
	285D : A0;
	285E : 1C;
	285F : 4A;
	2860 : 2C;
	2861 : 3B;
	2862 : 4B;
	2863 : 29;
	2864 : 18;
	2865 : A5;
	2866 : B4;
	2867 : C2;
	2868 : B5;
	2869 : A1;
	286A : A2;
	286B : 88;
	286C : 2C;
	286D : 4D;
	286E : 3B;
	286F : 4B;
	2870 : 3B;
	2871 : 38;
	2872 : 90;
	2873 : B6;
	2874 : A4;
	2875 : D3;
	2876 : B4;
	2877 : B3;
	2878 : A0;
	2879 : 0A;
	287A : 4A;
	287B : 4E;
	287C : 4B;
	287D : 4C;
	287E : 3A;
	287F : 29;
	2880 : 81;
	2881 : B6;
	2882 : B4;
	2883 : C4;
	2884 : D4;
	2885 : A2;
	2886 : A1;
	2887 : 89;
	2888 : 3C;
	2889 : 4E;
	288A : 5B;
	288B : 3C;
	288C : 3B;
	288D : 3A;
	288E : 81;
	288F : A5;
	2890 : C4;
	2891 : C4;
	2892 : C3;
	2893 : B4;
	2894 : 90;
	2895 : 89;
	2896 : 3B;
	2897 : 4D;
	2898 : 4B;
	2899 : 4C;
	289A : 19;
	289B : 10;
	289C : 81;
	289D : A4;
	289E : E3;
	289F : B4;
	28A0 : B2;
	28A1 : A3;
	28A2 : A1;
	28A3 : 8B;
	28A4 : 6A;
	28A5 : 2B;
	28A6 : 4C;
	28A7 : 3B;
	28A8 : 39;
	28A9 : 1A;
	28AA : 84;
	28AB : B2;
	28AC : D4;
	28AD : A2;
	28AE : B3;
	28AF : B3;
	28B0 : 8B;
	28B1 : 3D;
	28B2 : 5B;
	28B3 : 3A;
	28B4 : 4D;
	28B5 : 29;
	28B6 : 19;
	28B7 : 91;
	28B8 : 83;
	28B9 : D4;
	28BA : C3;
	28BB : A2;
	28BC : A1;
	28BD : 88;
	28BE : 3C;
	28BF : 2C;
	28C0 : 4C;
	28C1 : 4A;
	28C2 : 3C;
	28C3 : 18;
	28C4 : 00;
	28C5 : A4;
	28C6 : B2;
	28C7 : C4;
	28C8 : B4;
	28C9 : B2;
	28CA : 91;
	28CB : 88;
	28CC : 1B;
	28CD : 5D;
	28CE : 3B;
	28CF : 5B;
	28D0 : 7F;
	28D1 : 2B;
	28D2 : 20;
	28D3 : 92;
	28D4 : D4;
	28D5 : B3;
	28D6 : D4;
	28D7 : 90;
	28D8 : C5;
	28D9 : A9;
	28DA : 29;
	28DB : 80;
	28DC : 3B;
	28DD : 93;
	28DE : 3F;
	28DF : 3B;
	28E0 : 3E;
	28E1 : 5D;
	28E2 : 3A;
	28E3 : 83;
	28E4 : D5;
	28E5 : E5;
	28E6 : D5;
	28E7 : A2;
	28E8 : B1;
	28E9 : 2F;
	28EA : 39;
	28EB : 2B;
	28EC : 5D;
	28ED : 4B;
	28EE : 3B;
	28EF : 18;
	28F0 : 28;
	28F1 : D6;
	28F2 : D5;
	28F3 : C3;
	28F4 : B3;
	28F5 : B3;
	28F6 : 8A;
	28F7 : 3C;
	28F8 : 2A;
	28F9 : 6C;
	28FA : 3C;
	28FB : 3A;
	28FC : 1A;
	28FD : 39;
	28FE : 93;
	28FF : D4;
	2900 : A3;
	2901 : D3;
	2902 : A2;
	2903 : A0;
	2904 : 80;
	2905 : 2D;
	2906 : 2B;
	2907 : 6A;
	2908 : 1A;
	2909 : 3B;
	290A : 29;
	290B : 03;
	290C : B2;
	290D : E5;
	290E : B2;
	290F : B3;
	2910 : B4;
	2911 : A0;
	2912 : 18;
	2913 : 1D;
	2914 : 3C;
	2915 : 4B;
	2916 : 4B;
	2917 : 3A;
	2918 : 19;
	2919 : 81;
	291A : A6;
	291B : C3;
	291C : B3;
	291D : B4;
	291E : B2;
	291F : A0;
	2920 : 1A;
	2921 : 3D;
	2922 : 6B;
	2923 : 3B;
	2924 : 3C;
	2925 : 29;
	2926 : 19;
	2927 : 01;
	2928 : C5;
	2929 : B4;
	292A : C3;
	292B : B3;
	292C : B2;
	292D : 92;
	292E : 99;
	292F : 3D;
	2930 : 4C;
	2931 : 4B;
	2932 : 3B;
	2933 : 3B;
	2934 : 29;
	2935 : 00;
	2936 : B7;
	2937 : B4;
	2938 : C3;
	2939 : B4;
	293A : B2;
	293B : A1;
	293C : 09;
	293D : 2B;
	293E : 6C;
	293F : 3C;
	2940 : 4A;
	2941 : 2B;
	2942 : 28;
	2943 : 80;
	2944 : A3;
	2945 : C4;
	2946 : D4;
	2947 : A1;
	2948 : A2;
	2949 : 90;
	294A : 88;
	294B : 4B;
	294C : 4D;
	294D : 3B;
	294E : 3B;
	294F : 2A;
	2950 : 7F;
	2951 : 39;
	2952 : 01;
	2953 : D4;
	2954 : B3;
	2955 : C4;
	2956 : B3;
	2957 : B2;
	2958 : 80;
	2959 : 9A;
	295A : 7B;
	295B : 2C;
	295C : 4A;
	295D : 2A;
	295E : 29;
	295F : 88;
	2960 : 84;
	2961 : B5;
	2962 : D3;
	2963 : B3;
	2964 : B3;
	2965 : A1;
	2966 : 8A;
	2967 : 3B;
	2968 : 7C;
	2969 : 2A;
	296A : 3B;
	296B : 3B;
	296C : 39;
	296D : 81;
	296E : B7;
	296F : C4;
	2970 : B3;
	2971 : C3;
	2972 : A1;
	2973 : 91;
	2974 : 8A;
	2975 : 4A;
	2976 : 4D;
	2977 : 3B;
	2978 : 3C;
	2979 : 29;
	297A : 29;
	297B : 92;
	297C : B5;
	297D : B5;
	297E : C3;
	297F : B3;
	2980 : C2;
	2981 : 90;
	2982 : 08;
	2983 : 3D;
	2984 : 3C;
	2985 : 4B;
	2986 : 3C;
	2987 : 3A;
	2988 : 19;
	2989 : 01;
	298A : A4;
	298B : C4;
	298C : C3;
	298D : B3;
	298E : A2;
	298F : A0;
	2990 : 08;
	2991 : 3E;
	2992 : 3C;
	2993 : 4B;
	2994 : 2A;
	2995 : 4A;
	2996 : 19;
	2997 : 81;
	2998 : A3;
	2999 : D5;
	299A : B2;
	299B : B4;
	299C : A2;
	299D : 90;
	299E : 89;
	299F : 3D;
	29A0 : 38;
	29A1 : 0D;
	29A2 : 4B;
	29A3 : 11;
	29A4 : 0B;
	29A5 : 48;
	29A6 : 0D;
	29A7 : 48;
	29A8 : B4;
	29A9 : 90;
	29AA : A7;
	29AB : E4;
	29AC : 90;
	29AD : 09;
	29AE : 3F;
	29AF : 5D;
	29B0 : 4B;
	29B1 : 3C;
	29B2 : 20;
	29B3 : A2;
	29B4 : 90;
	29B5 : 94;
	29B6 : E4;
	29B7 : C3;
	29B8 : A2;
	29B9 : A2;
	29BA : 8B;
	29BB : 5C;
	29BC : 5D;
	29BD : 4C;
	29BE : 4B;
	29BF : 29;
	29C0 : 83;
	29C1 : B2;
	29C2 : C5;
	29C3 : B4;
	29C4 : D4;
	29C5 : A3;
	29C6 : C3;
	29C7 : A8;
	29C8 : 2B;
	29C9 : 5C;
	29CA : 4C;
	29CB : 4D;
	29CC : 6D;
	29CD : 29;
	29CE : 18;
	29CF : 93;
	29D0 : 7F;
	29D1 : C4;
	29D2 : D4;
	29D3 : C5;
	29D4 : C3;
	29D5 : B2;
	29D6 : 90;
	29D7 : 0A;
	29D8 : 4C;
	29D9 : 6D;
	29DA : 5D;
	29DB : 4C;
	29DC : 3A;
	29DD : 2A;
	29DE : 11;
	29DF : C5;
	29E0 : B4;
	29E1 : D5;
	29E2 : C4;
	29E3 : C2;
	29E4 : 91;
	29E5 : 88;
	29E6 : 2C;
	29E7 : 3D;
	29E8 : 4C;
	29E9 : 4B;
	29EA : 3B;
	29EB : 2A;
	29EC : 10;
	29ED : A6;
	29EE : C3;
	29EF : C4;
	29F0 : C3;
	29F1 : B3;
	29F2 : 91;
	29F3 : 89;
	29F4 : 2C;
	29F5 : 4B;
	29F6 : 5C;
	29F7 : 3B;
	29F8 : 3B;
	29F9 : 29;
	29FA : 93;
	29FB : A3;
	29FC : E5;
	29FD : B2;
	29FE : B4;
	29FF : 90;
	2A00 : 91;
	2A01 : 0B;
	2A02 : 4D;
	2A03 : 3A;
	2A04 : 4B;
	2A05 : 2B;
	2A06 : 49;
	2A07 : 80;
	2A08 : 93;
	2A09 : E3;
	2A0A : A4;
	2A0B : B3;
	2A0C : C2;
	2A0D : 91;
	2A0E : 89;
	2A0F : 3D;
	2A10 : 4C;
	2A11 : 3A;
	2A12 : 3D;
	2A13 : 29;
	2A14 : 18;
	2A15 : 80;
	2A16 : A6;
	2A17 : C4;
	2A18 : B4;
	2A19 : C3;
	2A1A : B2;
	2A1B : 90;
	2A1C : 0B;
	2A1D : 6A;
	2A1E : 3D;
	2A1F : 4D;
	2A20 : 4B;
	2A21 : 3B;
	2A22 : 3A;
	2A23 : 03;
	2A24 : D4;
	2A25 : C4;
	2A26 : C4;
	2A27 : D4;
	2A28 : B3;
	2A29 : A0;
	2A2A : 1A;
	2A2B : 4D;
	2A2C : 4D;
	2A2D : 5D;
	2A2E : 5B;
	2A2F : 3B;
	2A30 : 29;
	2A31 : 81;
	2A32 : B6;
	2A33 : D4;
	2A34 : B5;
	2A35 : D4;
	2A36 : C3;
	2A37 : 98;
	2A38 : 18;
	2A39 : 2D;
	2A3A : 3C;
	2A3B : 3C;
	2A3C : 4C;
	2A3D : 4A;
	2A3E : 08;
	2A3F : 01;
	2A40 : A3;
	2A41 : E4;
	2A42 : C4;
	2A43 : B3;
	2A44 : B1;
	2A45 : 91;
	2A46 : 08;
	2A47 : 1D;
	2A48 : 4B;
	2A49 : 4C;
	2A4A : 3B;
	2A4B : 3A;
	2A4C : 11;
	2A4D : B2;
	2A4E : B5;
	2A4F : B4;
	2A50 : 7F;
	2A51 : C3;
	2A52 : B3;
	2A53 : B1;
	2A54 : 81;
	2A55 : 1B;
	2A56 : 4E;
	2A57 : 4B;
	2A58 : 3C;
	2A59 : 3A;
	2A5A : 19;
	2A5B : 02;
	2A5C : A1;
	2A5D : D6;
	2A5E : B2;
	2A5F : B4;
	2A60 : A1;
	2A61 : 91;
	2A62 : 89;
	2A63 : 4C;
	2A64 : 5C;
	2A65 : 3C;
	2A66 : 3A;
	2A67 : 2A;
	2A68 : 10;
	2A69 : 92;
	2A6A : D3;
	2A6B : B6;
	2A6C : B3;
	2A6D : C3;
	2A6E : B1;
	2A6F : 80;
	2A70 : 2C;
	2A71 : 3C;
	2A72 : 5B;
	2A73 : 3D;
	2A74 : 4B;
	2A75 : 29;
	2A76 : 00;
	2A77 : A4;
	2A78 : C3;
	2A79 : B5;
	2A7A : D4;
	2A7B : B5;
	2A7C : B1;
	2A7D : 90;
	2A7E : 1A;
	2A7F : 3D;
	2A80 : 4B;
	2A81 : 3C;
	2A82 : 3B;
	2A83 : 3B;
	2A84 : 38;
	2A85 : A3;
	2A86 : D5;
	2A87 : C3;
	2A88 : C4;
	2A89 : B3;
	2A8A : C3;
	2A8B : 98;
	2A8C : 1A;
	2A8D : 3C;
	2A8E : 5C;
	2A8F : 4C;
	2A90 : 4C;
	2A91 : 2A;
	2A92 : 38;
	2A93 : 91;
	2A94 : B6;
	2A95 : B3;
	2A96 : C3;
	2A97 : A4;
	2A98 : C1;
	2A99 : 90;
	2A9A : 18;
	2A9B : 2D;
	2A9C : 3C;
	2A9D : 4A;
	2A9E : 2B;
	2A9F : 29;
	2AA0 : 00;
	2AA1 : 81;
	2AA2 : C5;
	2AA3 : B3;
	2AA4 : C3;
	2AA5 : B3;
	2AA6 : 90;
	2AA7 : 98;
	2AA8 : 2C;
	2AA9 : 6B;
	2AAA : 2C;
	2AAB : 5A;
	2AAC : 19;
	2AAD : 18;
	2AAE : 80;
	2AAF : B4;
	2AB0 : B5;
	2AB1 : B3;
	2AB2 : B3;
	2AB3 : C2;
	2AB4 : 91;
	2AB5 : 0D;
	2AB6 : 3A;
	2AB7 : 4C;
	2AB8 : 5B;
	2AB9 : 2A;
	2ABA : 2A;
	2ABB : 10;
	2ABC : B3;
	2ABD : C6;
	2ABE : B3;
	2ABF : B4;
	2AC0 : B3;
	2AC1 : C1;
	2AC2 : 08;
	2AC3 : 1C;
	2AC4 : 5B;
	2AC5 : 3D;
	2AC6 : 4C;
	2AC7 : 4B;
	2AC8 : 29;
	2AC9 : 18;
	2ACA : 93;
	2ACB : D4;
	2ACC : B3;
	2ACD : D4;
	2ACE : B3;
	2ACF : A1;
	2AD0 : 7F;
	2AD1 : 90;
	2AD2 : 2C;
	2AD3 : 3C;
	2AD4 : 5C;
	2AD5 : 4B;
	2AD6 : 3C;
	2AD7 : 29;
	2AD8 : 18;
	2AD9 : A3;
	2ADA : C5;
	2ADB : C3;
	2ADC : A4;
	2ADD : C2;
	2ADE : 92;
	2ADF : 98;
	2AE0 : 1A;
	2AE1 : 4D;
	2AE2 : 4C;
	2AE3 : 4B;
	2AE4 : 3C;
	2AE5 : 28;
	2AE6 : 08;
	2AE7 : 81;
	2AE8 : C3;
	2AE9 : B6;
	2AEA : B2;
	2AEB : B4;
	2AEC : 91;
	2AED : A8;
	2AEE : 2A;
	2AEF : 4D;
	2AF0 : 3B;
	2AF1 : 4B;
	2AF2 : 29;
	2AF3 : 29;
	2AF4 : 08;
	2AF5 : 82;
	2AF6 : F3;
	2AF7 : B4;
	2AF8 : B3;
	2AF9 : B3;
	2AFA : 90;
	2AFB : 99;
	2AFC : 3C;
	2AFD : 6B;
	2AFE : 3C;
	2AFF : 2A;
	2B00 : 3A;
	2B01 : 08;
	2B02 : A5;
	2B03 : 81;
	2B04 : E3;
	2B05 : A4;
	2B06 : C2;
	2B07 : 91;
	2B08 : 89;
	2B09 : 18;
	2B0A : 1D;
	2B0B : 5A;
	2B0C : 2C;
	2B0D : 29;
	2B0E : 18;
	2B0F : 88;
	2B10 : 94;
	2B11 : B6;
	2B12 : C2;
	2B13 : A3;
	2B14 : A1;
	2B15 : 91;
	2B16 : 89;
	2B17 : 4A;
	2B18 : 4E;
	2B19 : 3B;
	2B1A : 4B;
	2B1B : 2A;
	2B1C : 18;
	2B1D : 01;
	2B1E : B4;
	2B1F : D5;
	2B20 : C3;
	2B21 : B4;
	2B22 : B2;
	2B23 : 90;
	2B24 : 89;
	2B25 : 3C;
	2B26 : 4C;
	2B27 : 3B;
	2B28 : 4B;
	2B29 : 3B;
	2B2A : 29;
	2B2B : 01;
	2B2C : A4;
	2B2D : E4;
	2B2E : B4;
	2B2F : C3;
	2B30 : B3;
	2B31 : 98;
	2B32 : 88;
	2B33 : 2B;
	2B34 : 5C;
	2B35 : 4C;
	2B36 : 3B;
	2B37 : 4A;
	2B38 : 19;
	2B39 : 00;
	2B3A : 82;
	2B3B : D3;
	2B3C : B5;
	2B3D : B2;
	2B3E : B2;
	2B3F : 91;
	2B40 : 08;
	2B41 : 1D;
	2B42 : 4B;
	2B43 : 4B;
	2B44 : 3B;
	2B45 : 4B;
	2B46 : 18;
	2B47 : 83;
	2B48 : B2;
	2B49 : D4;
	2B4A : B4;
	2B4B : B3;
	2B4C : B1;
	2B4D : 92;
	2B4E : 0A;
	2B4F : 3F;
	2B50 : 7F;
	2B51 : 3B;
	2B52 : 4C;
	2B53 : 3A;
	2B54 : 18;
	2B55 : 19;
	2B56 : 93;
	2B57 : D5;
	2B58 : B2;
	2B59 : B4;
	2B5A : A2;
	2B5B : 98;
	2B5C : 88;
	2B5D : 4C;
	2B5E : 3C;
	2B5F : 4B;
	2B60 : 3B;
	2B61 : 3B;
	2B62 : 28;
	2B63 : 94;
	2B64 : B3;
	2B65 : E3;
	2B66 : C4;
	2B67 : B2;
	2B68 : 92;
	2B69 : A0;
	2B6A : 1B;
	2B6B : 6B;
	2B6C : 3D;
	2B6D : 3B;
	2B6E : 3A;
	2B6F : 3A;
	2B70 : 08;
	2B71 : 94;
	2B72 : C3;
	2B73 : D4;
	2B74 : B4;
	2B75 : B3;
	2B76 : B2;
	2B77 : A1;
	2B78 : 0A;
	2B79 : 3C;
	2B7A : 6B;
	2B7B : 3C;
	2B7C : 3B;
	2B7D : 3B;
	2B7E : 29;
	2B7F : 01;
	2B80 : B5;
	2B81 : C4;
	2B82 : C3;
	2B83 : B4;
	2B84 : B1;
	2B85 : 91;
	2B86 : 19;
	2B87 : 1C;
	2B88 : 5B;
	2B89 : 3C;
	2B8A : 3B;
	2B8B : 3A;
	2B8C : 2A;
	2B8D : 83;
	2B8E : B4;
	2B8F : D3;
	2B90 : B4;
	2B91 : B4;
	2B92 : B2;
	2B93 : A1;
	2B94 : 1A;
	2B95 : 1B;
	2B96 : 6B;
	2B97 : 4C;
	2B98 : 3A;
	2B99 : 1A;
	2B9A : 18;
	2B9B : 00;
	2B9C : B6;
	2B9D : B3;
	2B9E : C3;
	2B9F : B4;
	2BA0 : B1;
	2BA1 : 81;
	2BA2 : 1D;
	2BA3 : 3A;
	2BA4 : 3D;
	2BA5 : 4A;
	2BA6 : 2B;
	2BA7 : 28;
	2BA8 : 01;
	2BA9 : C2;
	2BAA : A3;
	2BAB : C4;
	2BAC : C3;
	2BAD : A1;
	2BAE : 90;
	2BAF : 1A;
	2BB0 : 1A;
	2BB1 : 7D;
	2BB2 : 3A;
	2BB3 : 3B;
	2BB4 : 2A;
	2BB5 : 01;
	2BB6 : 92;
	2BB7 : C3;
	2BB8 : E4;
	2BB9 : A2;
	2BBA : B3;
	2BBB : A1;
	2BBC : 08;
	2BBD : 1D;
	2BBE : 3B;
	2BBF : 5B;
	2BC0 : 3D;
	2BC1 : 4A;
	2BC2 : 19;
	2BC3 : 18;
	2BC4 : 92;
	2BC5 : C5;
	2BC6 : B3;
	2BC7 : C3;
	2BC8 : A2;
	2BC9 : C2;
	2BCA : 80;
	2BCB : 0B;
	2BCC : 4B;
	2BCD : 5C;
	2BCE : 3B;
	2BCF : 3B;
	2BD0 : 7F;
	2BD1 : 3A;
	2BD2 : 10;
	2BD3 : A2;
	2BD4 : B7;
	2BD5 : C3;
	2BD6 : C4;
	2BD7 : B3;
	2BD8 : A0;
	2BD9 : 81;
	2BDA : 0B;
	2BDB : 3B;
	2BDC : 5C;
	2BDD : 4A;
	2BDE : 1A;
	2BDF : 2A;
	2BE0 : 28;
	2BE1 : A2;
	2BE2 : A5;
	2BE3 : C3;
	2BE4 : C4;
	2BE5 : A2;
	2BE6 : B2;
	2BE7 : A1;
	2BE8 : 1A;
	2BE9 : 3E;
	2BEA : 3B;
	2BEB : 5B;
	2BEC : 2B;
	2BED : 30;
	2BEE : 0A;
	2BEF : A4;
	2BF0 : A4;
	2BF1 : D3;
	2BF2 : B3;
	2BF3 : B3;
	2BF4 : 90;
	2BF5 : 99;
	2BF6 : 4A;
	2BF7 : 3D;
	2BF8 : 3B;
	2BF9 : 4B;
	2BFA : 3B;
	2BFB : 3B;
	2BFC : 82;
	2BFD : C4;
	2BFE : C5;
	2BFF : B3;
	2C00 : C2;
	2C01 : 92;
	2C02 : 98;
	2C03 : 88;
	2C04 : 4C;
	2C05 : 4D;
	2C06 : 3A;
	2C07 : 2A;
	2C08 : 3A;
	2C09 : 00;
	2C0A : A3;
	2C0B : A3;
	2C0C : F4;
	2C0D : C3;
	2C0E : A2;
	2C0F : A1;
	2C10 : 88;
	2C11 : 2C;
	2C12 : 2C;
	2C13 : 6B;
	2C14 : 3C;
	2C15 : 29;
	2C16 : 29;
	2C17 : 80;
	2C18 : 94;
	2C19 : B4;
	2C1A : D3;
	2C1B : B3;
	2C1C : B2;
	2C1D : 92;
	2C1E : 99;
	2C1F : 3B;
	2C20 : 5E;
	2C21 : 3B;
	2C22 : 4B;
	2C23 : 3B;
	2C24 : 3A;
	2C25 : 19;
	2C26 : 94;
	2C27 : B4;
	2C28 : C4;
	2C29 : C3;
	2C2A : B3;
	2C2B : B3;
	2C2C : A0;
	2C2D : 2A;
	2C2E : 3F;
	2C2F : 3B;
	2C30 : 4B;
	2C31 : 2A;
	2C32 : 2A;
	2C33 : 28;
	2C34 : 81;
	2C35 : C5;
	2C36 : C3;
	2C37 : B3;
	2C38 : C3;
	2C39 : A2;
	2C3A : A8;
	2C3B : 29;
	2C3C : 3F;
	2C3D : 3B;
	2C3E : 4B;
	2C3F : 3A;
	2C40 : 2B;
	2C41 : 12;
	2C42 : B2;
	2C43 : D3;
	2C44 : A5;
	2C45 : C1;
	2C46 : 93;
	2C47 : B1;
	2C48 : 09;
	2C49 : 2B;
	2C4A : 6B;
	2C4B : 3D;
	2C4C : 3A;
	2C4D : 3A;
	2C4E : 09;
	2C4F : 12;
	2C50 : 7F;
	2C51 : C4;
	2C52 : E3;
	2C53 : B3;
	2C54 : B3;
	2C55 : B2;
	2C56 : 90;
	2C57 : 2C;
	2C58 : 2E;
	2C59 : 5A;
	2C5A : 2B;
	2C5B : 2A;
	2C5C : 49;
	2C5D : 80;
	2C5E : 94;
	2C5F : C3;
	2C60 : B4;
	2C61 : C2;
	2C62 : 92;
	2C63 : A0;
	2C64 : 80;
	2C65 : 2D;
	2C66 : 3D;
	2C67 : 4A;
	2C68 : 3C;
	2C69 : 2A;
	2C6A : 29;
	2C6B : 00;
	2C6C : 92;
	2C6D : C5;
	2C6E : B3;
	2C6F : D3;
	2C70 : A2;
	2C71 : A0;
	2C72 : 08;
	2C73 : 3D;
	2C74 : 3D;
	2C75 : 4B;
	2C76 : 3B;
	2C77 : 3B;
	2C78 : 29;
	2C79 : 10;
	2C7A : A3;
	2C7B : D5;
	2C7C : B3;
	2C7D : D3;
	2C7E : B4;
	2C7F : 90;
	2C80 : 98;
	2C81 : 1A;
	2C82 : 4B;
	2C83 : 4C;
	2C84 : 3B;
	2C85 : 4A;
	2C86 : 08;
	2C87 : 18;
	2C88 : 91;
	2C89 : B5;
	2C8A : A3;
	2C8B : E3;
	2C8C : A2;
	2C8D : A1;
	2C8E : 88;
	2C8F : 09;
	2C90 : 5B;
	2C91 : 2D;
	2C92 : 4A;
	2C93 : 3C;
	2C94 : 29;
	2C95 : 08;
	2C96 : 83;
	2C97 : D2;
	2C98 : A3;
	2C99 : B4;
	2C9A : C3;
	2C9B : 90;
	2C9C : 88;
	2C9D : 1A;
	2C9E : 5C;
	2C9F : 2B;
	2CA0 : 3B;
	2CA1 : 3A;
	2CA2 : 20;
	2CA3 : A3;
	2CA4 : C4;
	2CA5 : D3;
	2CA6 : D4;
	2CA7 : A2;
	2CA8 : A1;
	2CA9 : 80;
	2CAA : 0B;
	2CAB : 4C;
	2CAC : 4A;
	2CAD : 3C;
	2CAE : 2A;
	2CAF : 29;
	2CB0 : 18;
	2CB1 : C4;
	2CB2 : A4;
	2CB3 : D2;
	2CB4 : A3;
	2CB5 : A2;
	2CB6 : A1;
	2CB7 : 98;
	2CB8 : 4A;
	2CB9 : 3F;
	2CBA : 3B;
	2CBB : 4A;
	2CBC : 1A;
	2CBD : 18;
	2CBE : 00;
	2CBF : B3;
	2CC0 : D5;
	2CC1 : B3;
	2CC2 : B3;
	2CC3 : C4;
	2CC4 : 90;
	2CC5 : 89;
	2CC6 : 2A;
	2CC7 : 5C;
	2CC8 : 3D;
	2CC9 : 39;
	2CCA : 1B;
	2CCB : 29;
	2CCC : 10;
	2CCD : A3;
	2CCE : D4;
	2CCF : C4;
	2CD0 : 7F;
	2CD1 : B3;
	2CD2 : C3;
	2CD3 : 91;
	2CD4 : 99;
	2CD5 : 18;
	2CD6 : 4C;
	2CD7 : 2B;
	2CD8 : 4A;
	2CD9 : 2A;
	2CDA : 2A;
	2CDB : 00;
	2CDC : 83;
	2CDD : E2;
	2CDE : B6;
	2CDF : A2;
	2CE0 : C2;
	2CE1 : 91;
	2CE2 : 89;
	2CE3 : 08;
	2CE4 : 3C;
	2CE5 : 4B;
	2CE6 : 2B;
	2CE7 : 4A;
	2CE8 : 1A;
	2CE9 : 11;
	2CEA : 94;
	2CEB : D2;
	2CEC : B5;
	2CED : A1;
	2CEE : A2;
	2CEF : 88;
	2CF0 : 08;
	2CF1 : 1C;
	2CF2 : 4B;
	2CF3 : 5B;
	2CF4 : 2B;
	2CF5 : 38;
	2CF6 : 09;
	2CF7 : 92;
	2CF8 : 95;
	2CF9 : E3;
	2CFA : B3;
	2CFB : B4;
	2CFC : B2;
	2CFD : 99;
	2CFE : 3B;
	2CFF : 7C;
	2D00 : 2B;
	2D01 : 5A;
	2D02 : 1A;
	2D03 : 29;
	2D04 : 00;
	2D05 : B4;
	2D06 : A5;
	2D07 : C3;
	2D08 : C3;
	2D09 : A2;
	2D0A : 90;
	2D0B : 89;
	2D0C : 3B;
	2D0D : 5E;
	2D0E : 2A;
	2D0F : 4A;
	2D10 : 1A;
	2D11 : 18;
	2D12 : 01;
	2D13 : A3;
	2D14 : D3;
	2D15 : B5;
	2D16 : B2;
	2D17 : B3;
	2D18 : 90;
	2D19 : 89;
	2D1A : 3C;
	2D1B : 7C;
	2D1C : 3B;
	2D1D : 3B;
	2D1E : 3A;
	2D1F : 1A;
	2D20 : 11;
	2D21 : A4;
	2D22 : E3;
	2D23 : B5;
	2D24 : B3;
	2D25 : C3;
	2D26 : 90;
	2D27 : 98;
	2D28 : 1B;
	2D29 : 5A;
	2D2A : 4C;
	2D2B : 2B;
	2D2C : 39;
	2D2D : 1A;
	2D2E : 02;
	2D2F : 92;
	2D30 : E3;
	2D31 : C4;
	2D32 : A2;
	2D33 : B2;
	2D34 : 91;
	2D35 : 08;
	2D36 : 0D;
	2D37 : 4A;
	2D38 : 4C;
	2D39 : 2B;
	2D3A : 4A;
	2D3B : 18;
	2D3C : 08;
	2D3D : A5;
	2D3E : B3;
	2D3F : C3;
	2D40 : B4;
	2D41 : 90;
	2D42 : 90;
	2D43 : 09;
	2D44 : 2C;
	2D45 : 4C;
	2D46 : 4B;
	2D47 : 3B;
	2D48 : 3A;
	2D49 : 81;
	2D4A : A3;
	2D4B : C5;
	2D4C : A3;
	2D4D : D2;
	2D4E : A3;
	2D4F : A0;
	2D50 : 7F;
	2D51 : 88;
	2D52 : 3C;
	2D53 : 4C;
	2D54 : 3C;
	2D55 : 4A;
	2D56 : 19;
	2D57 : 08;
	2D58 : 03;
	2D59 : B1;
	2D5A : F4;
	2D5B : A2;
	2D5C : B3;
	2D5D : A1;
	2D5E : 80;
	2D5F : 0C;
	2D60 : 3D;
	2D61 : 6A;
	2D62 : 2B;
	2D63 : 29;
	2D64 : 3B;
	2D65 : 08;
	2D66 : 84;
	2D67 : B2;
	2D68 : D5;
	2D69 : B3;
	2D6A : B4;
	2D6B : C1;
	2D6C : 00;
	2D6D : 0A;
	2D6E : 2C;
	2D6F : 4B;
	2D70 : 4C;
	2D71 : 29;
	2D72 : 2A;
	2D73 : 18;
	2D74 : 92;
	2D75 : A5;
	2D76 : C3;
	2D77 : C4;
	2D78 : B3;
	2D79 : B1;
	2D7A : 91;
	2D7B : 1A;
	2D7C : 2C;
	2D7D : 5B;
	2D7E : 4B;
	2D7F : 3B;
	2D80 : 2A;
	2D81 : 28;
	2D82 : A1;
	2D83 : A6;
	2D84 : B4;
	2D85 : C2;
	2D86 : A4;
	2D87 : A0;
	2D88 : 80;
	2D89 : 09;
	2D8A : 2B;
	2D8B : 4D;
	2D8C : 4B;
	2D8D : 2B;
	2D8E : 29;
	2D8F : 21;
	2D90 : A1;
	2D91 : C4;
	2D92 : A3;
	2D93 : E2;
	2D94 : 92;
	2D95 : 91;
	2D96 : A0;
	2D97 : 0A;
	2D98 : 7A;
	2D99 : 2C;
	2D9A : 3B;
	2D9B : 4B;
	2D9C : 18;
	2D9D : 01;
	2D9E : A3;
	2D9F : E3;
	2DA0 : A3;
	2DA1 : C2;
	2DA2 : A2;
	2DA3 : 81;
	2DA4 : 8B;
	2DA5 : 5C;
	2DA6 : 4B;
	2DA7 : 2C;
	2DA8 : 3A;
	2DA9 : 29;
	2DAA : 00;
	2DAB : 95;
	2DAC : C3;
	2DAD : B3;
	2DAE : F3;
	2DAF : 91;
	2DB0 : A1;
	2DB1 : 09;
	2DB2 : 2C;
	2DB3 : 2B;
	2DB4 : 7A;
	2DB5 : 2C;
	2DB6 : 3A;
	2DB7 : 19;
	2DB8 : 01;
	2DB9 : B3;
	2DBA : A5;
	2DBB : D3;
	2DBC : B4;
	2DBD : A1;
	2DBE : A1;
	2DBF : 80;
	2DC0 : 1B;
	2DC1 : 5D;
	2DC2 : 3B;
	2DC3 : 4B;
	2DC4 : 3B;
	2DC5 : 29;
	2DC6 : 28;
	2DC7 : B3;
	2DC8 : C6;
	2DC9 : C3;
	2DCA : C3;
	2DCB : A2;
	2DCC : A1;
	2DCD : 98;
	2DCE : 29;
	2DCF : 4D;
	2DD0 : 7F;
	2DD1 : 2B;
	2DD2 : 5B;
	2DD3 : 3A;
	2DD4 : 18;
	2DD5 : 00;
	2DD6 : A2;
	2DD7 : C5;
	2DD8 : B4;
	2DD9 : C2;
	2DDA : 91;
	2DDB : 91;
	2DDC : 98;
	2DDD : 29;
	2DDE : 4D;
	2DDF : 2B;
	2DE0 : 4A;
	2DE1 : 2B;
	2DE2 : 29;
	2DE3 : 01;
	2DE4 : 94;
	2DE5 : D3;
	2DE6 : C4;
	2DE7 : B2;
	2DE8 : B3;
	2DE9 : 90;
	2DEA : 0A;
	2DEB : 2B;
	2DEC : 7A;
	2DED : 2B;
	2DEE : 2B;
	2DEF : 59;
	2DF0 : 08;
	2DF1 : 92;
	2DF2 : B6;
	2DF3 : C2;
	2DF4 : A3;
	2DF5 : A1;
	2DF6 : A1;
	2DF7 : 08;
	2DF8 : 3C;
	2DF9 : 2F;
	2DFA : 3A;
	2DFB : 3B;
	2DFC : 3B;
	2DFD : 11;
	2DFE : 81;
	2DFF : D4;
	2E00 : B5;
	2E01 : C2;
	2E02 : B3;
	2E03 : 91;
	2E04 : 88;
	2E05 : 0B;
	2E06 : 6B;
	2E07 : 5C;
	2E08 : 2A;
	2E09 : 4A;
	2E0A : 09;
	2E0B : 10;
	2E0C : 81;
	2E0D : D3;
	2E0E : B5;
	2E0F : B3;
	2E10 : B2;
	2E11 : B4;
	2E12 : 98;
	2E13 : 0A;
	2E14 : 5B;
	2E15 : 4C;
	2E16 : 3B;
	2E17 : 3B;
	2E18 : 3A;
	2E19 : 00;
	2E1A : 83;
	2E1B : D3;
	2E1C : E4;
	2E1D : B3;
	2E1E : B3;
	2E1F : B3;
	2E20 : 90;
	2E21 : 8B;
	2E22 : 6A;
	2E23 : 3C;
	2E24 : 3D;
	2E25 : 3B;
	2E26 : 4A;
	2E27 : 08;
	2E28 : 82;
	2E29 : 92;
	2E2A : E3;
	2E2B : B5;
	2E2C : B2;
	2E2D : A2;
	2E2E : 80;
	2E2F : 0B;
	2E30 : 3C;
	2E31 : 4B;
	2E32 : 4C;
	2E33 : 2A;
	2E34 : 3A;
	2E35 : 18;
	2E36 : 92;
	2E37 : A4;
	2E38 : E3;
	2E39 : B3;
	2E3A : A3;
	2E3B : B1;
	2E3C : 88;
	2E3D : 4C;
	2E3E : 2C;
	2E3F : 4A;
	2E40 : 2B;
	2E41 : 19;
	2E42 : 38;
	2E43 : 09;
	2E44 : 93;
	2E45 : E5;
	2E46 : C2;
	2E47 : A3;
	2E48 : A2;
	2E49 : 98;
	2E4A : 0B;
	2E4B : 7A;
	2E4C : 1B;
	2E4D : 4A;
	2E4E : 3B;
	2E4F : 2A;
	2E50 : 7F;
	2E51 : 28;
	2E52 : B5;
	2E53 : C3;
	2E54 : D4;
	2E55 : A3;
	2E56 : B1;
	2E57 : 93;
	2E58 : 8B;
	2E59 : 2B;
	2E5A : 7C;
	2E5B : 3B;
	2E5C : 2B;
	2E5D : 4A;
	2E5E : 29;
	2E5F : 81;
	2E60 : A6;
	2E61 : B3;
	2E62 : E3;
	2E63 : A2;
	2E64 : A1;
	2E65 : A2;
	2E66 : 1A;
	2E67 : 1C;
	2E68 : 4C;
	2E69 : 5B;
	2E6A : 3B;
	2E6B : 29;
	2E6C : 3A;
	2E6D : 90;
	2E6E : A6;
	2E6F : A3;
	2E70 : E3;
	2E71 : B4;
	2E72 : B1;
	2E73 : 92;
	2E74 : 88;
	2E75 : 1B;
	2E76 : 3E;
	2E77 : 4A;
	2E78 : 2B;
	2E79 : 3A;
	2E7A : 4A;
	2E7B : 88;
	2E7C : 84;
	2E7D : B4;
	2E7E : D2;
	2E7F : B4;
	2E80 : A2;
	2E81 : A0;
	2E82 : 18;
	2E83 : 1A;
	2E84 : 3E;
	2E85 : 3A;
	2E86 : 3C;
	2E87 : 2B;
	2E88 : 20;
	2E89 : 00;
	2E8A : B4;
	2E8B : C5;
	2E8C : B2;
	2E8D : C3;
	2E8E : A2;
	2E8F : 89;
	2E90 : 00;
	2E91 : 3C;
	2E92 : 2D;
	2E93 : 4B;
	2E94 : 4A;
	2E95 : 1A;
	2E96 : 00;
	2E97 : 01;
	2E98 : C3;
	2E99 : C5;
	2E9A : A2;
	2E9B : B2;
	2E9C : 92;
	2E9D : 99;
	2E9E : 3C;
	2E9F : 4C;
	2EA0 : 4B;
	2EA1 : 2B;
	2EA2 : 39;
	2EA3 : 19;
	2EA4 : A3;
	2EA5 : B6;
	2EA6 : C4;
	2EA7 : C3;
	2EA8 : A2;
	2EA9 : A1;
	2EAA : 90;
	2EAB : 2A;
	2EAC : 3E;
	2EAD : 4B;
	2EAE : 3B;
	2EAF : 2C;
	2EB0 : 38;
	2EB1 : 19;
	2EB2 : A4;
	2EB3 : B5;
	2EB4 : B3;
	2EB5 : D3;
	2EB6 : B4;
	2EB7 : B2;
	2EB8 : 98;
	2EB9 : 2A;
	2EBA : 4D;
	2EBB : 3D;
	2EBC : 39;
	2EBD : 1B;
	2EBE : 29;
	2EBF : 28;
	2EC0 : 92;
	2EC1 : E4;
	2EC2 : B4;
	2EC3 : A2;
	2EC4 : C3;
	2EC5 : A2;
	2EC6 : A0;
	2EC7 : 09;
	2EC8 : 5C;
	2EC9 : 3D;
	2ECA : 3A;
	2ECB : 2A;
	2ECC : 2A;
	2ECD : 01;
	2ECE : 82;
	2ECF : E3;
	2ED0 : 7F;
	2ED1 : B5;
	2ED2 : B3;
	2ED3 : C2;
	2ED4 : 91;
	2ED5 : 98;
	2ED6 : 19;
	2ED7 : 3C;
	2ED8 : 4C;
	2ED9 : 2B;
	2EDA : 4A;
	2EDB : 2B;
	2EDC : 20;
	2EDD : 82;
	2EDE : D3;
	2EDF : C4;
	2EE0 : B3;
	2EE1 : B2;
	2EE2 : 92;
	2EE3 : 8B;
	2EE4 : 2D;
	2EE5 : 4A;
	2EE6 : 4B;
	2EE7 : 1A;
	2EE8 : 4A;
	2EE9 : 3B;
	2EEA : 01;
	2EEB : A5;
	2EEC : C3;
	2EED : D3;
	2EEE : A3;
	2EEF : B1;
	2EF0 : 90;
	2EF1 : 2B;
	2EF2 : 4E;
	2EF3 : 3A;
	2EF4 : 3B;
	2EF5 : 2C;
	2EF6 : 39;
	2EF7 : 02;
	2EF8 : B2;
	2EF9 : D5;
	2EFA : A2;
	2EFB : C2;
	2EFC : A3;
	2EFD : 98;
	2EFE : 89;
	2EFF : 4B;
	2F00 : 5B;
	2F01 : 4C;
	2F02 : 3A;
	2F03 : 2B;
	2F04 : 18;
	2F05 : 83;
	2F06 : B2;
	2F07 : F3;
	2F08 : B5;
	2F09 : C2;
	2F0A : A3;
	2F0B : 88;
	2F0C : 8A;
	2F0D : 3A;
	2F0E : 6D;
	2F0F : 3B;
	2F10 : 3B;
	2F11 : 3A;
	2F12 : 08;
	2F13 : 83;
	2F14 : B4;
	2F15 : E3;
	2F16 : B6;
	2F17 : B2;
	2F18 : A2;
	2F19 : 91;
	2F1A : 89;
	2F1B : 1B;
	2F1C : 6B;
	2F1D : 4C;
	2F1E : 3B;
	2F1F : 28;
	2F20 : 89;
	2F21 : 01;
	2F22 : 83;
	2F23 : E3;
	2F24 : C4;
	2F25 : A2;
	2F26 : C2;
	2F27 : 91;
	2F28 : 09;
	2F29 : 1B;
	2F2A : 5A;
	2F2B : 3D;
	2F2C : 2B;
	2F2D : 48;
	2F2E : 09;
	2F2F : 92;
	2F30 : B4;
	2F31 : B3;
	2F32 : D3;
	2F33 : A4;
	2F34 : 98;
	2F35 : 91;
	2F36 : 1B;
	2F37 : 2C;
	2F38 : 3A;
	2F39 : 5B;
	2F3A : 2C;
	2F3B : 3A;
	2F3C : 20;
	2F3D : B2;
	2F3E : B6;
	2F3F : A3;
	2F40 : E2;
	2F41 : 92;
	2F42 : 90;
	2F43 : 99;
	2F44 : 49;
	2F45 : 4D;
	2F46 : 1A;
	2F47 : 39;
	2F48 : 2B;
	2F49 : 00;
	2F4A : 04;
	2F4B : D1;
	2F4C : B5;
	2F4D : A3;
	2F4E : B1;
	2F4F : A3;
	2F50 : 7F;
	2F51 : 88;
	2F52 : 1D;
	2F53 : 4B;
	2F54 : 5C;
	2F55 : 2A;
	2F56 : 2A;
	2F57 : 39;
	2F58 : 90;
	2F59 : 95;
	2F5A : B3;
	2F5B : E3;
	2F5C : B4;
	2F5D : A2;
	2F5E : B2;
	2F5F : 88;
	2F60 : 2C;
	2F61 : 3E;
	2F62 : 5A;
	2F63 : 2B;
	2F64 : 19;
	2F65 : 39;
	2F66 : 88;
	2F67 : 93;
	2F68 : A5;
	2F69 : D3;
	2F6A : C3;
	2F6B : A2;
	2F6C : A1;
	2F6D : 91;
	2F6E : 2C;
	2F6F : 2E;
	2F70 : 4A;
	2F71 : 3B;
	2F72 : 1A;
	2F73 : 49;
	2F74 : 08;
	2F75 : A2;
	2F76 : A6;
	2F77 : C3;
	2F78 : C2;
	2F79 : 92;
	2F7A : A1;
	2F7B : 90;
	2F7C : 2A;
	2F7D : 3D;
	2F7E : 3C;
	2F7F : 3A;
	2F80 : 2B;
	2F81 : 2A;
	2F82 : 31;
	2F83 : D2;
	2F84 : C5;
	2F85 : A2;
	2F86 : C2;
	2F87 : 93;
	2F88 : A1;
	2F89 : 9A;
	2F8A : 3A;
	2F8B : 5B;
	2F8C : 2E;
	2F8D : 4A;
	2F8E : 3C;
	2F8F : 18;
	2F90 : 02;
	2F91 : A0;
	2F92 : C4;
	2F93 : A3;
	2F94 : B2;
	2F95 : A2;
	2F96 : 88;
	2F97 : 8A;
	2F98 : 4D;
	2F99 : 6A;
	2F9A : 1B;
	2F9B : 39;
	2F9C : 2A;
	2F9D : 81;
	2F9E : 94;
	2F9F : C4;
	2FA0 : C2;
	2FA1 : A4;
	2FA2 : B2;
	2FA3 : A0;
	2FA4 : 00;
	2FA5 : 2E;
	2FA6 : 4B;
	2FA7 : 4A;
	2FA8 : 2B;
	2FA9 : 19;
	2FAA : 28;
	2FAB : 90;
	2FAC : A5;
	2FAD : B5;
	2FAE : C2;
	2FAF : B3;
	2FB0 : 92;
	2FB1 : B0;
	2FB2 : 18;
	2FB3 : 3E;
	2FB4 : 3D;
	2FB5 : 3B;
	2FB6 : 5B;
	2FB7 : 2B;
	2FB8 : 21;
	2FB9 : 80;
	2FBA : C3;
	2FBB : C6;
	2FBC : B3;
	2FBD : C3;
	2FBE : A2;
	2FBF : A0;
	2FC0 : 09;
	2FC1 : 3C;
	2FC2 : 4C;
	2FC3 : 2B;
	2FC4 : 59;
	2FC5 : 0A;
	2FC6 : 18;
	2FC7 : 10;
	2FC8 : A2;
	2FC9 : B5;
	2FCA : B4;
	2FCB : B3;
	2FCC : B2;
	2FCD : A2;
	2FCE : 9A;
	2FCF : 4A;
	2FD0 : 7F;
	2FD1 : 6C;
	2FD2 : 2B;
	2FD3 : 4A;
	2FD4 : 2B;
	2FD5 : 28;
	2FD6 : 01;
	2FD7 : A2;
	2FD8 : E3;
	2FD9 : B4;
	2FDA : B2;
	2FDB : C3;
	2FDC : 00;
	2FDD : 9A;
	2FDE : 3B;
	2FDF : 7B;
	2FE0 : 2C;
	2FE1 : 3A;
	2FE2 : 4B;
	2FE3 : 10;
	2FE4 : 93;
	2FE5 : A3;
	2FE6 : F1;
	2FE7 : 93;
	2FE8 : A1;
	2FE9 : A8;
	2FEA : 00;
	2FEB : 3E;
	2FEC : 2B;
	2FED : 59;
	2FEE : 2D;
	2FEF : 19;
	2FF0 : 20;
	2FF1 : 88;
	2FF2 : B5;
	2FF3 : 93;
	2FF4 : D1;
	2FF5 : 93;
	2FF6 : A1;
	2FF7 : A0;
	2FF8 : 2A;
	2FF9 : 5C;
	2FFA : 3D;
	2FFB : 29;
	2FFC : 3B;
	2FFD : 1A;
	2FFE : 12;
	2FFF : 91;
	3000 : F3;
	3001 : B6;
	3002 : C2;
	3003 : A2;
	3004 : 91;
	3005 : 09;
	3006 : 0A;
	3007 : 5B;
	3008 : 3D;
	3009 : 3B;
	300A : 5A;
	300B : 1A;
	300C : 02;
	300D : A2;
	300E : C3;
	300F : C4;
	3010 : B3;
	3011 : B2;
	3012 : A4;
	3013 : 98;
	3014 : 0B;
	3015 : 59;
	3016 : 4E;
	3017 : 19;
	3018 : 39;
	3019 : 1B;
	301A : 10;
	301B : 93;
	301C : B3;
	301D : F3;
	301E : A3;
	301F : B1;
	3020 : B3;
	3021 : 00;
	3022 : 8B;
	3023 : 4C;
	3024 : 6A;
	3025 : 2C;
	3026 : 2A;
	3027 : 3A;
	3028 : 08;
	3029 : 02;
	302A : A4;
	302B : E2;
	302C : A4;
	302D : A2;
	302E : C1;
	302F : 00;
	3030 : 0A;
	3031 : 1B;
	3032 : 6A;
	3033 : 2B;
	3034 : 2B;
	3035 : 31;
	3036 : 89;
	3037 : B4;
	3038 : 95;
	3039 : D1;
	303A : A4;
	303B : 91;
	303C : A0;
	303D : 08;
	303E : 4B;
	303F : 1D;
	3040 : 39;
	3041 : 2B;
	3042 : 1B;
	3043 : 31;
	3044 : 01;
	3045 : F1;
	3046 : B7;
	3047 : 91;
	3048 : C2;
	3049 : 81;
	304A : 0A;
	304B : 09;
	304C : 6A;
	304D : 2C;
	304E : 2B;
	304F : 4A;
	3050 : 7F;
	3051 : 19;
	3052 : 01;
	3053 : 93;
	3054 : E3;
	3055 : B4;
	3056 : A2;
	3057 : B1;
	3058 : A3;
	3059 : 1B;
	305A : 0C;
	305B : 5B;
	305C : 7B;
	305D : 2B;
	305E : 39;
	305F : 19;
	3060 : 91;
	3061 : 85;
	3062 : B2;
	3063 : E3;
	3064 : A4;
	3065 : B1;
	3066 : A2;
	3067 : 08;
	3068 : 1D;
	3069 : 2A;
	306A : 5B;
	306B : 3C;
	306C : 3A;
	306D : 28;
	306E : A0;
	306F : 94;
	3070 : A4;
	3071 : D3;
	3072 : B4;
	3073 : B2;
	3074 : A0;
	3075 : 00;
	3076 : 2B;
	3077 : 1D;
	3078 : 5A;
	3079 : 3C;
	307A : 19;
	307B : 38;
	307C : 89;
	307D : 94;
	307E : A4;
	307F : D2;
	3080 : A3;
	3081 : A1;
	3082 : 98;
	3083 : 00;
	3084 : 3B;
	3085 : 2F;
	3086 : 3A;
	3087 : 4B;
	3088 : 2B;
	3089 : 11;
	308A : 18;
	308B : F2;
	308C : A4;
	308D : 91;
	308E : C1;
	308F : 02;
	3090 : 9A;
	3091 : 88;
	3092 : 5A;
	3093 : 3E;
	3094 : 2A;
	3095 : 49;
	3096 : 09;
	3097 : 92;
	3098 : 00;
	3099 : C2;
	309A : D5;
	309B : 91;
	309C : A0;
	309D : 82;
	309E : 09;
	309F : 0C;
	30A0 : 4B;
	30A1 : 6A;
	30A2 : 1B;
	30A3 : 38;
	30A4 : 0A;
	30A5 : 91;
	30A6 : 86;
	30A7 : C2;
	30A8 : C3;
	30A9 : 93;
	30AA : B0;
	30AB : 91;
	30AC : 2A;
	30AD : 3F;
	30AE : 1A;
	30AF : 6A;
	30B0 : 1A;
	30B1 : 18;
	30B2 : 28;
	30B3 : A1;
	30B4 : B7;
	30B5 : B3;
	30B6 : C3;
	30B7 : B3;
	30B8 : 91;
	30B9 : A9;
	30BA : 39;
	30BB : 4D;
	30BC : 1B;
	30BD : 5A;
	30BE : 3C;
	30BF : 2A;
	30C0 : 20;
	30C1 : 91;
	30C2 : B3;
	30C3 : B7;
	30C4 : A1;
	30C5 : C3;
	30C6 : 82;
	30C7 : B9;
	30C8 : 10;
	30C9 : 4B;
	30CA : 2E;
	30CB : 2A;
	30CC : 5A;
	30CD : 09;
	30CE : 10;
	30CF : 01;
	30D0 : 7F;
	30D1 : D1;
	30D2 : 95;
	30D3 : A2;
	30D4 : C1;
	30D5 : 01;
	30D6 : 8A;
	30D7 : 0A;
	30D8 : 49;
	30D9 : 3E;
	30DA : 19;
	30DB : 20;
	30DC : 0A;
	30DD : A3;
	30DE : 84;
	30DF : D1;
	30E0 : A5;
	30E1 : 90;
	30E2 : 90;
	30E3 : 91;
	30E4 : 29;
	30E5 : 1F;
	30E6 : 29;
	30E7 : 4A;
	30E8 : 0B;
	30E9 : 31;
	30EA : 89;
	30EB : E3;
	30EC : 94;
	30ED : A1;
	30EE : C2;
	30EF : 82;
	30F0 : 98;
	30F1 : 8A;
	30F2 : 7A;
	30F3 : 2C;
	30F4 : 19;
	30F5 : 49;
	30F6 : 0A;
	30F7 : 01;
	30F8 : 02;
	30F9 : D1;
	30FA : A5;
	30FB : A2;
	30FC : B0;
	30FD : 93;
	30FE : 19;
	30FF : 9D;
	3100 : 49;
	3101 : 4B;
	3102 : 1B;
	3103 : 49;
	3104 : 2B;
	3105 : 91;
	3106 : 96;
	3107 : A2;
	3108 : D3;
	3109 : A3;
	310A : B0;
	310B : B3;
	310C : 39;
	310D : 0F;
	310E : 2A;
	310F : 5B;
	3110 : 3C;
	3111 : 18;
	3112 : 29;
	3113 : 89;
	3114 : 96;
	3115 : 80;
	3116 : D2;
	3117 : A5;
	3118 : 90;
	3119 : A0;
	311A : 00;
	311B : 3B;
	311C : 0D;
	311D : 59;
	311E : 2C;
	311F : 09;
	3120 : 30;
	3121 : 90;
	3122 : B4;
	3123 : 93;
	3124 : C1;
	3125 : A3;
	3126 : 83;
	3127 : BB;
	3128 : 00;
	3129 : 7A;
	312A : 1D;
	312B : 20;
	312C : 4B;
	312D : 9A;
	312E : 22;
	312F : 02;
	3130 : E1;
	3131 : 93;
	3132 : 91;
	3133 : D0;
	3134 : 12;
	3135 : 0C;
	3136 : 98;
	3137 : 69;
	3138 : 1B;
	3139 : 19;
	313A : 48;
	313B : 98;
	313C : A4;
	313D : A5;
	313E : A0;
	313F : B4;
	3140 : 01;
	3141 : C9;
	3142 : 12;
	3143 : 2C;
	3144 : 0D;
	3145 : 49;
	3146 : 29;
	3147 : 8B;
	3148 : 23;
	3149 : 19;
	314A : F1;
	314B : 96;
	314C : A1;
	314D : B1;
	314E : 02;
	314F : 8B;
	3150 : 7F;
	3151 : 88;
	3152 : 5A;
	3153 : 3E;
	3154 : 18;
	3155 : 39;
	3156 : 8B;
	3157 : 84;
	3158 : 03;
	3159 : F0;
	315A : A5;
	315B : 91;
	315C : B1;
	315D : 81;
	315E : 1A;
	315F : 0C;
	3160 : 49;
	3161 : 4B;
	3162 : 0B;
	3163 : 50;
	3164 : 09;
	3165 : A1;
	3166 : 03;
	3167 : C2;
	3168 : E3;
	3169 : 93;
	316A : A0;
	316B : B1;
	316C : 38;
	316D : 0F;
	316E : 19;
	316F : 69;
	3170 : 0B;
	3171 : 10;
	3172 : 29;
	3173 : A0;
	3174 : A6;
	3175 : 92;
	3176 : D1;
	3177 : 93;
	3178 : 88;
	3179 : B0;
	317A : 30;
	317B : 3F;
	317C : 0A;
	317D : 58;
	317E : 1B;
	317F : 09;
	3180 : 23;
	3181 : B8;
	3182 : D3;
	3183 : 95;
	3184 : B8;
	3185 : A4;
	3186 : 18;
	3187 : 8C;
	3188 : 20;
	3189 : 3B;
	318A : 1D;
	318B : 20;
	318C : 3B;
	318D : A8;
	318E : 97;
	318F : 91;
	3190 : C2;
	3191 : 93;
	3192 : A8;
	3193 : A0;
	3194 : 38;
	3195 : 2D;
	3196 : 1C;
	3197 : 58;
	3198 : 1B;
	3199 : 08;
	319A : 22;
	319B : B8;
	319C : D5;
	319D : 93;
	319E : C1;
	319F : B4;
	31A0 : 80;
	31A1 : 8B;
	31A2 : 10;
	31A3 : 6C;
	31A4 : 1B;
	31A5 : 48;
	31A6 : 2B;
	31A7 : 0A;
	31A8 : 23;
	31A9 : A1;
	31AA : F3;
	31AB : B6;
	31AC : A1;
	31AD : A1;
	31AE : 01;
	31AF : 9A;
	31B0 : 0A;
	31B1 : 79;
	31B2 : 2E;
	31B3 : 29;
	31B4 : 3A;
	31B5 : 09;
	31B6 : 81;
	31B7 : 83;
	31B8 : D2;
	31B9 : B6;
	31BA : A2;
	31BB : C1;
	31BC : 82;
	31BD : 0A;
	31BE : 0B;
	31BF : 59;
	31C0 : 2C;
	31C1 : 1B;
	31C2 : 48;
	31C3 : 1A;
	31C4 : 92;
	31C5 : 85;
	31C6 : C2;
	31C7 : D3;
	31C8 : 93;
	31C9 : B0;
	31CA : 80;
	31CB : 29;
	31CC : 1E;
	31CD : 2A;
	31CE : 5A;
	31CF : 1B;
	31D0 : 7F;
	31D1 : 20;
	31D2 : 18;
	31D3 : B1;
	31D4 : A6;
	31D5 : A2;
	31D6 : E2;
	31D7 : 92;
	31D8 : 89;
	31D9 : 98;
	31DA : 31;
	31DB : 3F;
	31DC : 0A;
	31DD : 59;
	31DE : 1B;
	31DF : 10;
	31E0 : 03;
	31E1 : C1;
	31E2 : C3;
	31E3 : 93;
	31E4 : D1;
	31E5 : A2;
	31E6 : 39;
	31E7 : 9D;
	31E8 : 38;
	31E9 : 5C;
	31EA : 1B;
	31EB : 38;
	31EC : 1A;
	31ED : 90;
	31EE : 97;
	31EF : A2;
	31F0 : D2;
	31F1 : 93;
	31F2 : A1;
	31F3 : A0;
	31F4 : 39;
	31F5 : 2E;
	31F6 : 1A;
	31F7 : 5A;
	31F8 : 2C;
	31F9 : 28;
	31FA : 10;
	31FB : 99;
	31FC : B6;
	31FD : 94;
	31FE : D2;
	31FF : A2;
	3200 : 91;
	3201 : A0;
	3202 : 01;
	3203 : 4D;
	3204 : 1B;
	3205 : 5A;
	3206 : 3B;
	3207 : 1A;
	3208 : 30;
	3209 : 91;
	320A : E2;
	320B : 96;
	320C : B1;
	320D : B3;
	320E : 81;
	320F : 99;
	3210 : 09;
	3211 : 5A;
	3212 : 4D;
	3213 : 19;
	3214 : 4B;
	3215 : 1A;
	3216 : 20;
	3217 : 18;
	3218 : C2;
	3219 : B6;
	321A : 91;
	321B : B2;
	321C : A3;
	321D : 89;
	321E : 9B;
	321F : 59;
	3220 : 4C;
	3221 : 1B;
	3222 : 58;
	3223 : 1C;
	3224 : 10;
	3225 : 82;
	3226 : B2;
	3227 : C3;
	3228 : B6;
	3229 : A0;
	322A : A2;
	322B : 18;
	322C : 8D;
	322D : 39;
	322E : 4B;
	322F : 2C;
	3230 : 28;
	3231 : 39;
	3232 : B8;
	3233 : B7;
	3234 : 82;
	3235 : D1;
	3236 : 94;
	3237 : 98;
	3238 : A0;
	3239 : 38;
	323A : 4D;
	323B : 09;
	323C : 3A;
	323D : 3D;
	323E : 08;
	323F : 20;
	3240 : A2;
	3241 : D4;
	3242 : 93;
	3243 : D1;
	3244 : 92;
	3245 : 80;
	3246 : 9A;
	3247 : 39;
	3248 : 6C;
	3249 : 2C;
	324A : 39;
	324B : 3B;
	324C : 88;
	324D : 03;
	324E : A3;
	324F : F3;
	3250 : 7F;
	3251 : C5;
	3252 : A1;
	3253 : A1;
	3254 : 00;
	3255 : 0A;
	3256 : 1B;
	3257 : 7A;
	3258 : 2C;
	3259 : 29;
	325A : 29;
	325B : 09;
	325C : 82;
	325D : 94;
	325E : E3;
	325F : B4;
	3260 : B3;
	3261 : C1;
	3262 : 81;
	3263 : 09;
	3264 : 0B;
	3265 : 5A;
	3266 : 3D;
	3267 : 3B;
	3268 : 29;
	3269 : 18;
	326A : A2;
	326B : A7;
	326C : A2;
	326D : D2;
	326E : 93;
	326F : A8;
	3270 : 92;
	3271 : 1A;
	3272 : 2E;
	3273 : 3B;
	3274 : 5A;
	3275 : 2D;
	3276 : 28;
	3277 : 28;
	3278 : A0;
	3279 : B6;
	327A : 91;
	327B : B2;
	327C : A4;
	327D : 98;
	327E : 90;
	327F : 28;
	3280 : 3E;
	3281 : 2C;
	3282 : 49;
	3283 : 2B;
	3284 : 08;
	3285 : 11;
	3286 : B0;
	3287 : C5;
	3288 : 94;
	3289 : C1;
	328A : A2;
	328B : 01;
	328C : A9;
	328D : 3C;
	328E : 7A;
	328F : 0B;
	3290 : 38;
	3291 : 2A;
	3292 : 80;
	3293 : A6;
	3294 : 91;
	3295 : C3;
	3296 : B4;
	3297 : A0;
	3298 : A2;
	3299 : 10;
	329A : 0D;
	329B : 4C;
	329C : 3A;
	329D : 3C;
	329E : 18;
	329F : 18;
	32A0 : 80;
	32A1 : B4;
	32A2 : B7;
	32A3 : B2;
	32A4 : C4;
	32A5 : 91;
	32A6 : A8;
	32A7 : 00;
	32A8 : 3C;
	32A9 : 1C;
	32AA : 5A;
	32AB : 2B;
	32AC : 2A;
	32AD : 28;
	32AE : 80;
	32AF : C3;
	32B0 : A7;
	32B1 : B3;
	32B2 : C3;
	32B3 : A2;
	32B4 : A0;
	32B5 : 89;
	32B6 : 4A;
	32B7 : 3F;
	32B8 : 3A;
	32B9 : 3B;
	32BA : 1B;
	32BB : 30;
	32BC : 10;
	32BD : D2;
	32BE : B6;
	32BF : A2;
	32C0 : C2;
	32C1 : 91;
	32C2 : 81;
	32C3 : A9;
	32C4 : 4A;
	32C5 : 4D;
	32C6 : 2B;
	32C7 : 48;
	32C8 : 1C;
	32C9 : 00;
	32CA : 11;
	32CB : A1;
	32CC : B3;
	32CD : A5;
	32CE : C1;
	32CF : A2;
	32D0 : 7F;
	32D1 : 01;
	32D2 : 9C;
	32D3 : 38;
	32D4 : 4B;
	32D5 : 2E;
	32D6 : 38;
	32D7 : 19;
	32D8 : 89;
	32D9 : 02;
	32DA : A3;
	32DB : E2;
	32DC : A4;
	32DD : 90;
	32DE : A8;
	32DF : 11;
	32E0 : 2B;
	32E1 : 1D;
	32E2 : 4A;
	32E3 : 3C;
	32E4 : 18;
	32E5 : 11;
	32E6 : 90;
	32E7 : C6;
	32E8 : A2;
	32E9 : A1;
	32EA : B4;
	32EB : 80;
	32EC : AA;
	32ED : 20;
	32EE : 5C;
	32EF : 1B;
	32F0 : 39;
	32F1 : 3B;
	32F2 : 1A;
	32F3 : 22;
	32F4 : 90;
	32F5 : E3;
	32F6 : B5;
	32F7 : A1;
	32F8 : A2;
	32F9 : 81;
	32FA : 8A;
	32FB : 1B;
	32FC : 6A;
	32FD : 2B;
	32FE : 1B;
	32FF : 69;
	3300 : 09;
	3301 : 82;
	3302 : 92;
	3303 : D3;
	3304 : C4;
	3305 : A3;
	3306 : C2;
	3307 : 91;
	3308 : 1A;
	3309 : 0C;
	330A : 4A;
	330B : 4B;
	330C : 2B;
	330D : 49;
	330E : 1A;
	330F : 80;
	3310 : 94;
	3311 : B3;
	3312 : F3;
	3313 : A3;
	3314 : A0;
	3315 : A2;
	3316 : 08;
	3317 : 0B;
	3318 : 3A;
	3319 : 5C;
	331A : 29;
	331B : 1A;
	331C : 38;
	331D : A0;
	331E : 93;
	331F : 92;
	3320 : D2;
	3321 : A4;
	3322 : 98;
	3323 : 90;
	3324 : 18;
	3325 : 1B;
	3326 : 19;
	3327 : 3A;
	3328 : 3C;
	3329 : 18;
	332A : 02;
	332B : 99;
	332C : A3;
	332D : 82;
	332E : B1;
	332F : A3;
	3330 : 80;
	3331 : 8A;
	3332 : 19;
	3333 : 3A;
	3334 : 0A;
	3335 : 39;
	3336 : 29;
	3337 : 89;
	3338 : 12;
	3339 : A3;
	333A : C1;
	333B : 92;
	333C : A3;
	333D : B0;
	333E : 00;
	333F : 1C;
	3340 : 29;
	3341 : 3A;
	3342 : 2B;
	3343 : 1A;
	3344 : 30;
	3345 : 89;
	3346 : 93;
	3347 : A3;
	3348 : C2;
	3349 : A3;
	334A : A2;
	334B : 99;
	334C : 00;
	334D : 3C;
	334E : 09;
	334F : 3A;
	3350 : 7F;
	3351 : 4C;
	3352 : 19;
	3353 : 20;
	3354 : 80;
	3355 : B2;
	3356 : 95;
	3357 : B1;
	3358 : C3;
	3359 : 82;
	335A : B0;
	335B : 89;
	335C : 39;
	335D : 1C;
	335E : 3B;
	335F : 5A;
	3360 : 1B;
	3361 : 10;
	3362 : 10;
	3363 : A1;
	3364 : B4;
	3365 : A3;
	3366 : D2;
	3367 : 93;
	3368 : 90;
	3369 : 89;
	336A : 18;
	336B : 2B;
	336C : 1B;
	336D : 39;
	336E : 2B;
	336F : 00;
	3370 : 01;
	3371 : A1;
	3372 : A3;
	3373 : 92;
	3374 : A0;
	3375 : A1;
	3376 : 18;
	3377 : 09;
	3378 : 08;
	3379 : 18;
	337A : 1C;
	337B : 20;
	337C : 08;
	337D : 90;
	337E : 81;
	337F : 80;
	3380 : 90;
	3381 : 81;
	3382 : 80;
	3383 : 88;
	3384 : 10;
	3385 : 0A;
	3386 : 08;
	3387 : 18;
	3388 : 09;
	3389 : 08;
	338A : 00;
	338B : 80;
	338C : A2;
	338D : 93;
	338E : B1;
	338F : 91;
	3390 : 08;
	3391 : 88;
	3392 : 18;
	3393 : 1A;
	3394 : 19;
	3395 : 18;
	3396 : 08;
	3397 : 09;
	3398 : 01;
	3399 : 80;
	339A : B2;
	339B : 93;
	339C : A1;
	339D : 90;
	339E : 08;
	339F : 08;
	33A0 : 0A;
	33A1 : 29;
	33A2 : 19;
	33A3 : 08;
	33A4 : 29;
	33A5 : 08;
	33A6 : 92;
	33A7 : A1;
	33A8 : 80;
	33A9 : 80;
	33AA : 88;
	33AB : 00;
	33AC : 80;
	33AD : 80;
	33AE : 80;
	33AF : 80;
	33B0 : 80;
	33B1 : 80;
	33B2 : 80;
	33B3 : 80;
	33B4 : 80;
	33B5 : 80;
	33B6 : 80;
	33B7 : 80;
	33B8 : 80;
	33B9 : 80;
	33BA : 80;
	33BB : 88;
	33BC : 08;
	33BD : 08;
	33BE : 08;
	33BF : 00;
	33C0 : 80;
	33C1 : 80;
	33C2 : 80;
	33C3 : 80;
	33C4 : 80;
	33C5 : 80;
	33C6 : 80;
	33C7 : 80;
	33C8 : 80;
	33C9 : 80;
	33CA : 88;
	33CB : 00;
	33CC : 80;
	33CD : 80;
	33CE : 80;
	33CF : 80;
	33D0 : 2B;
	33D1 : 80;
	33D2 : 80;
	33D3 : 80;
	33D4 : 08;
	33D5 : 09;
	33D6 : 00;
	33D7 : 09;
	33D8 : 00;
	33D9 : 80;
	33DA : 80;
	33DB : 80;
	33DC : 80;
	33DD : 80;
	33DE : 09;
	33DF : 00;
	33E0 : 09;
	33E1 : 00;
	33E2 : 80;
	33E3 : 80;
	33E4 : 80;
	33E5 : 80;
	33E6 : 80;
	33E7 : 80;
	33E8 : 80;
	33E9 : 80;
	33EA : 80;
	33EB : 80;
	33EC : 80;
	33ED : 80;
	33EE : 80;
	33EF : 80;
	33F0 : 80;
	33F1 : 80;
	33F2 : 80;
	33F3 : 80;
	33F4 : 80;
	33F5 : 80;
	33F6 : 80;
	33F7 : 80;
	33F8 : 80;
	33F9 : 80;
	33FA : 80;
	33FB : 80;
	33FC : 00;
	33FD : 00;
	33FE : 00;
	33FF : 00;
	3400 : 7F;
	3401 : 00;
	3402 : 80;
	3403 : 80;
	3404 : 80;
	3405 : 80;
	3406 : 80;
	3407 : 80;
	3408 : 80;
	3409 : 80;
	340A : 80;
	340B : 80;
	340C : 80;
	340D : 80;
	340E : 80;
	340F : 80;
	3410 : 80;
	3411 : 82;
	3412 : 37;
	3413 : 53;
	3414 : 43;
	3415 : 22;
	3416 : 01;
	3417 : 98;
	3418 : AA;
	3419 : BB;
	341A : CB;
	341B : BC;
	341C : CB;
	341D : FF;
	341E : FF;
	341F : 80;
	3420 : 80;
	3421 : 18;
	3422 : 10;
	3423 : 00;
	3424 : 10;
	3425 : 00;
	3426 : 01;
	3427 : 11;
	3428 : 00;
	3429 : 10;
	342A : 11;
	342B : 01;
	342C : 20;
	342D : 20;
	342E : 10;
	342F : 20;
	3430 : 12;
	3431 : 10;
	3432 : 10;
	3433 : 00;
	3434 : 20;
	3435 : 77;
	3436 : 77;
	3437 : 68;
	3438 : 88;
	3439 : 88;
	343A : 99;
	343B : 88;
	343C : 99;
	343D : 09;
	343E : 98;
	343F : 9A;
	3440 : 88;
	3441 : BE;
	3442 : EF;
	3443 : A0;
	3444 : 10;
	3445 : 01;
	3446 : 00;
	3447 : 11;
	3448 : 81;
	3449 : 01;
	344A : 01;
	344B : 11;
	344C : 01;
	344D : 10;
	344E : 27;
	344F : 57;
	3450 : 40;
	3451 : 98;
	3452 : 98;
	3453 : 89;
	3454 : 0A;
	3455 : 09;
	3456 : 99;
	3457 : 89;
	3458 : 98;
	3459 : 89;
	345A : 89;
	345B : 99;
	345C : 99;
	345D : A0;
	345E : DF;
	345F : FF;
	3460 : A0;
	3461 : 10;
	3462 : 01;
	3463 : 01;
	3464 : 01;
	3465 : 01;
	3466 : 02;
	3467 : 01;
	3468 : 10;
	3469 : 11;
	346A : 10;
	346B : 20;
	346C : 11;
	346D : 11;
	346E : 02;
	346F : 11;
	3470 : 11;
	3471 : 11;
	3472 : 11;
	3473 : 01;
	3474 : 01;
	3475 : 10;
	3476 : 80;
	3477 : 00;
	3478 : 07;
	3479 : 77;
	347A : 77;
	347B : 88;
	347C : 89;
	347D : 88;
	347E : 89;
	347F : 88;
	3480 : 7F;
	3481 : 89;
	3482 : 90;
	3483 : 98;
	3484 : 98;
	3485 : 89;
	3486 : 98;
	3487 : 99;
	3488 : 9D;
	3489 : FF;
	348A : BA;
	348B : 20;
	348C : 11;
	348D : 01;
	348E : 11;
	348F : 02;
	3490 : 11;
	3491 : 07;
	3492 : 77;
	3493 : 88;
	3494 : 88;
	3495 : 08;
	3496 : 88;
	3497 : 88;
	3498 : 09;
	3499 : 88;
	349A : 88;
	349B : 90;
	349C : 9C;
	349D : FE;
	349E : 08;
	349F : 10;
	34A0 : 00;
	34A1 : 01;
	34A2 : 81;
	34A3 : 81;
	34A4 : 00;
	34A5 : 01;
	34A6 : 01;
	34A7 : 01;
	34A8 : 00;
	34A9 : 28;
	34AA : 46;
	34AB : 75;
	34AC : 08;
	34AD : 88;
	34AE : 98;
	34AF : 88;
	34B0 : 98;
	34B1 : 99;
	34B2 : 89;
	34B3 : 98;
	34B4 : 99;
	34B5 : 99;
	34B6 : 98;
	34B7 : 99;
	34B8 : 99;
	34B9 : 99;
	34BA : A8;
	34BB : 99;
	34BC : A9;
	34BD : 8E;
	34BE : BF;
	34BF : FF;
	34C0 : F0;
	34C1 : 81;
	34C2 : 01;
	34C3 : 00;
	34C4 : 00;
	34C5 : 10;
	34C6 : 10;
	34C7 : 10;
	34C8 : 01;
	34C9 : 10;
	34CA : 11;
	34CB : 00;
	34CC : 10;
	34CD : 11;
	34CE : 10;
	34CF : 01;
	34D0 : 11;
	34D1 : 01;
	34D2 : 01;
	34D3 : 01;
	34D4 : 00;
	34D5 : 00;
	34D6 : 07;
	34D7 : 77;
	34D8 : 76;
	34D9 : 88;
	34DA : 88;
	34DB : 98;
	34DC : 89;
	34DD : 89;
	34DE : 98;
	34DF : 99;
	34E0 : 89;
	34E1 : 8A;
	34E2 : 0D;
	34E3 : FF;
	34E4 : 98;
	34E5 : 82;
	34E6 : 81;
	34E7 : 00;
	34E8 : 01;
	34E9 : 01;
	34EA : 00;
	34EB : 20;
	34EC : 11;
	34ED : 82;
	34EE : 01;
	34EF : 06;
	34F0 : 67;
	34F1 : 30;
	34F2 : 89;
	34F3 : 09;
	34F4 : 8A;
	34F5 : 89;
	34F6 : 99;
	34F7 : 89;
	34F8 : A8;
	34F9 : A9;
	34FA : 88;
	34FB : A9;
	34FC : A9;
	34FD : 9A;
	34FE : 9F;
	34FF : FF;
	3500 : 7F;
	3501 : E8;
	3502 : 10;
	3503 : 81;
	3504 : 00;
	3505 : 01;
	3506 : 01;
	3507 : 01;
	3508 : 01;
	3509 : 10;
	350A : 10;
	350B : 10;
	350C : 10;
	350D : 11;
	350E : 10;
	350F : 11;
	3510 : 01;
	3511 : 11;
	3512 : 11;
	3513 : 10;
	3514 : 11;
	3515 : 00;
	3516 : 10;
	3517 : 80;
	3518 : 00;
	3519 : 09;
	351A : 37;
	351B : 77;
	351C : 76;
	351D : 88;
	351E : 90;
	351F : 98;
	3520 : 98;
	3521 : 98;
	3522 : 89;
	3523 : 98;
	3524 : 99;
	3525 : 88;
	3526 : 99;
	3527 : 99;
	3528 : 89;
	3529 : 9A;
	352A : EF;
	352B : FC;
	352C : 91;
	352D : 01;
	352E : 01;
	352F : 10;
	3530 : 10;
	3531 : 10;
	3532 : 11;
	3533 : 57;
	3534 : 70;
	3535 : 80;
	3536 : 98;
	3537 : 80;
	3538 : 88;
	3539 : 89;
	353A : 88;
	353B : 89;
	353C : 09;
	353D : 8B;
	353E : FF;
	353F : 98;
	3540 : 00;
	3541 : 01;
	3542 : 01;
	3543 : 00;
	3544 : 10;
	3545 : 00;
	3546 : 20;
	3547 : 10;
	3548 : 11;
	3549 : 01;
	354A : 01;
	354B : 27;
	354C : 77;
	354D : 2A;
	354E : FA;
	354F : 18;
	3550 : 00;
	3551 : 08;
	3552 : 08;
	3553 : 00;
	3554 : 08;
	3555 : 00;
	3556 : 08;
	3557 : 18;
	3558 : 81;
	3559 : 80;
	355A : 00;
	355B : 80;
	355C : 08;
	355D : 00;
	355E : 81;
	355F : 88;
	3560 : 18;
	3561 : 08;
	3562 : 08;
	3563 : 80;
	3564 : 80;
	3565 : 80;
	3566 : 88;
	3567 : 80;
	3568 : 98;
	3569 : 88;
	356A : 80;
	356B : 88;
	356C : 98;
	356D : 80;
	356E : 88;
	356F : 88;
	3570 : 89;
	3571 : 80;
	3572 : 88;
	3573 : 88;
	3574 : 88;
	3575 : 08;
	3576 : 88;
	3577 : 14;
	3578 : 49;
	3579 : 98;
	357A : 98;
	357B : 99;
	357C : 98;
	357D : 88;
	357E : 99;
	357F : 82;
	3580 : 7F;
	3581 : 77;
	3582 : 77;
	3583 : 68;
	3584 : 89;
	3585 : 88;
	3586 : 89;
	3587 : 88;
	3588 : 98;
	3589 : 99;
	358A : 88;
	358B : EF;
	358C : E0;
	358D : 00;
	358E : 08;
	358F : 10;
	3590 : 00;
	3591 : 00;
	3592 : 00;
	3593 : 01;
	3594 : 81;
	3595 : 10;
	3596 : 00;
	3597 : 10;
	3598 : 02;
	3599 : 77;
	359A : 42;
	359B : 8A;
	359C : 88;
	359D : 98;
	359E : 89;
	359F : 89;
	35A0 : 99;
	35A1 : 99;
	35A2 : 0F;
	35A3 : BF;
	35A4 : D0;
	35A5 : 81;
	35A6 : 01;
	35A7 : 80;
	35A8 : 10;
	35A9 : 67;
	35AA : 08;
	35AB : 09;
	35AC : 09;
	35AD : 08;
	35AE : 88;
	35AF : AF;
	35B0 : B1;
	35B1 : 81;
	35B2 : 00;
	35B3 : 00;
	35B4 : 10;
	35B5 : 17;
	35B6 : 40;
	35B7 : 80;
	35B8 : 98;
	35B9 : 88;
	35BA : 88;
	35BB : 89;
	35BC : 9F;
	35BD : F0;
	35BE : 81;
	35BF : 80;
	35C0 : 18;
	35C1 : 00;
	35C2 : 00;
	35C3 : 37;
	35C4 : 28;
	35C5 : 09;
	35C6 : 88;
	35C7 : 88;
	35C8 : 90;
	35C9 : 90;
	35CA : 98;
	35CB : 98;
	35CC : 9F;
	35CD : FB;
	35CE : 18;
	35CF : 10;
	35D0 : 00;
	35D1 : 01;
	35D2 : 01;
	35D3 : 81;
	35D4 : 11;
	35D5 : 00;
	35D6 : 11;
	35D7 : 10;
	35D8 : 11;
	35D9 : 01;
	35DA : 02;
	35DB : 04;
	35DC : 77;
	35DD : 72;
	35DE : 09;
	35DF : 89;
	35E0 : 89;
	35E1 : 90;
	35E2 : A8;
	35E3 : 99;
	35E4 : 88;
	35E5 : A9;
	35E6 : FF;
	35E7 : E0;
	35E8 : 81;
	35E9 : 80;
	35EA : 10;
	35EB : 00;
	35EC : 00;
	35ED : 00;
	35EE : 01;
	35EF : 00;
	35F0 : 14;
	35F1 : 76;
	35F2 : 08;
	35F3 : 88;
	35F4 : 89;
	35F5 : AF;
	35F6 : B1;
	35F7 : 81;
	35F8 : 08;
	35F9 : 03;
	35FA : 72;
	35FB : 90;
	35FC : 88;
	35FD : 88;
	35FE : AF;
	35FF : B1;
	3600 : 7F;
	3601 : 80;
	3602 : 18;
	3603 : 02;
	3604 : 64;
	3605 : 89;
	3606 : 08;
	3607 : 09;
	3608 : 09;
	3609 : 0A;
	360A : FD;
	360B : 00;
	360C : 81;
	360D : 81;
	360E : 81;
	360F : 81;
	3610 : 10;
	3611 : 75;
	3612 : 90;
	3613 : 88;
	3614 : 88;
	3615 : 09;
	3616 : 09;
	3617 : 0B;
	3618 : FD;
	3619 : 10;
	361A : 08;
	361B : 00;
	361C : 00;
	361D : 00;
	361E : 00;
	361F : 10;
	3620 : 81;
	3621 : 76;
	3622 : 19;
	3623 : 1A;
	3624 : 08;
	3625 : 89;
	3626 : 88;
	3627 : 89;
	3628 : 88;
	3629 : 98;
	362A : 88;
	362B : CF;
	362C : F9;
	362D : 00;
	362E : 18;
	362F : 01;
	3630 : 00;
	3631 : 00;
	3632 : 10;
	3633 : 01;
	3634 : 81;
	3635 : 11;
	3636 : 00;
	3637 : 00;
	3638 : 75;
	3639 : 71;
	363A : 08;
	363B : 98;
	363C : 98;
	363D : 88;
	363E : 98;
	363F : 89;
	3640 : 99;
	3641 : 89;
	3642 : 88;
	3643 : BF;
	3644 : FE;
	3645 : 80;
	3646 : 00;
	3647 : 00;
	3648 : 10;
	3649 : 03;
	364A : 75;
	364B : 90;
	364C : 88;
	364D : 80;
	364E : 89;
	364F : 0B;
	3650 : FC;
	3651 : 18;
	3652 : 10;
	3653 : 00;
	3654 : 81;
	3655 : 82;
	3656 : 74;
	3657 : 88;
	3658 : 89;
	3659 : 08;
	365A : 09;
	365B : 08;
	365C : 9A;
	365D : FD;
	365E : 19;
	365F : 10;
	3660 : 00;
	3661 : 00;
	3662 : 00;
	3663 : 15;
	3664 : 61;
	3665 : 90;
	3666 : 90;
	3667 : 90;
	3668 : 89;
	3669 : 88;
	366A : 89;
	366B : FF;
	366C : 08;
	366D : 01;
	366E : 80;
	366F : 00;
	3670 : 00;
	3671 : 08;
	3672 : 18;
	3673 : 18;
	3674 : 18;
	3675 : 10;
	3676 : 01;
	3677 : 00;
	3678 : 00;
	3679 : 81;
	367A : 67;
	367B : 72;
	367C : 09;
	367D : 98;
	367E : 90;
	367F : 99;
	3680 : 7F;
	3681 : 88;
	3682 : A8;
	3683 : 99;
	3684 : 98;
	3685 : 8A;
	3686 : 8F;
	3687 : EF;
	3688 : 90;
	3689 : 00;
	368A : 82;
	368B : 81;
	368C : 01;
	368D : 81;
	368E : 10;
	368F : 00;
	3690 : 11;
	3691 : 57;
	3692 : 60;
	3693 : 88;
	3694 : 88;
	3695 : 88;
	3696 : 89;
	3697 : CF;
	3698 : B1;
	3699 : 01;
	369A : 80;
	369B : 11;
	369C : 73;
	369D : 90;
	369E : 90;
	369F : 98;
	36A0 : 9F;
	36A1 : B1;
	36A2 : 80;
	36A3 : 00;
	36A4 : 02;
	36A5 : 73;
	36A6 : 89;
	36A7 : 08;
	36A8 : 88;
	36A9 : 09;
	36AA : 9F;
	36AB : C8;
	36AC : 18;
	36AD : 00;
	36AE : 00;
	36AF : 00;
	36B0 : 01;
	36B1 : 17;
	36B2 : 69;
	36B3 : 19;
	36B4 : 08;
	36B5 : 90;
	36B6 : 88;
	36B7 : 89;
	36B8 : BF;
	36B9 : B1;
	36BA : 81;
	36BB : 08;
	36BC : 00;
	36BD : 18;
	36BE : 11;
	36BF : 10;
	36C0 : 00;
	36C1 : 20;
	36C2 : 01;
	36C3 : 01;
	36C4 : 11;
	36C5 : 00;
	36C6 : 10;
	36C7 : 21;
	36C8 : 01;
	36C9 : 02;
	36CA : 01;
	36CB : 10;
	36CC : 01;
	36CD : 00;
	36CE : 00;
	36CF : 10;
	36D0 : 80;
	36D1 : 80;
	36D2 : 88;
	36D3 : 09;
	36D4 : 08;
	36D5 : 88;
	36D6 : 88;
	36D7 : 88;
	36D8 : 88;
	36D9 : 88;
	36DA : 09;
	36DB : 90;
	36DC : 88;
	36DD : 88;
	36DE : 98;
	36DF : 88;
	36E0 : 88;
	36E1 : 98;
	36E2 : 88;
	36E3 : 80;
	36E4 : 89;
	36E5 : 80;
	36E6 : 98;
	36E7 : 00;
	36E8 : 98;
	36E9 : 80;
	36EA : 88;
	36EB : 89;
	36EC : 80;
	36ED : 09;
	36EE : 08;
	36EF : 88;
	36F0 : 88;
	36F1 : 08;
	36F2 : 80;
	36F3 : 90;
	36F4 : 09;
	36F5 : 80;
	36F6 : 88;
	36F7 : 08;
	36F8 : 88;
	36F9 : 08;
	36FA : 80;
	36FB : 80;
	36FC : 88;
	36FD : 08;
	36FE : 09;
	36FF : 00;
	3700 : 7F;
	3701 : 80;
	3702 : 90;
	3703 : 80;
	3704 : 80;
	3705 : 88;
	3706 : 08;
	3707 : 80;
	3708 : 80;
	3709 : 80;
	370A : 88;
	370B : 08;
	370C : 08;
	370D : 00;
	370E : 14;
	370F : 3A;
	3710 : 80;
	3711 : 99;
	3712 : 08;
	3713 : 98;
	3714 : 80;
	3715 : 88;
	3716 : 89;
	3717 : 17;
	3718 : 77;
	3719 : 73;
	371A : 98;
	371B : 8A;
	371C : 0A;
	371D : 8A;
	371E : 0A;
	371F : 99;
	3720 : 89;
	3721 : A8;
	3722 : 99;
	3723 : A8;
	3724 : 99;
	3725 : A9;
	3726 : 9F;
	3727 : FF;
	3728 : D9;
	3729 : 01;
	372A : 01;
	372B : 01;
	372C : 10;
	372D : 10;
	372E : 10;
	372F : 20;
	3730 : 01;
	3731 : 21;
	3732 : 01;
	3733 : 20;
	3734 : 21;
	3735 : 02;
	3736 : 02;
	3737 : 47;
	3738 : 77;
	3739 : 59;
	373A : 09;
	373B : 88;
	373C : 88;
	373D : 98;
	373E : 89;
	373F : AF;
	3740 : F8;
	3741 : 08;
	3742 : 00;
	3743 : 00;
	3744 : 00;
	3745 : 10;
	3746 : 08;
	3747 : 23;
	3748 : 77;
	3749 : 90;
	374A : 90;
	374B : 88;
	374C : 09;
	374D : 09;
	374E : 80;
	374F : 90;
	3750 : AD;
	3751 : F9;
	3752 : 08;
	3753 : 10;
	3754 : 00;
	3755 : 10;
	3756 : 00;
	3757 : 01;
	3758 : 00;
	3759 : 24;
	375A : 77;
	375B : 80;
	375C : 98;
	375D : 80;
	375E : 89;
	375F : 09;
	3760 : 09;
	3761 : 09;
	3762 : 88;
	3763 : 98;
	3764 : 88;
	3765 : 89;
	3766 : 88;
	3767 : 88;
	3768 : 8A;
	3769 : FF;
	376A : F9;
	376B : 81;
	376C : 00;
	376D : 01;
	376E : 10;
	376F : 18;
	3770 : 11;
	3771 : 10;
	3772 : 11;
	3773 : 10;
	3774 : 11;
	3775 : 11;
	3776 : 01;
	3777 : 20;
	3778 : 11;
	3779 : 17;
	377A : 77;
	377B : 61;
	377C : 98;
	377D : 89;
	377E : 88;
	377F : 98;
	3780 : 7F;
	3781 : 98;
	3782 : 98;
	3783 : 98;
	3784 : A8;
	3785 : 89;
	3786 : 8A;
	3787 : 9E;
	3788 : EF;
	3789 : B8;
	378A : 10;
	378B : 02;
	378C : 00;
	378D : 16;
	378E : 72;
	378F : 90;
	3790 : 88;
	3791 : 80;
	3792 : 89;
	3793 : 0B;
	3794 : FC;
	3795 : 00;
	3796 : 00;
	3797 : 81;
	3798 : 00;
	3799 : 02;
	379A : 47;
	379B : 19;
	379C : 08;
	379D : 09;
	379E : 09;
	379F : 88;
	37A0 : 90;
	37A1 : 90;
	37A2 : CB;
	37A3 : FE;
	37A4 : 00;
	37A5 : 18;
	37A6 : 00;
	37A7 : 10;
	37A8 : 00;
	37A9 : 01;
	37AA : 81;
	37AB : 13;
	37AC : 77;
	37AD : 08;
	37AE : 91;
	37AF : 99;
	37B0 : 08;
	37B1 : 98;
	37B2 : 09;
	37B3 : 89;
	37B4 : 88;
	37B5 : 88;
	37B6 : 89;
	37B7 : BF;
	37B8 : FB;
	37B9 : 80;
	37BA : 18;
	37BB : 20;
	37BC : 10;
	37BD : 10;
	37BE : 21;
	37BF : 01;
	37C0 : 11;
	37C1 : 01;
	37C2 : 12;
	37C3 : 01;
	37C4 : 12;
	37C5 : 17;
	37C6 : 77;
	37C7 : 40;
	37C8 : 90;
	37C9 : 98;
	37CA : 98;
	37CB : 98;
	37CC : 98;
	37CD : 99;
	37CE : 8A;
	37CF : 89;
	37D0 : 89;
	37D1 : A8;
	37D2 : A8;
	37D3 : 9A;
	37D4 : 89;
	37D5 : 99;
	37D6 : A9;
	37D7 : 0E;
	37D8 : FF;
	37D9 : FC;
	37DA : 00;
	37DB : 01;
	37DC : 01;
	37DD : 01;
	37DE : 10;
	37DF : 11;
	37E0 : 57;
	37E1 : 40;
	37E2 : 89;
	37E3 : 09;
	37E4 : 09;
	37E5 : 88;
	37E6 : 88;
	37E7 : 90;
	37E8 : CF;
	37E9 : F0;
	37EA : 00;
	37EB : 08;
	37EC : 00;
	37ED : 00;
	37EE : 00;
	37EF : 01;
	37F0 : 83;
	37F1 : 57;
	37F2 : 19;
	37F3 : 1A;
	37F4 : 09;
	37F5 : 88;
	37F6 : 88;
	37F7 : 89;
	37F8 : 88;
	37F9 : 8A;
	37FA : DF;
	37FB : D1;
	37FC : 91;
	37FD : 01;
	37FE : 80;
	37FF : 18;
	3800 : 7F;
	3801 : 10;
	3802 : 18;
	3803 : 01;
	3804 : 10;
	3805 : 00;
	3806 : 10;
	3807 : 00;
	3808 : 47;
	3809 : 76;
	380A : 90;
	380B : 90;
	380C : 90;
	380D : 98;
	380E : 88;
	380F : 88;
	3810 : 99;
	3811 : 88;
	3812 : 89;
	3813 : 88;
	3814 : 98;
	3815 : 98;
	3816 : 89;
	3817 : 8A;
	3818 : 88;
	3819 : 8A;
	381A : DF;
	381B : FF;
	381C : A0;
	381D : 10;
	381E : 10;
	381F : 10;
	3820 : 10;
	3821 : 01;
	3822 : 11;
	3823 : 11;
	3824 : 01;
	3825 : 10;
	3826 : 21;
	3827 : 11;
	3828 : 67;
	3829 : 73;
	382A : 19;
	382B : 89;
	382C : 98;
	382D : 98;
	382E : A8;
	382F : EF;
	3830 : D1;
	3831 : 81;
	3832 : 80;
	3833 : 00;
	3834 : 08;
	3835 : 27;
	3836 : 38;
	3837 : 88;
	3838 : 90;
	3839 : 88;
	383A : 90;
	383B : BF;
	383C : D0;
	383D : 08;
	383E : 18;
	383F : 00;
	3840 : 00;
	3841 : 18;
	3842 : 00;
	3843 : 23;
	3844 : 75;
	3845 : 00;
	3846 : 98;
	3847 : 89;
	3848 : 09;
	3849 : 89;
	384A : 89;
	384B : 88;
	384C : 9B;
	384D : FF;
	384E : A0;
	384F : 00;
	3850 : 10;
	3851 : 81;
	3852 : 00;
	3853 : 01;
	3854 : 01;
	3855 : 18;
	3856 : 20;
	3857 : 11;
	3858 : 10;
	3859 : 01;
	385A : 11;
	385B : 11;
	385C : 01;
	385D : 21;
	385E : 02;
	385F : 01;
	3860 : 01;
	3861 : 00;
	3862 : 00;
	3863 : 00;
	3864 : 00;
	3865 : 88;
	3866 : 00;
	3867 : 80;
	3868 : 88;
	3869 : 80;
	386A : 80;
	386B : 89;
	386C : 80;
	386D : 88;
	386E : 88;
	386F : 80;
	3870 : 88;
	3871 : 98;
	3872 : 08;
	3873 : 88;
	3874 : 88;
	3875 : 80;
	3876 : 98;
	3877 : 80;
	3878 : 88;
	3879 : 80;
	387A : 88;
	387B : 89;
	387C : 08;
	387D : 88;
	387E : 08;
	387F : 80;
	3880 : 7F;
	3881 : 88;
	3882 : 80;
	3883 : 88;
	3884 : 08;
	3885 : 88;
	3886 : 09;
	3887 : 08;
	3888 : 88;
	3889 : 08;
	388A : 08;
	388B : 80;
	388C : 80;
	388D : 88;
	388E : 08;
	388F : 80;
	3890 : 88;
	3891 : 08;
	3892 : 80;
	3893 : 80;
	3894 : 90;
	3895 : 00;
	3896 : 90;
	3897 : 80;
	3898 : 09;
	3899 : 00;
	389A : 09;
	389B : 08;
	389C : 08;
	389D : 08;
	389E : 08;
	389F : 08;
	38A0 : 80;
	38A1 : 08;
	38A2 : 80;
	38A3 : 00;
	38A4 : 03;
	38A5 : 19;
	38A6 : 08;
	38A7 : 90;
	38A8 : 88;
	38A9 : 88;
	38AA : 80;
	38AB : 98;
	38AC : 80;
	38AD : 88;
	38AE : 08;
	38AF : 08;
	38B0 : 00;
	38B1 : 77;
	38B2 : 77;
	38B3 : 09;
	38B4 : 09;
	38B5 : 88;
	38B6 : 98;
	38B7 : 89;
	38B8 : 88;
	38B9 : 99;
	38BA : 89;
	38BB : 88;
	38BC : 99;
	38BD : 89;
	38BE : 98;
	38BF : 89;
	38C0 : 98;
	38C1 : 99;
	38C2 : 8A;
	38C3 : 08;
	38C4 : 89;
	38C5 : 80;
	38C6 : 80;
	38C7 : FF;
	38C8 : FE;
	38C9 : 91;
	38CA : 81;
	38CB : 10;
	38CC : 11;
	38CD : 01;
	38CE : 11;
	38CF : 01;
	38D0 : 02;
	38D1 : 01;
	38D2 : 21;
	38D3 : 02;
	38D4 : 16;
	38D5 : 67;
	38D6 : 50;
	38D7 : 98;
	38D8 : 88;
	38D9 : 89;
	38DA : 89;
	38DB : 89;
	38DC : 09;
	38DD : 89;
	38DE : 98;
	38DF : BD;
	38E0 : FF;
	38E1 : 88;
	38E2 : 10;
	38E3 : 00;
	38E4 : 00;
	38E5 : 10;
	38E6 : 01;
	38E7 : 81;
	38E8 : 01;
	38E9 : 01;
	38EA : 00;
	38EB : 14;
	38EC : 47;
	38ED : 70;
	38EE : 88;
	38EF : 88;
	38F0 : 88;
	38F1 : 99;
	38F2 : 09;
	38F3 : 98;
	38F4 : 88;
	38F5 : 98;
	38F6 : 98;
	38F7 : 98;
	38F8 : 99;
	38F9 : 99;
	38FA : 89;
	38FB : 89;
	38FC : 9F;
	38FD : FF;
	38FE : E8;
	38FF : 01;
	3900 : 7F;
	3901 : 01;
	3902 : 81;
	3903 : 01;
	3904 : 01;
	3905 : 00;
	3906 : 10;
	3907 : 10;
	3908 : 10;
	3909 : 10;
	390A : 11;
	390B : 11;
	390C : 01;
	390D : 11;
	390E : 11;
	390F : 10;
	3910 : 10;
	3911 : 00;
	3912 : 00;
	3913 : 13;
	3914 : 77;
	3915 : 77;
	3916 : 09;
	3917 : 88;
	3918 : 89;
	3919 : 88;
	391A : 89;
	391B : 89;
	391C : 98;
	391D : 89;
	391E : 98;
	391F : 89;
	3920 : 98;
	3921 : DF;
	3922 : FA;
	3923 : 91;
	3924 : 01;
	3925 : 01;
	3926 : 18;
	3927 : 20;
	3928 : 10;
	3929 : 57;
	392A : 78;
	392B : 09;
	392C : 80;
	392D : 88;
	392E : 88;
	392F : 88;
	3930 : 88;
	3931 : 8B;
	3932 : FD;
	3933 : 00;
	3934 : 00;
	3935 : 00;
	3936 : 00;
	3937 : 10;
	3938 : 00;
	3939 : 01;
	393A : 80;
	393B : 10;
	393C : 02;
	393D : 95;
	393E : 57;
	393F : 49;
	3940 : 19;
	3941 : 89;
	3942 : 89;
	3943 : 88;
	3944 : 89;
	3945 : 89;
	3946 : 89;
	3947 : 98;
	3948 : 98;
	3949 : 9A;
	394A : 88;
	394B : A0;
	394C : FC;
	394D : FF;
	394E : 88;
	394F : 18;
	3950 : 20;
	3951 : 00;
	3952 : 00;
	3953 : 11;
	3954 : 00;
	3955 : 11;
	3956 : 00;
	3957 : 20;
	3958 : 01;
	3959 : 02;
	395A : 01;
	395B : 01;
	395C : 12;
	395D : 10;
	395E : 10;
	395F : 11;
	3960 : 77;
	3961 : 77;
	3962 : 08;
	3963 : 88;
	3964 : 98;
	3965 : 88;
	3966 : 99;
	3967 : 88;
	3968 : 98;
	3969 : 98;
	396A : 99;
	396B : 89;
	396C : 99;
	396D : 98;
	396E : 89;
	396F : 99;
	3970 : 99;
	3971 : A0;
	3972 : AF;
	3973 : FF;
	3974 : F9;
	3975 : 10;
	3976 : 00;
	3977 : 01;
	3978 : 10;
	3979 : 10;
	397A : 10;
	397B : 10;
	397C : 01;
	397D : 16;
	397E : 67;
	397F : 08;
	3980 : 7F;
	3981 : 88;
	3982 : 88;
	3983 : 88;
	3984 : 98;
	3985 : 88;
	3986 : 89;
	3987 : 88;
	3988 : 88;
	3989 : 90;
	398A : ED;
	398B : FA;
	398C : 10;
	398D : 08;
	398E : 10;
	398F : 28;
	3990 : 10;
	3991 : 02;
	3992 : 00;
	3993 : 00;
	3994 : 21;
	3995 : 00;
	3996 : 37;
	3997 : 76;
	3998 : 08;
	3999 : 88;
	399A : 88;
	399B : 89;
	399C : 88;
	399D : 89;
	399E : 98;
	399F : 99;
	39A0 : 09;
	39A1 : 99;
	39A2 : 98;
	39A3 : 99;
	39A4 : 98;
	39A5 : 98;
	39A6 : A9;
	39A7 : 88;
	39A8 : 98;
	39A9 : 99;
	39AA : 09;
	39AB : 80;
	39AC : 88;
	39AD : 88;
	39AE : 09;
	39AF : FE;
	39B0 : FF;
	39B1 : A1;
	39B2 : 00;
	39B3 : 11;
	39B4 : 00;
	39B5 : 20;
	39B6 : 10;
	39B7 : 11;
	39B8 : 11;
	39B9 : 01;
	39BA : 20;
	39BB : 11;
	39BC : 11;
	39BD : 11;
	39BE : 21;
	39BF : 20;
	39C0 : 77;
	39C1 : 77;
	39C2 : 08;
	39C3 : 80;
	39C4 : 98;
	39C5 : A0;
	39C6 : 98;
	39C7 : 88;
	39C8 : 9F;
	39C9 : F9;
	39CA : 00;
	39CB : 08;
	39CC : 18;
	39CD : 10;
	39CE : 80;
	39CF : 10;
	39D0 : 05;
	39D1 : 72;
	39D2 : 91;
	39D3 : A0;
	39D4 : 88;
	39D5 : 89;
	39D6 : 88;
	39D7 : 89;
	39D8 : 89;
	39D9 : 88;
	39DA : A0;
	39DB : BF;
	39DC : FC;
	39DD : 08;
	39DE : 01;
	39DF : 18;
	39E0 : 01;
	39E1 : 01;
	39E2 : 01;
	39E3 : 01;
	39E4 : 01;
	39E5 : 01;
	39E6 : 10;
	39E7 : 19;
	39E8 : 11;
	39E9 : 11;
	39EA : 12;
	39EB : 11;
	39EC : 11;
	39ED : 20;
	39EE : 11;
	39EF : 01;
	39F0 : 00;
	39F1 : 00;
	39F2 : 08;
	39F3 : 00;
	39F4 : 18;
	39F5 : 08;
	39F6 : 08;
	39F7 : 08;
	39F8 : 00;
	39F9 : 90;
	39FA : 88;
	39FB : 08;
	39FC : 88;
	39FD : 08;
	39FE : 90;
	39FF : 09;
	3A00 : 7F;
	3A01 : 80;
	3A02 : 88;
	3A03 : 80;
	3A04 : 88;
	3A05 : 88;
	3A06 : 88;
	3A07 : 08;
	3A08 : 88;
	3A09 : 08;
	3A0A : 88;
	3A0B : 08;
	3A0C : 80;
	3A0D : 88;
	3A0E : 09;
	3A0F : 80;
	3A10 : 88;
	3A11 : 08;
	3A12 : 80;
	3A13 : 88;
	3A14 : 08;
	3A15 : 08;
	3A16 : 80;
	3A17 : 88;
	3A18 : 08;
	3A19 : 80;
	3A1A : 88;
	3A1B : 08;
	3A1C : 09;
	3A1D : 08;
	3A1E : 00;
	3A1F : 90;
	3A20 : 80;
	3A21 : 80;
	3A22 : 80;
	3A23 : 80;
	3A24 : 88;
	3A25 : 08;
	3A26 : 08;
	3A27 : 80;
	3A28 : 80;
	3A29 : 80;
	3A2A : 80;
	3A2B : 80;
	3A2C : 80;
	3A2D : 80;
	3A2E : 80;
	3A2F : 88;
	3A30 : 80;
	3A31 : 08;
	3A32 : 08;
	3A33 : 08;
	3A34 : 08;
	3A35 : 08;
	3A36 : 08;
	3A37 : 08;
	3A38 : 80;
	3A39 : 81;
	3A3A : 02;
	3A3B : 08;
	3A3C : 08;
	3A3D : 88;
	3A3E : 08;
	3A3F : 94;
	3A40 : 77;
	3A41 : 72;
	3A42 : 89;
	3A43 : 89;
	3A44 : 89;
	3A45 : 99;
	3A46 : 89;
	3A47 : 89;
	3A48 : 99;
	3A49 : 98;
	3A4A : 99;
	3A4B : 99;
	3A4C : 9A;
	3A4D : A8;
	3A4E : 99;
	3A4F : 89;
	3A50 : 88;
	3A51 : 89;
	3A52 : 08;
	3A53 : 89;
	3A54 : 80;
	3A55 : 08;
	3A56 : 80;
	3A57 : 00;
	3A58 : 88;
	3A59 : 00;
	3A5A : 08;
	3A5B : 0F;
	3A5C : DF;
	3A5D : F8;
	3A5E : 00;
	3A5F : 11;
	3A60 : 81;
	3A61 : 01;
	3A62 : 10;
	3A63 : 01;
	3A64 : 02;
	3A65 : 10;
	3A66 : 10;
	3A67 : 20;
	3A68 : 11;
	3A69 : 01;
	3A6A : 21;
	3A6B : 01;
	3A6C : 12;
	3A6D : 07;
	3A6E : 77;
	3A6F : 32;
	3A70 : A8;
	3A71 : 8A;
	3A72 : 89;
	3A73 : 9A;
	3A74 : 98;
	3A75 : 99;
	3A76 : A9;
	3A77 : 99;
	3A78 : B9;
	3A79 : A9;
	3A7A : AA;
	3A7B : 99;
	3A7C : AC;
	3A7D : FF;
	3A7E : FB;
	3A7F : 01;
	3A80 : 7F;
	3A81 : 01;
	3A82 : 00;
	3A83 : 11;
	3A84 : 10;
	3A85 : 10;
	3A86 : 10;
	3A87 : 12;
	3A88 : 11;
	3A89 : 10;
	3A8A : 12;
	3A8B : 11;
	3A8C : 12;
	3A8D : 01;
	3A8E : 10;
	3A8F : 10;
	3A90 : 00;
	3A91 : 13;
	3A92 : 77;
	3A93 : 75;
	3A94 : 90;
	3A95 : 89;
	3A96 : 89;
	3A97 : 89;
	3A98 : 89;
	3A99 : 88;
	3A9A : 89;
	3A9B : 98;
	3A9C : A9;
	3A9D : 88;
	3A9E : 9A;
	3A9F : 0A;
	3AA0 : 89;
	3AA1 : 99;
	3AA2 : 98;
	3AA3 : A8;
	3AA4 : 08;
	3AA5 : 98;
	3AA6 : 80;
	3AA7 : 88;
	3AA8 : 80;
	3AA9 : 09;
	3AAA : 08;
	3AAB : 08;
	3AAC : 00;
	3AAD : 80;
	3AAE : 0B;
	3AAF : FF;
	3AB0 : FC;
	3AB1 : 81;
	3AB2 : 01;
	3AB3 : 10;
	3AB4 : 10;
	3AB5 : 20;
	3AB6 : 10;
	3AB7 : 11;
	3AB8 : 11;
	3AB9 : 11;
	3ABA : 11;
	3ABB : 11;
	3ABC : 36;
	3ABD : 77;
	3ABE : 31;
	3ABF : A8;
	3AC0 : 89;
	3AC1 : 98;
	3AC2 : 99;
	3AC3 : 89;
	3AC4 : 8A;
	3AC5 : 99;
	3AC6 : 99;
	3AC7 : CF;
	3AC8 : FC;
	3AC9 : 80;
	3ACA : 00;
	3ACB : 10;
	3ACC : 01;
	3ACD : 01;
	3ACE : 01;
	3ACF : 00;
	3AD0 : 10;
	3AD1 : 20;
	3AD2 : 01;
	3AD3 : 11;
	3AD4 : 01;
	3AD5 : 11;
	3AD6 : 01;
	3AD7 : 17;
	3AD8 : 67;
	3AD9 : 42;
	3ADA : 99;
	3ADB : 89;
	3ADC : 98;
	3ADD : 99;
	3ADE : 89;
	3ADF : 9A;
	3AE0 : 89;
	3AE1 : B8;
	3AE2 : A8;
	3AE3 : AA;
	3AE4 : 99;
	3AE5 : 9A;
	3AE6 : 99;
	3AE7 : 98;
	3AE8 : 98;
	3AE9 : 88;
	3AEA : 98;
	3AEB : 89;
	3AEC : 08;
	3AED : 0C;
	3AEE : FF;
	3AEF : FA;
	3AF0 : 81;
	3AF1 : 01;
	3AF2 : 10;
	3AF3 : 20;
	3AF4 : 01;
	3AF5 : 11;
	3AF6 : 20;
	3AF7 : 11;
	3AF8 : 02;
	3AF9 : 11;
	3AFA : 12;
	3AFB : 12;
	3AFC : 01;
	3AFD : 11;
	3AFE : 02;
	3AFF : 00;
	3B00 : 7F;
	3B01 : 10;
	3B02 : 00;
	3B03 : 00;
	3B04 : 00;
	3B05 : 08;
	3B06 : 08;
	3B07 : 08;
	3B08 : 08;
	3B09 : 27;
	3B0A : 77;
	3B0B : 30;
	3B0C : 98;
	3B0D : 98;
	3B0E : 9A;
	3B0F : 98;
	3B10 : A9;
	3B11 : 9A;
	3B12 : 99;
	3B13 : 9A;
	3B14 : 99;
	3B15 : B8;
	3B16 : B9;
	3B17 : AC;
	3B18 : FE;
	3B19 : FB;
	3B1A : A2;
	3B1B : 02;
	3B1C : 81;
	3B1D : 20;
	3B1E : 10;
	3B1F : 12;
	3B20 : 12;
	3B21 : 10;
	3B22 : 21;
	3B23 : 21;
	3B24 : 22;
	3B25 : 11;
	3B26 : 11;
	3B27 : 20;
	3B28 : 76;
	3B29 : 74;
	3B2A : 29;
	3B2B : 89;
	3B2C : 90;
	3B2D : A8;
	3B2E : 99;
	3B2F : 99;
	3B30 : 99;
	3B31 : 9A;
	3B32 : 99;
	3B33 : 99;
	3B34 : A9;
	3B35 : B9;
	3B36 : 99;
	3B37 : 8A;
	3B38 : 89;
	3B39 : 09;
	3B3A : 88;
	3B3B : 90;
	3B3C : 88;
	3B3D : 88;
	3B3E : 88;
	3B3F : 00;
	3B40 : 0A;
	3B41 : 00;
	3B42 : 08;
	3B43 : 80;
	3B44 : 1C;
	3B45 : FF;
	3B46 : FA;
	3B47 : 82;
	3B48 : 82;
	3B49 : 01;
	3B4A : 01;
	3B4B : 11;
	3B4C : 10;
	3B4D : 20;
	3B4E : 11;
	3B4F : 11;
	3B50 : 12;
	3B51 : 11;
	3B52 : 12;
	3B53 : 01;
	3B54 : 11;
	3B55 : 10;
	3B56 : 10;
	3B57 : 00;
	3B58 : 01;
	3B59 : 77;
	3B5A : 74;
	3B5B : 09;
	3B5C : 88;
	3B5D : 98;
	3B5E : A8;
	3B5F : 98;
	3B60 : 98;
	3B61 : 99;
	3B62 : 99;
	3B63 : 9A;
	3B64 : EF;
	3B65 : F8;
	3B66 : 08;
	3B67 : 10;
	3B68 : 00;
	3B69 : 00;
	3B6A : 18;
	3B6B : 10;
	3B6C : 00;
	3B6D : 10;
	3B6E : 01;
	3B6F : 01;
	3B70 : 01;
	3B71 : 07;
	3B72 : 67;
	3B73 : 10;
	3B74 : 98;
	3B75 : 90;
	3B76 : 99;
	3B77 : 88;
	3B78 : 89;
	3B79 : 98;
	3B7A : 8A;
	3B7B : 89;
	3B7C : 0C;
	3B7D : FF;
	3B7E : B8;
	3B7F : 01;
	3B80 : 7F;
	3B81 : 01;
	3B82 : 00;
	3B83 : 10;
	3B84 : 10;
	3B85 : 28;
	3B86 : 20;
	3B87 : 11;
	3B88 : 11;
	3B89 : 11;
	3B8A : 03;
	3B8B : 01;
	3B8C : 20;
	3B8D : 10;
	3B8E : 11;
	3B8F : 01;
	3B90 : 00;
	3B91 : 01;
	3B92 : 00;
	3B93 : 80;
	3B94 : 00;
	3B95 : 80;
	3B96 : 80;
	3B97 : 80;
	3B98 : 80;
	3B99 : 88;
	3B9A : 08;
	3B9B : 08;
	3B9C : 80;
	3B9D : 08;
	3B9E : 88;
	3B9F : 08;
	3BA0 : 09;
	3BA1 : 00;
	3BA2 : 88;
	3BA3 : 09;
	3BA4 : 00;
	3BA5 : 90;
	3BA6 : 88;
	3BA7 : 80;
	3BA8 : 88;
	3BA9 : 80;
	3BAA : 08;
	3BAB : 88;
	3BAC : 08;
	3BAD : 08;
	3BAE : 80;
	3BAF : 89;
	3BB0 : 08;
	3BB1 : 80;
	3BB2 : 80;
	3BB3 : 88;
	3BB4 : 08;
	3BB5 : 08;
	3BB6 : 08;
	3BB7 : 80;
	3BB8 : 80;
	3BB9 : 80;
	3BBA : 88;
	3BBB : 08;
	3BBC : 08;
	3BBD : 80;
	3BBE : 80;
	3BBF : 80;
	3BC0 : 88;
	3BC1 : 08;
	3BC2 : 08;
	3BC3 : 08;
	3BC4 : 08;
	3BC5 : 80;
	3BC6 : 80;
	3BC7 : 88;
	3BC8 : 08;
	3BC9 : 08;
	3BCA : 00;
	3BCB : 80;
	3BCC : 88;
	3BCD : 08;
	3BCE : 08;
	3BCF : 05;
	3BD0 : 77;
	3BD1 : 50;
	3BD2 : 89;
	3BD3 : 89;
	3BD4 : 88;
	3BD5 : 99;
	3BD6 : 98;
	3BD7 : 89;
	3BD8 : 98;
	3BD9 : 9A;
	3BDA : 89;
	3BDB : 99;
	3BDC : 99;
	3BDD : 98;
	3BDE : 98;
	3BDF : AF;
	3BE0 : FF;
	3BE1 : 98;
	3BE2 : 10;
	3BE3 : 01;
	3BE4 : 01;
	3BE5 : 00;
	3BE6 : 11;
	3BE7 : 10;
	3BE8 : 11;
	3BE9 : 01;
	3BEA : 20;
	3BEB : 12;
	3BEC : 11;
	3BED : 10;
	3BEE : 20;
	3BEF : 01;
	3BF0 : 10;
	3BF1 : 00;
	3BF2 : 00;
	3BF3 : 08;
	3BF4 : 00;
	3BF5 : 10;
	3BF6 : 08;
	3BF7 : 00;
	3BF8 : 80;
	3BF9 : 08;
	3BFA : 08;
	3BFB : 08;
	3BFC : 08;
	3BFD : 08;
	3BFE : 08;
	3BFF : 09;
	3C00 : 7F;
	3C01 : 27;
	3C02 : 77;
	3C03 : 10;
	3C04 : 98;
	3C05 : 8A;
	3C06 : 89;
	3C07 : 89;
	3C08 : 89;
	3C09 : 98;
	3C0A : 99;
	3C0B : 98;
	3C0C : 99;
	3C0D : A8;
	3C0E : 99;
	3C0F : 99;
	3C10 : 89;
	3C11 : 09;
	3C12 : 98;
	3C13 : 09;
	3C14 : 90;
	3C15 : 88;
	3C16 : FF;
	3C17 : F9;
	3C18 : 81;
	3C19 : 01;
	3C1A : 00;
	3C1B : 11;
	3C1C : 00;
	3C1D : 20;
	3C1E : 10;
	3C1F : 11;
	3C20 : 11;
	3C21 : 20;
	3C22 : 11;
	3C23 : 21;
	3C24 : 01;
	3C25 : 10;
	3C26 : 10;
	3C27 : 00;
	3C28 : 01;
	3C29 : 00;
	3C2A : 00;
	3C2B : 08;
	3C2C : 00;
	3C2D : 80;
	3C2E : 08;
	3C2F : 00;
	3C30 : 88;
	3C31 : 00;
	3C32 : 88;
	3C33 : 08;
	3C34 : 09;
	3C35 : 08;
	3C36 : 08;
	3C37 : 09;
	3C38 : 56;
	3C39 : 76;
	3C3A : 00;
	3C3B : A8;
	3C3C : 90;
	3C3D : 99;
	3C3E : 88;
	3C3F : 99;
	3C40 : 89;
	3C41 : 99;
	3C42 : 99;
	3C43 : 89;
	3C44 : 9A;
	3C45 : 89;
	3C46 : 8A;
	3C47 : 98;
	3C48 : 89;
	3C49 : A0;
	3C4A : 08;
	3C4B : 89;
	3C4C : 00;
	3C4D : 90;
	3C4E : 08;
	3C4F : 0B;
	3C50 : FF;
	3C51 : F8;
	3C52 : 81;
	3C53 : 01;
	3C54 : 00;
	3C55 : 01;
	3C56 : 02;
	3C57 : 00;
	3C58 : 11;
	3C59 : 11;
	3C5A : 10;
	3C5B : 12;
	3C5C : 11;
	3C5D : 01;
	3C5E : 14;
	3C5F : 77;
	3C60 : 61;
	3C61 : 98;
	3C62 : 89;
	3C63 : 09;
	3C64 : 89;
	3C65 : 89;
	3C66 : 88;
	3C67 : 99;
	3C68 : 98;
	3C69 : 99;
	3C6A : 89;
	3C6B : 99;
	3C6C : A9;
	3C6D : 88;
	3C6E : A8;
	3C6F : 88;
	3C70 : 99;
	3C71 : 00;
	3C72 : 89;
	3C73 : 00;
	3C74 : 88;
	3C75 : 9A;
	3C76 : FF;
	3C77 : F9;
	3C78 : 01;
	3C79 : 00;
	3C7A : 10;
	3C7B : 10;
	3C7C : 10;
	3C7D : 10;
	3C7E : 20;
	3C7F : 10;
	3C80 : 7F;
	3C81 : 11;
	3C82 : 12;
	3C83 : 00;
	3C84 : 20;
	3C85 : 11;
	3C86 : 00;
	3C87 : 10;
	3C88 : 00;
	3C89 : 00;
	3C8A : 00;
	3C8B : 00;
	3C8C : 88;
	3C8D : 18;
	3C8E : 08;
	3C8F : 80;
	3C90 : 08;
	3C91 : 08;
	3C92 : 80;
	3C93 : 80;
	3C94 : 80;
	3C95 : 88;
	3C96 : 80;
	3C97 : 80;
	3C98 : 88;
	3C99 : 08;
	3C9A : 0A;
	3C9B : 37;
	3C9C : 77;
	3C9D : 01;
	3C9E : 99;
	3C9F : 98;
	3CA0 : 89;
	3CA1 : 89;
	3CA2 : 89;
	3CA3 : 8A;
	3CA4 : 89;
	3CA5 : 98;
	3CA6 : A9;
	3CA7 : 99;
	3CA8 : 89;
	3CA9 : 88;
	3CAA : 99;
	3CAB : 90;
	3CAC : 90;
	3CAD : A8;
	3CAE : 0B;
	3CAF : FF;
	3CB0 : F9;
	3CB1 : 01;
	3CB2 : 81;
	3CB3 : 10;
	3CB4 : 01;
	3CB5 : 00;
	3CB6 : 11;
	3CB7 : 10;
	3CB8 : 12;
	3CB9 : 10;
	3CBA : 11;
	3CBB : 11;
	3CBC : 12;
	3CBD : 01;
	3CBE : 00;
	3CBF : 01;
	3CC0 : 10;
	3CC1 : 00;
	3CC2 : 00;
	3CC3 : 00;
	3CC4 : 08;
	3CC5 : 08;
	3CC6 : 67;
	3CC7 : 73;
	3CC8 : 09;
	3CC9 : 98;
	3CCA : 98;
	3CCB : A8;
	3CCC : 99;
	3CCD : 99;
	3CCE : 8B;
	3CCF : 89;
	3CD0 : AA;
	3CD1 : 89;
	3CD2 : B8;
	3CD3 : A8;
	3CD4 : 99;
	3CD5 : 88;
	3CD6 : 89;
	3CD7 : 88;
	3CD8 : 89;
	3CD9 : 80;
	3CDA : 80;
	3CDB : 98;
	3CDC : 80;
	3CDD : 88;
	3CDE : 00;
	3CDF : 09;
	3CE0 : 00;
	3CE1 : 00;
	3CE2 : 90;
	3CE3 : 00;
	3CE4 : 88;
	3CE5 : 00;
	3CE6 : 09;
	3CE7 : 00;
	3CE8 : 00;
	3CE9 : 90;
	3CEA : 18;
	3CEB : 1C;
	3CEC : EF;
	3CED : F8;
	3CEE : 81;
	3CEF : 01;
	3CF0 : 00;
	3CF1 : 02;
	3CF2 : 01;
	3CF3 : 01;
	3CF4 : 11;
	3CF5 : 01;
	3CF6 : 10;
	3CF7 : 21;
	3CF8 : 01;
	3CF9 : 10;
	3CFA : 56;
	3CFB : 76;
	3CFC : 18;
	3CFD : 98;
	3CFE : 88;
	3CFF : 99;
	3D00 : 7F;
	3D01 : 89;
	3D02 : 88;
	3D03 : 99;
	3D04 : 89;
	3D05 : 8B;
	3D06 : 88;
	3D07 : 9A;
	3D08 : 90;
	3D09 : A8;
	3D0A : A9;
	3D0B : 80;
	3D0C : 98;
	3D0D : 08;
	3D0E : 8D;
	3D0F : FF;
	3D10 : C9;
	3D11 : 02;
	3D12 : 82;
	3D13 : 81;
	3D14 : 01;
	3D15 : 10;
	3D16 : 11;
	3D17 : 21;
	3D18 : 11;
	3D19 : 11;
	3D1A : 12;
	3D1B : 20;
	3D1C : 11;
	3D1D : 10;
	3D1E : 11;
	3D1F : 81;
	3D20 : 00;
	3D21 : 10;
	3D22 : 00;
	3D23 : 80;
	3D24 : 00;
	3D25 : 80;
	3D26 : 80;
	3D27 : 08;
	3D28 : 08;
	3D29 : 08;
	3D2A : 08;
	3D2B : 09;
	3D2C : 08;
	3D2D : 80;
	3D2E : 88;
	3D2F : 08;
	3D30 : 80;
	3D31 : 88;
	3D32 : 08;
	3D33 : 80;
	3D34 : 88;
	3D35 : 09;
	3D36 : 00;
	3D37 : 90;
	3D38 : 80;
	3D39 : 88;
	3D3A : 08;
	3D3B : 88;
	3D3C : 08;
	3D3D : 80;
	3D3E : 88;
	3D3F : 08;
	3D40 : 08;
	3D41 : 80;
	3D42 : 88;
	3D43 : 00;
	3D44 : 88;
	3D45 : 09;
	3D46 : 08;
	3D47 : 00;
	3D48 : 80;
	3D49 : 90;
	3D4A : 80;
	3D4B : 80;
	3D4C : 80;
	3D4D : 09;
	3D4E : 08;
	3D4F : 80;
	3D50 : 80;
	3D51 : 88;
	3D52 : 00;
	3D53 : 88;
	3D54 : 08;
	3D55 : 08;
	3D56 : 08;
	3D57 : 08;
	3D58 : 08;
	3D59 : 08;
	3D5A : 08;
	3D5B : 80;
	3D5C : 80;
	3D5D : 80;
	3D5E : 80;
	3D5F : 80;
	3D60 : 80;
	3D61 : 80;
	3D62 : 80;
	3D63 : 80;
	3D64 : 80;
	3D65 : 01;
	3D66 : 00;
	3D67 : 80;
	3D68 : 88;
	3D69 : 08;
	3D6A : 88;
	3D6B : 80;
	3D6C : 80;
	3D6D : 90;
	3D6E : 80;
	3D6F : 80;
	3D70 : 08;
	3D71 : 09;
	3D72 : 00;
	3D73 : 08;
	3D74 : 09;
	3D75 : 08;
	3D76 : 00;
	3D77 : 80;
	3D78 : 80;
	3D79 : 80;
	3D7A : 80;
	3D7B : 80;
	3D7C : 80;
	3D7D : 80;
	3D7E : 08;
	3D7F : 08;
	3D80 : 7F;
	3D81 : 08;
	3D82 : 08;
	3D83 : 08;
	3D84 : 08;
	3D85 : 08;
	3D86 : 08;
	3D87 : 08;
	3D88 : 08;
	3D89 : 80;
	3D8A : 80;
	3D8B : 08;
	3D8C : 80;
	3D8D : 08;
	3D8E : 08;
	3D8F : 08;
	3D90 : 80;
	3D91 : 80;
	3D92 : 08;
	3D93 : 09;
	3D94 : 47;
	3D95 : 75;
	3D96 : 90;
	3D97 : 90;
	3D98 : A0;
	3D99 : 89;
	3D9A : 98;
	3D9B : 8A;
	3D9C : 88;
	3D9D : 89;
	3D9E : 8A;
	3D9F : 90;
	3DA0 : 99;
	3DA1 : 98;
	3DA2 : 88;
	3DA3 : 90;
	3DA4 : 88;
	3DA5 : 88;
	3DA6 : 80;
	3DA7 : 89;
	3DA8 : 08;
	3DA9 : 08;
	3DAA : 00;
	3DAB : 80;
	3DAC : 88;
	3DAD : 00;
	3DAE : 09;
	3DAF : 0C;
	3DB0 : FF;
	3DB1 : B0;
	3DB2 : 01;
	3DB3 : 01;
	3DB4 : 12;
	3DB5 : 82;
	3DB6 : 11;
	3DB7 : 11;
	3DB8 : 21;
	3DB9 : 12;
	3DBA : 21;
	3DBB : 02;
	3DBC : 01;
	3DBD : 10;
	3DBE : 00;
	3DBF : 10;
	3DC0 : 00;
	3DC1 : 00;
	3DC2 : 00;
	3DC3 : 80;
	3DC4 : 00;
	3DC5 : 08;
	3DC6 : 81;
	3DC7 : 80;
	3DC8 : 80;
	3DC9 : 88;
	3DCA : 18;
	3DCB : 08;
	3DCC : 08;
	3DCD : 80;
	3DCE : 88;
	3DCF : 08;
	3DD0 : 80;
	3DD1 : 90;
	3DD2 : 08;
	3DD3 : 09;
	3DD4 : 08;
	3DD5 : 08;
	3DD6 : 80;
	3DD7 : 88;
	3DD8 : 08;
	3DD9 : 08;
	3DDA : 80;
	3DDB : 88;
	3DDC : 08;
	3DDD : 1A;
	3DDE : 56;
	3DDF : 75;
	3DE0 : 90;
	3DE1 : A8;
	3DE2 : 88;
	3DE3 : 88;
	3DE4 : 98;
	3DE5 : 99;
	3DE6 : 88;
	3DE7 : 89;
	3DE8 : 89;
	3DE9 : 98;
	3DEA : A8;
	3DEB : 98;
	3DEC : 88;
	3DED : 98;
	3DEE : 80;
	3DEF : 98;
	3DF0 : 08;
	3DF1 : 8C;
	3DF2 : FF;
	3DF3 : C0;
	3DF4 : 01;
	3DF5 : 81;
	3DF6 : 02;
	3DF7 : 01;
	3DF8 : 00;
	3DF9 : 11;
	3DFA : 10;
	3DFB : 11;
	3DFC : 20;
	3DFD : 11;
	3DFE : 11;
	3DFF : 01;
	3E00 : 7F;
	3E01 : 00;
	3E02 : 00;
	3E03 : 00;
	3E04 : 10;
	3E05 : 00;
	3E06 : 08;
	3E07 : 00;
	3E08 : 08;
	3E09 : 00;
	3E0A : 80;
	3E0B : 08;
	3E0C : 08;
	3E0D : 00;
	3E0E : 90;
	3E0F : 80;
	3E10 : 80;
	3E11 : 80;
	3E12 : 83;
	3E13 : 77;
	3E14 : 50;
	3E15 : 89;
	3E16 : 89;
	3E17 : 89;
	3E18 : 89;
	3E19 : 98;
	3E1A : 98;
	3E1B : 99;
	3E1C : A8;
	3E1D : A8;
	3E1E : 99;
	3E1F : 98;
	3E20 : 89;
	3E21 : 88;
	3E22 : 89;
	3E23 : 98;
	3E24 : 00;
	3E25 : A0;
	3E26 : 80;
	3E27 : 89;
	3E28 : 80;
	3E29 : 08;
	3E2A : 80;
	3E2B : 00;
	3E2C : 08;
	3E2D : 81;
	3E2E : 88;
	3E2F : 00;
	3E30 : 08;
	3E31 : 00;
	3E32 : 08;
	3E33 : 80;
	3E34 : 00;
	3E35 : 88;
	3E36 : 00;
	3E37 : 09;
	3E38 : 00;
	3E39 : 08;
	3E3A : 80;
	3E3B : 00;
	3E3C : 80;
	3E3D : BF;
	3E3E : FD;
	3E3F : 00;
	3E40 : 18;
	3E41 : 28;
	3E42 : 11;
	3E43 : 01;
	3E44 : 10;
	3E45 : 02;
	3E46 : 01;
	3E47 : 11;
	3E48 : 11;
	3E49 : 10;
	3E4A : 01;
	3E4B : 00;
	3E4C : 00;
	3E4D : 01;
	3E4E : 00;
	3E4F : 00;
	3E50 : 08;
	3E51 : 00;
	3E52 : 80;
	3E53 : 80;
	3E54 : 08;
	3E55 : 08;
	3E56 : 80;
	3E57 : 80;
	3E58 : 80;
	3E59 : 47;
	3E5A : 72;
	3E5B : 08;
	3E5C : 98;
	3E5D : 98;
	3E5E : A9;
	3E5F : 99;
	3E60 : 99;
	3E61 : 99;
	3E62 : A9;
	3E63 : A9;
	3E64 : 99;
	3E65 : 99;
	3E66 : 89;
	3E67 : 89;
	3E68 : 98;
	3E69 : 09;
	3E6A : 98;
	3E6B : 80;
	3E6C : 09;
	3E6D : 80;
	3E6E : 08;
	3E6F : 88;
	3E70 : 00;
	3E71 : 90;
	3E72 : 00;
	3E73 : 88;
	3E74 : 00;
	3E75 : 09;
	3E76 : 10;
	3E77 : 80;
	3E78 : 88;
	3E79 : 01;
	3E7A : 90;
	3E7B : 08;
	3E7C : 08;
	3E7D : 00;
	3E7E : 08;
	3E7F : 90;
	3E80 : 45;
	3E81 : 00;
	3E82 : 80;
	3E83 : 00;
	3E84 : 08;
	3E85 : 00;
	3E86 : AE;
	3E87 : FF;
	3E88 : 80;
	3E89 : 01;
	3E8A : 00;
	3E8B : 01;
	3E8C : 01;
	3E8D : 01;
	3E8E : 01;
	3E8F : 11;
	3E90 : 00;
	3E91 : 11;
	3E92 : 10;
	3E93 : 01;
	3E94 : 01;
	3E95 : 10;
	3E96 : 00;
	3E97 : 00;
	3E98 : 80;
	3E99 : 01;
	3E9A : 08;
	3E9B : 04;
	3E9C : 77;
	3E9D : 48;
	3E9E : 89;
	3E9F : 98;
	3EA0 : 99;
	3EA1 : 89;
	3EA2 : 89;
	3EA3 : 89;
	3EA4 : 98;
	3EA5 : 99;
	3EA6 : 99;
	3EA7 : 98;
	3EA8 : 98;
	3EA9 : 9C;
	3EAA : FE;
	3EAB : A0;
	3EAC : 10;
	3EAD : 02;
	3EAE : 81;
	3EAF : 11;
	3EB0 : 01;
	3EB1 : 10;
	3EB2 : 11;
	3EB3 : 10;
	3EB4 : 00;
	3EB5 : 10;
	3EB6 : 00;
	3EB7 : 00;
	3EB8 : 80;
	3EB9 : 80;
	3EBA : 80;
	3EBB : 08;
	3EBC : 08;
	3EBD : 08;
	3EBE : 80;
	3EBF : 80;
	3EC0 : 88;
	3EC1 : 08;
	3EC2 : 08;
	3EC3 : 08;
	3EC4 : 08;
	3EC5 : 08;
	3EC6 : 00;
	3EC7 : 00;
	3EC8 : 00;
	3EC9 : 00;
	3ECA : 00;
	3ECB : 00;
	3ECC : 00;
	3ECD : 00;
	3ECE : 00;
	3ECF : 00;
	3ED0 : 7F;
	3ED1 : 00;
	3ED2 : 80;
	3ED3 : 80;
	3ED4 : 80;
	3ED5 : 80;
	3ED6 : 80;
	3ED7 : 80;
	3ED8 : 80;
	3ED9 : 08;
	3EDA : 08;
	3EDB : 08;
	3EDC : 08;
	3EDD : 08;
	3EDE : 08;
	3EDF : 08;
	3EE0 : 08;
	3EE1 : 00;
	3EE2 : 26;
	3EE3 : 55;
	3EE4 : 1E;
	3EE5 : D9;
	3EE6 : 88;
	3EE7 : 08;
	3EE8 : 18;
	3EE9 : 00;
	3EEA : 00;
	3EEB : 82;
	3EEC : 85;
	3EED : 67;
	3EEE : 71;
	3EEF : 09;
	3EF0 : 88;
	3EF1 : 89;
	3EF2 : 88;
	3EF3 : 89;
	3EF4 : 98;
	3EF5 : BF;
	3EF6 : FD;
	3EF7 : 00;
	3EF8 : 08;
	3EF9 : 01;
	3EFA : 01;
	3EFB : 81;
	3EFC : 81;
	3EFD : 81;
	3EFE : 37;
	3EFF : 70;
	3F00 : 08;
	3F01 : 88;
	3F02 : 98;
	3F03 : 88;
	3F04 : 88;
	3F05 : 89;
	3F06 : EF;
	3F07 : 91;
	3F08 : 81;
	3F09 : 08;
	3F0A : 06;
	3F0B : 49;
	3F0C : 81;
	3F0D : 90;
	3F0E : 89;
	3F0F : DB;
	3F10 : 18;
	3F11 : 00;
	3F12 : 01;
	3F13 : 47;
	3F14 : 08;
	3F15 : 09;
	3F16 : 09;
	3F17 : 8D;
	3F18 : C1;
	3F19 : 81;
	3F1A : 08;
	3F1B : 02;
	3F1C : 71;
	3F1D : 91;
	3F1E : 98;
	3F1F : 80;
	3F20 : CE;
	3F21 : 08;
	3F22 : 01;
	3F23 : 80;
	3F24 : 15;
	3F25 : 29;
	3F26 : 00;
	3F27 : 90;
	3F28 : AA;
	3F29 : FA;
	3F2A : 10;
	3F2B : 00;
	3F2C : 81;
	3F2D : 19;
	3F2E : 81;
	3F2F : 82;
	3F30 : 00;
	3F31 : 00;
	3F32 : 18;
	3F33 : 18;
	3F34 : 28;
	3F35 : 10;
	3F36 : 01;
	3F37 : 81;
	3F38 : 10;
	3F39 : 01;
	3F3A : 01;
	3F3B : 10;
	3F3C : 00;
	3F3D : 00;
	3F3E : 10;
	3F3F : 80;
	3F40 : 00;
	3F41 : 80;
	3F42 : 28;
	3F43 : 07;
	3F44 : 77;
	3F45 : 76;
	3F46 : EA;
	3F47 : 00;
	3F48 : 88;
	3F49 : 18;
	3F4A : 00;
	3F4B : 80;
	3F4C : 80;
	3F4D : 00;
	3F4E : 07;
	3F4F : 78;
	3F50 : 7F;
	3F51 : 80;
	3F52 : 98;
	3F53 : 88;
	3F54 : 88;
	3F55 : 88;
	3F56 : 88;
	3F57 : 8A;
	3F58 : FF;
	3F59 : 00;
	3F5A : 80;
	3F5B : 00;
	3F5C : 08;
	3F5D : 10;
	3F5E : 00;
	3F5F : 81;
	3F60 : 04;
	3F61 : 73;
	3F62 : 90;
	3F63 : 89;
	3F64 : 88;
	3F65 : 88;
	3F66 : 89;
	3F67 : 98;
	3F68 : 89;
	3F69 : DD;
	3F6A : F8;
	3F6B : 08;
	3F6C : 18;
	3F6D : 29;
	3F6E : 25;
	3F6F : 78;
	3F70 : 80;
	3F71 : 80;
	3F72 : 99;
	3F73 : CB;
	3F74 : 00;
	3F75 : 01;
	3F76 : 81;
	3F77 : 56;
	3F78 : 09;
	3F79 : 08;
	3F7A : 08;
	3F7B : 9D;
	3F7C : C0;
	3F7D : 08;
	3F7E : 10;
	3F7F : 01;
	3F80 : 72;
	3F81 : 90;
	3F82 : 80;
	3F83 : 8A;
	3F84 : BF;
	3F85 : 80;
	3F86 : 80;
	3F87 : 01;
	3F88 : 07;
	3F89 : 29;
	3F8A : 08;
	3F8B : 88;
	3F8C : 0A;
	3F8D : F9;
	3F8E : 08;
	3F8F : 00;
	3F90 : 01;
	3F91 : 45;
	3F92 : 89;
	3F93 : BC;
	3F94 : 18;
	3F95 : 00;
	3F96 : 81;
	3F97 : 81;
	3F98 : 00;
	3F99 : 80;
	3F9A : 01;
	3F9B : 80;
	3F9C : 18;
	3F9D : 00;
	3F9E : 01;
	3F9F : 08;
	3FA0 : 00;
	3FA1 : 00;
	3FA2 : 10;
	3FA3 : 80;
	3FA4 : 00;
	3FA5 : 01;
	3FA6 : 88;
	3FA7 : 17;
	3FA8 : 77;
	3FA9 : E8;
	3FAA : 1A;
	3FAB : 19;
	3FAC : 19;
	3FAD : 19;
	3FAE : 10;
	3FAF : 90;
	3FB0 : 82;
	3FB1 : 77;
	3FB2 : 78;
	3FB3 : 88;
	3FB4 : 88;
	3FB5 : 90;
	3FB6 : 98;
	3FB7 : 88;
	3FB8 : 98;
	3FB9 : 8C;
	3FBA : FD;
	3FBB : 00;
	3FBC : 80;
	3FBD : 01;
	3FBE : 81;
	3FBF : 00;
	3FC0 : 01;
	3FC1 : 08;
	3FC2 : 45;
	3FC3 : 70;
	3FC4 : 88;
	3FC5 : 88;
	3FC6 : 88;
	3FC7 : 88;
	3FC8 : 88;
	3FC9 : 89;
	3FCA : 8A;
	3FCB : CF;
	3FCC : C0;
	3FCD : 81;
	3FCE : 00;
	3FCF : 01;
	3FD0 : 7F;
	3FD1 : 18;
	3FD2 : 22;
	3FD3 : 77;
	3FD4 : 80;
	3FD5 : 90;
	3FD6 : 89;
	3FD7 : AF;
	3FD8 : 80;
	3FD9 : 00;
	3FDA : 00;
	3FDB : 05;
	3FDC : 39;
	3FDD : 08;
	3FDE : 90;
	3FDF : 9A;
	3FE0 : FA;
	3FE1 : 18;
	3FE2 : 00;
	3FE3 : 82;
	3FE4 : 37;
	3FE5 : 19;
	3FE6 : 08;
	3FE7 : 09;
	3FE8 : 9F;
	3FE9 : B1;
	3FEA : 00;
	3FEB : 00;
	3FEC : 02;
	3FED : 72;
	3FEE : 90;
	3FEF : 98;
	3FF0 : 88;
	3FF1 : DC;
	3FF2 : 00;
	3FF3 : 81;
	3FF4 : 80;
	3FF5 : 17;
	3FF6 : 39;
	3FF7 : 08;
	3FF8 : 9B;
	3FF9 : F8;
	3FFA : 00;
	3FFB : 00;
	3FFC : 08;
	3FFD : 00;
	3FFE : 00;
	3FFF : 00;
	4000 : 80;
	4001 : 00;
	4002 : 00;
	4003 : 01;
	4004 : 88;
	4005 : 10;
	4006 : 00;
	4007 : 00;
	4008 : 00;
	4009 : 00;
	400A : 08;
	400B : 00;
	400C : 00;
	400D : 11;
	400E : 16;
	400F : 19;
	4010 : 89;
	4011 : 89;
	4012 : 1A;
	4013 : 57;
	4014 : 77;
	4015 : 71;
	4016 : 90;
	4017 : 98;
	4018 : 99;
	4019 : 89;
	401A : 89;
	401B : 8B;
	401C : CF;
	401D : F8;
	401E : 00;
	401F : 81;
	4020 : 80;
	4021 : 10;
	4022 : 00;
	4023 : 01;
	4024 : 83;
	4025 : 77;
	4026 : 80;
	4027 : 89;
	4028 : 08;
	4029 : 88;
	402A : 88;
	402B : 88;
	402C : 90;
	402D : AF;
	402E : F0;
	402F : 80;
	4030 : 00;
	4031 : 00;
	4032 : 19;
	4033 : 11;
	4034 : 08;
	4035 : 11;
	4036 : 76;
	4037 : 88;
	4038 : 08;
	4039 : 88;
	403A : BF;
	403B : 91;
	403C : 80;
	403D : 81;
	403E : 14;
	403F : 58;
	4040 : 88;
	4041 : 88;
	4042 : 98;
	4043 : FA;
	4044 : 10;
	4045 : 08;
	4046 : 00;
	4047 : 37;
	4048 : 08;
	4049 : 88;
	404A : 09;
	404B : 8E;
	404C : A0;
	404D : 00;
	404E : 00;
	404F : 02;
	4050 : 7F;
	4051 : 62;
	4052 : 91;
	4053 : 90;
	4054 : 99;
	4055 : DE;
	4056 : 00;
	4057 : 80;
	4058 : 00;
	4059 : 17;
	405A : 18;
	405B : 80;
	405C : 88;
	405D : 8B;
	405E : F8;
	405F : 08;
	4060 : 00;
	4061 : 10;
	4062 : 08;
	4063 : 81;
	4064 : 00;
	4065 : 00;
	4066 : 00;
	4067 : 00;
	4068 : 00;
	4069 : 00;
	406A : 00;
	406B : 00;
	406C : 00;
	406D : 00;
	406E : 10;
	406F : 81;
	4070 : 10;
	4071 : 00;
	4072 : 80;
	4073 : 28;
	4074 : 05;
	4075 : 48;
	4076 : 34;
	4077 : A9;
	4078 : A9;
	4079 : 99;
	407A : 9A;
	407B : 99;
	407C : 8A;
	407D : 99;
	407E : 98;
	407F : 99;
	4080 : 99;
	4081 : 98;
	4082 : 98;
	4083 : 89;
	4084 : 89;
	4085 : 88;
	4086 : 88;
	4087 : 98;
	4088 : 88;
	4089 : 89;
	408A : 88;
	408B : 80;
	408C : 88;
	408D : 89;
	408E : 00;
	408F : 98;
	4090 : 08;
	4091 : 88;
	4092 : 08;
	4093 : 80;
	4094 : 90;
	4095 : 09;
	4096 : 80;
	4097 : 80;
	4098 : 88;
	4099 : 08;
	409A : 08;
	409B : 80;
	409C : 80;
	409D : 88;
	409E : 08;
	409F : 09;
	40A0 : 80;
	40A1 : 80;
	40A2 : 80;
	40A3 : 80;
	40A4 : 80;
	40A5 : 88;
	40A6 : 08;
	40A7 : 08;
	40A8 : 08;
	40A9 : 08;
	40AA : 08;
	40AB : 08;
	40AC : 08;
	40AD : 08;
	40AE : 80;
	40AF : 80;
	40B0 : 80;
	40B1 : 08;
	40B2 : 08;
	40B3 : 80;
	40B4 : 80;
	40B5 : 80;
	40B6 : 80;
	40B7 : 80;
	40B8 : 80;
	40B9 : 80;
	40BA : 80;
	40BB : 80;
	40BC : 80;
	40BD : 88;
	40BE : 08;
	40BF : 00;
	40C0 : 80;
	40C1 : 80;
	40C2 : 88;
	40C3 : 08;
	40C4 : 00;
	40C5 : 88;
	40C6 : 08;
	40C7 : 08;
	40C8 : 08;
	40C9 : 08;
	40CA : 08;
	40CB : 08;
	40CC : 08;
	40CD : 08;
	40CE : 08;
	40CF : 08;
	40D0 : 7F;
	40D1 : 08;
	40D2 : 08;
	40D3 : 08;
	40D4 : 08;
	40D5 : 08;
	40D6 : 08;
	40D7 : 08;
	40D8 : 08;
	40D9 : 08;
	40DA : 08;
	40DB : 08;
	40DC : 08;
	40DD : 08;
	40DE : 08;
	40DF : 08;
	40E0 : 08;
	40E1 : 08;
	40E2 : 08;
	40E3 : 08;
	40E4 : 08;
	40E5 : 08;
	40E6 : 08;
	40E7 : 08;
	40E8 : 08;
	40E9 : 08;
	40EA : 08;
	40EB : 08;
	40EC : 08;
	40ED : 08;
	40EE : 08;
	40EF : 08;
	40F0 : 08;
	40F1 : 08;
	40F2 : 08;
	40F3 : 08;
	40F4 : 08;
	40F5 : 08;
	40F6 : 08;
	40F7 : 08;
	40F8 : 08;
	40F9 : 08;
	40FA : 08;
	40FB : 08;
	40FC : 08;
	40FD : 08;
	40FE : 08;
	40FF : 08;
	4100 : 08;
	4101 : 08;
	4102 : 08;
	4103 : 08;
	4104 : 08;
	4105 : 08;
	4106 : 08;
	4107 : 08;
	4108 : 08;
	4109 : 08;
	410A : 08;
	410B : 08;
	410C : 08;
	410D : 08;
	410E : 08;
	410F : 08;
	4110 : 08;
	4111 : 08;
	4112 : 08;
	4113 : 80;
	4114 : 80;
	4115 : 80;
	4116 : 80;
	4117 : 80;
	4118 : 80;
	4119 : 80;
	411A : 80;
	411B : 80;
	411C : 80;
	411D : 80;
	411E : 80;
	411F : 80;
	4120 : 80;
	4121 : 80;
	4122 : 80;
	4123 : 80;
	4124 : 80;
	4125 : 80;
	4126 : 80;
	4127 : 80;
	4128 : 80;
	4129 : 80;
	412A : 80;
	412B : 80;
	412C : 80;
	412D : 80;
	412E : 80;
	412F : 80;
	4130 : 80;
	4131 : 80;
	4132 : 80;
	4133 : 80;
	4134 : 80;
	4135 : 80;
	4136 : 80;
	4137 : 80;
	4138 : 80;
	4139 : 80;
	413A : 80;
	413B : 80;
	413C : 80;
	413D : 80;
	413E : 80;
	413F : 80;
	4140 : 80;
	4141 : 24;
	4142 : 77;
	4143 : 43;
	4144 : DF;
	4145 : A0;
	4146 : 80;
	4147 : 81;
	4148 : 80;
	4149 : 00;
	414A : 00;
	414B : 00;
	414C : 16;
	414D : 77;
	414E : 20;
	414F : 99;
	4150 : 7F;
	4151 : 88;
	4152 : 99;
	4153 : 88;
	4154 : 89;
	4155 : 99;
	4156 : EE;
	4157 : E0;
	4158 : 81;
	4159 : 80;
	415A : 00;
	415B : 10;
	415C : 00;
	415D : 00;
	415E : 03;
	415F : 47;
	4160 : 48;
	4161 : 09;
	4162 : 88;
	4163 : 89;
	4164 : 88;
	4165 : 8A;
	4166 : 0D;
	4167 : FC;
	4168 : 18;
	4169 : 00;
	416A : 01;
	416B : 37;
	416C : 19;
	416D : 18;
	416E : 88;
	416F : 9E;
	4170 : C0;
	4171 : 00;
	4172 : 18;
	4173 : 02;
	4174 : 71;
	4175 : 90;
	4176 : 80;
	4177 : 89;
	4178 : BF;
	4179 : 81;
	417A : 80;
	417B : 08;
	417C : 25;
	417D : 39;
	417E : 80;
	417F : 89;
	4180 : 0C;
	4181 : F8;
	4182 : 00;
	4183 : 80;
	4184 : 00;
	4185 : 45;
	4186 : 88;
	4187 : 09;
	4188 : 19;
	4189 : 9F;
	418A : A1;
	418B : 80;
	418C : 18;
	418D : 00;
	418E : 1A;
	418F : 10;
	4190 : 81;
	4191 : 82;
	4192 : 00;
	4193 : 00;
	4194 : 00;
	4195 : 00;
	4196 : 10;
	4197 : 01;
	4198 : 00;
	4199 : 00;
	419A : 10;
	419B : 00;
	419C : 01;
	419D : 00;
	419E : 00;
	419F : 10;
	41A0 : 80;
	41A1 : 08;
	41A2 : 10;
	41A3 : 08;
	41A4 : 77;
	41A5 : 77;
	41A6 : 6B;
	41A7 : F0;
	41A8 : 80;
	41A9 : 80;
	41AA : 08;
	41AB : 08;
	41AC : 00;
	41AD : 80;
	41AE : 00;
	41AF : 47;
	41B0 : 18;
	41B1 : 09;
	41B2 : 89;
	41B3 : 88;
	41B4 : 98;
	41B5 : 89;
	41B6 : 88;
	41B7 : AF;
	41B8 : FB;
	41B9 : 18;
	41BA : 10;
	41BB : 10;
	41BC : 81;
	41BD : 00;
	41BE : 00;
	41BF : 10;
	41C0 : 57;
	41C1 : 58;
	41C2 : 80;
	41C3 : 98;
	41C4 : 88;
	41C5 : 88;
	41C6 : 89;
	41C7 : 88;
	41C8 : 0C;
	41C9 : BF;
	41CA : C1;
	41CB : 81;
	41CC : 82;
	41CD : 91;
	41CE : 57;
	41CF : 08;
	41D0 : 7F;
	41D1 : 08;
	41D2 : 09;
	41D3 : 9C;
	41D4 : C8;
	41D5 : 10;
	41D6 : 08;
	41D7 : 12;
	41D8 : 72;
	41D9 : 90;
	41DA : 88;
	41DB : 0A;
	41DC : BF;
	41DD : 91;
	41DE : 80;
	41DF : 00;
	41E0 : 17;
	41E1 : 39;
	41E2 : 88;
	41E3 : 08;
	41E4 : 9A;
	41E5 : FA;
	41E6 : 18;
	41E7 : 10;
	41E8 : 00;
	41E9 : 54;
	41EA : 88;
	41EB : 09;
	41EC : 08;
	41ED : 9F;
	41EE : B1;
	41EF : 80;
	41F0 : 10;
	41F1 : 03;
	41F2 : 71;
	41F3 : 9B;
	41F4 : D0;
	41F5 : 00;
	41F6 : 08;
	41F7 : 18;
	41F8 : 00;
	41F9 : 08;
	41FA : 00;
	41FB : 00;
	41FC : 81;
	41FD : 08;
	41FE : 10;
	41FF : 00;
	4200 : 80;
	4201 : 00;
	4202 : 00;
	4203 : 00;
	4204 : 80;
	4205 : 00;
	4206 : 08;
	4207 : 18;
	4208 : 75;
	4209 : 7C;
	420A : B1;
	420B : B4;
	420C : A1;
	420D : 80;
	420E : 88;
	420F : 29;
	4210 : 1A;
	4211 : 17;
	4212 : 77;
	4213 : 18;
	4214 : 88;
	4215 : 98;
	4216 : 8A;
	4217 : 09;
	4218 : 98;
	4219 : 98;
	421A : DE;
	421B : F8;
	421C : 00;
	421D : 08;
	421E : 10;
	421F : 00;
	4220 : 00;
	4221 : 01;
	4222 : 82;
	4223 : 57;
	4224 : 29;
	4225 : 09;
	4226 : 09;
	4227 : 88;
	4228 : 89;
	4229 : 88;
	422A : 88;
	422B : AC;
	422C : FE;
	422D : 08;
	422E : 00;
	422F : 00;
	4230 : 10;
	4231 : 01;
	4232 : 07;
	4233 : 79;
	4234 : 08;
	4235 : 08;
	4236 : 89;
	4237 : F8;
	4238 : 08;
	4239 : 00;
	423A : 00;
	423B : 36;
	423C : 88;
	423D : 09;
	423E : 08;
	423F : 9E;
	4240 : 90;
	4241 : 80;
	4242 : 00;
	4243 : 02;
	4244 : 71;
	4245 : 90;
	4246 : 80;
	4247 : 98;
	4248 : CE;
	4249 : 01;
	424A : 80;
	424B : 08;
	424C : 16;
	424D : 29;
	424E : 08;
	424F : 88;
	4250 : 7F;
	4251 : 9A;
	4252 : F8;
	4253 : 08;
	4254 : 18;
	4255 : 01;
	4256 : 44;
	4257 : 88;
	4258 : 08;
	4259 : BF;
	425A : 91;
	425B : 91;
	425C : 08;
	425D : 10;
	425E : 80;
	425F : 00;
	4260 : 00;
	4261 : 18;
	4262 : 00;
	4263 : 81;
	4264 : 00;
	4265 : 00;
	4266 : 00;
	4267 : 01;
	4268 : 00;
	4269 : 00;
	426A : 00;
	426B : 00;
	426C : 00;
	426D : 18;
	426E : 12;
	426F : 52;
	4270 : 90;
	4271 : 99;
	4272 : 90;
	4273 : A4;
	4274 : 77;
	4275 : 77;
	4276 : 59;
	4277 : 89;
	4278 : 88;
	4279 : 90;
	427A : 98;
	427B : 98;
	427C : AB;
	427D : FF;
	427E : 90;
	427F : 00;
	4280 : 81;
	4281 : 00;
	4282 : 01;
	4283 : 00;
	4284 : 01;
	4285 : 17;
	4286 : 70;
	4287 : 80;
	4288 : 90;
	4289 : 90;
	428A : 88;
	428B : 98;
	428C : 88;
	428D : 88;
	428E : FF;
	428F : 88;
	4290 : 01;
	4291 : 81;
	4292 : 81;
	4293 : 80;
	4294 : 10;
	4295 : 00;
	4296 : 17;
	4297 : 78;
	4298 : 80;
	4299 : 88;
	429A : 8A;
	429B : E9;
	429C : 08;
	429D : 10;
	429E : 00;
	429F : 46;
	42A0 : 88;
	42A1 : 08;
	42A2 : 88;
	42A3 : 9E;
	42A4 : B2;
	42A5 : 80;
	42A6 : 08;
	42A7 : 13;
	42A8 : 61;
	42A9 : 80;
	42AA : 90;
	42AB : 98;
	42AC : ED;
	42AD : 00;
	42AE : 81;
	42AF : 00;
	42B0 : 15;
	42B1 : 39;
	42B2 : 09;
	42B3 : 80;
	42B4 : 9C;
	42B5 : F8;
	42B6 : 08;
	42B7 : 00;
	42B8 : 01;
	42B9 : 44;
	42BA : 80;
	42BB : 88;
	42BC : 09;
	42BD : AF;
	42BE : A1;
	42BF : 88;
	42C0 : 00;
	42C1 : 00;
	42C2 : 18;
	42C3 : 00;
	42C4 : 10;
	42C5 : 00;
	42C6 : 00;
	42C7 : 10;
	42C8 : 11;
	42C9 : 00;
	42CA : 00;
	42CB : 00;
	42CC : 10;
	42CD : 00;
	42CE : 11;
	42CF : 00;
	42D0 : 7F;
	42D1 : 00;
	42D2 : 10;
	42D3 : 01;
	42D4 : 00;
	42D5 : 46;
	42D6 : 27;
	42D7 : 77;
	42D8 : 70;
	42D9 : 89;
	42DA : 88;
	42DB : 89;
	42DC : 8A;
	42DD : 09;
	42DE : 8A;
	42DF : DF;
	42E0 : D1;
	42E1 : 80;
	42E2 : 00;
	42E3 : 00;
	42E4 : 00;
	42E5 : 00;
	42E6 : 00;
	42E7 : 13;
	42E8 : 77;
	42E9 : 80;
	42EA : 90;
	42EB : 89;
	42EC : 08;
	42ED : 88;
	42EE : 89;
	42EF : 09;
	42F0 : 9F;
	42F1 : F8;
	42F2 : 18;
	42F3 : 00;
	42F4 : 00;
	42F5 : 00;
	42F6 : 00;
	42F7 : 00;
	42F8 : 01;
	42F9 : 67;
	42FA : 19;
	42FB : 09;
	42FC : 09;
	42FD : 80;
	42FE : 8B;
	42FF : FB;
	4300 : 18;
	4301 : 10;
	4302 : 81;
	4303 : 56;
	4304 : 88;
	4305 : 08;
	4306 : 88;
	4307 : 9C;
	4308 : C1;
	4309 : 90;
	430A : 00;
	430B : 12;
	430C : 72;
	430D : 80;
	430E : 98;
	430F : 89;
	4310 : DD;
	4311 : 00;
	4312 : 00;
	4313 : 80;
	4314 : 17;
	4315 : 28;
	4316 : 88;
	4317 : 88;
	4318 : 8A;
	4319 : F9;
	431A : 18;
	431B : 18;
	431C : 01;
	431D : 27;
	431E : 09;
	431F : 08;
	4320 : 09;
	4321 : 9F;
	4322 : 91;
	4323 : 80;
	4324 : 80;
	4325 : 00;
	4326 : 00;
	4327 : 00;
	4328 : 18;
	4329 : 00;
	432A : 00;
	432B : 00;
	432C : 01;
	432D : 80;
	432E : 01;
	432F : 00;
	4330 : 00;
	4331 : 00;
	4332 : 01;
	4333 : 00;
	4334 : 00;
	4335 : 10;
	4336 : 80;
	4337 : 01;
	4338 : 01;
	4339 : 00;
	433A : 77;
	433B : 77;
	433C : 78;
	433D : 80;
	433E : A0;
	433F : 98;
	4340 : 99;
	4341 : EF;
	4342 : 18;
	4343 : 08;
	4344 : 00;
	4345 : 80;
	4346 : 00;
	4347 : 00;
	4348 : 80;
	4349 : 16;
	434A : 78;
	434B : 08;
	434C : 88;
	434D : 90;
	434E : 88;
	434F : 88;
	4350 : 7F;
	4351 : 88;
	4352 : 89;
	4353 : FF;
	4354 : 80;
	4355 : 00;
	4356 : 81;
	4357 : 00;
	4358 : 00;
	4359 : 00;
	435A : 00;
	435B : 04;
	435C : 74;
	435D : 98;
	435E : 88;
	435F : 88;
	4360 : 88;
	4361 : 89;
	4362 : 1A;
	4363 : DF;
	4364 : 91;
	4365 : 80;
	4366 : 82;
	4367 : 16;
	4368 : 39;
	4369 : 08;
	436A : 88;
	436B : 8B;
	436C : FA;
	436D : 18;
	436E : 00;
	436F : 01;
	4370 : 47;
	4371 : 08;
	4372 : 88;
	4373 : 09;
	4374 : 9E;
	4375 : A1;
	4376 : 81;
	4377 : 80;
	4378 : 03;
	4379 : 71;
	437A : 90;
	437B : 80;
	437C : 89;
	437D : EB;
	437E : 18;
	437F : 08;
	4380 : 01;
	4381 : 27;
	4382 : 39;
	4383 : 88;
	4384 : 88;
	4385 : 8C;
	4386 : E9;
	4387 : 10;
	4388 : 00;
	4389 : 88;
	438A : 10;
	438B : 00;
	438C : 00;
	438D : 00;
	438E : 00;
	438F : 10;
	4390 : 00;
	4391 : 10;
	4392 : 00;
	4393 : 00;
	4394 : 01;
	4395 : 00;
	4396 : 10;
	4397 : 00;
	4398 : 00;
	4399 : 10;
	439A : 81;
	439B : 00;
	439C : 08;
	439D : 00;
	439E : 77;
	439F : 77;
	43A0 : 70;
	43A1 : 98;
	43A2 : 88;
	43A3 : BF;
	43A4 : B2;
	43A5 : 91;
	43A6 : 80;
	43A7 : 80;
	43A8 : 10;
	43A9 : 08;
	43AA : 00;
	43AB : 04;
	43AC : 47;
	43AD : 18;
	43AE : 88;
	43AF : 8A;
	43B0 : 1A;
	43B1 : 09;
	43B2 : 98;
	43B3 : 90;
	43B4 : CD;
	43B5 : FA;
	43B6 : 08;
	43B7 : 29;
	43B8 : 10;
	43B9 : 11;
	43BA : 92;
	43BB : 81;
	43BC : 03;
	43BD : 57;
	43BE : 69;
	43BF : 19;
	43C0 : 09;
	43C1 : 80;
	43C2 : 98;
	43C3 : 88;
	43C4 : 88;
	43C5 : 9B;
	43C6 : FF;
	43C7 : 80;
	43C8 : 18;
	43C9 : 10;
	43CA : 16;
	43CB : 28;
	43CC : 80;
	43CD : 90;
	43CE : 8B;
	43CF : FA;
	43D0 : 7F;
	43D1 : 18;
	43D2 : 10;
	43D3 : 80;
	43D4 : 63;
	43D5 : 00;
	43D6 : 89;
	43D7 : 09;
	43D8 : AF;
	43D9 : B1;
	43DA : 80;
	43DB : 18;
	43DC : 12;
	43DD : 73;
	43DE : 90;
	43DF : 98;
	43E0 : 88;
	43E1 : FB;
	43E2 : 08;
	43E3 : 10;
	43E4 : 81;
	43E5 : 17;
	43E6 : 28;
	43E7 : 88;
	43E8 : 08;
	43E9 : 8C;
	43EA : F0;
	43EB : 08;
	43EC : 00;
	43ED : 00;
	43EE : 44;
	43EF : BC;
	43F0 : 81;
	43F1 : 88;
	43F2 : 00;
	43F3 : 00;
	43F4 : 08;
	43F5 : 00;
	43F6 : 00;
	43F7 : 08;
	43F8 : 00;
	43F9 : 10;
	43FA : 08;
	43FB : 00;
	43FC : 00;
	43FD : 00;
	43FE : 80;
	43FF : 00;
	4400 : 00;
	4401 : 18;
	4402 : 81;
	4403 : 82;
	4404 : 07;
	4405 : 77;
	4406 : 0F;
	4407 : 90;
	4408 : 0A;
	4409 : 19;
	440A : 11;
	440B : 80;
	440C : 80;
	440D : 80;
	440E : 67;
	440F : 70;
	4410 : 88;
	4411 : 88;
	4412 : 98;
	4413 : 90;
	4414 : 99;
	4415 : 88;
	4416 : 9B;
	4417 : FF;
	4418 : 88;
	4419 : 01;
	441A : 81;
	441B : 81;
	441C : 81;
	441D : 08;
	441E : 18;
	441F : 36;
	4420 : 71;
	4421 : 80;
	4422 : 90;
	4423 : 98;
	4424 : 90;
	4425 : 90;
	4426 : 99;
	4427 : 0A;
	4428 : BF;
	4429 : F8;
	442A : 81;
	442B : 81;
	442C : 00;
	442D : 00;
	442E : 27;
	442F : 58;
	4430 : 09;
	4431 : 80;
	4432 : 9A;
	4433 : F9;
	4434 : 18;
	4435 : 00;
	4436 : 00;
	4437 : 45;
	4438 : 88;
	4439 : 09;
	443A : 08;
	443B : 8F;
	443C : A0;
	443D : 08;
	443E : 18;
	443F : 13;
	4440 : 61;
	4441 : 90;
	4442 : 88;
	4443 : 89;
	4444 : EC;
	4445 : 01;
	4446 : 81;
	4447 : 88;
	4448 : 27;
	4449 : 29;
	444A : 80;
	444B : 88;
	444C : 8B;
	444D : F8;
	444E : 08;
	444F : 19;
	4450 : 7F;
	4451 : 10;
	4452 : 63;
	4453 : 90;
	4454 : 8A;
	4455 : EA;
	4456 : 10;
	4457 : 00;
	4458 : 08;
	4459 : 00;
	445A : 00;
	445B : 81;
	445C : 00;
	445D : 08;
	445E : 10;
	445F : 00;
	4460 : 00;
	4461 : 18;
	4462 : 00;
	4463 : 81;
	4464 : 00;
	4465 : 00;
	4466 : 00;
	4467 : 01;
	4468 : 08;
	4469 : 11;
	446A : 00;
	446B : 45;
	446C : 89;
	446D : 88;
	446E : 98;
	446F : 88;
	4470 : B7;
	4471 : 37;
	4472 : 77;
	4473 : 79;
	4474 : 09;
	4475 : 88;
	4476 : 89;
	4477 : 09;
	4478 : 90;
	4479 : AF;
	447A : F9;
	447B : 18;
	447C : 00;
	447D : 00;
	447E : 00;
	447F : 00;
	4480 : 01;
	4481 : 82;
	4482 : 27;
	4483 : 79;
	4484 : 19;
	4485 : 08;
	4486 : 90;
	4487 : 90;
	4488 : 90;
	4489 : 88;
	448A : 99;
	448B : FF;
	448C : 00;
	448D : 00;
	448E : 80;
	448F : 00;
	4490 : 00;
	4491 : 00;
	4492 : 05;
	4493 : 71;
	4494 : 90;
	4495 : 88;
	4496 : 89;
	4497 : CF;
	4498 : 01;
	4499 : 88;
	449A : 00;
	449B : 15;
	449C : 29;
	449D : 09;
	449E : 08;
	449F : 8C;
	44A0 : F0;
	44A1 : 08;
	44A2 : 08;
	44A3 : 10;
	44A4 : 43;
	44A5 : 90;
	44A6 : 80;
	44A7 : 88;
	44A8 : BF;
	44A9 : A0;
	44AA : 80;
	44AB : 01;
	44AC : 04;
	44AD : 70;
	44AE : 90;
	44AF : 80;
	44B0 : 8A;
	44B1 : BF;
	44B2 : 00;
	44B3 : 00;
	44B4 : 81;
	44B5 : 17;
	44B6 : 08;
	44B7 : 09;
	44B8 : 08;
	44B9 : 8C;
	44BA : C0;
	44BB : 08;
	44BC : 08;
	44BD : 10;
	44BE : 00;
	44BF : 00;
	44C0 : 01;
	44C1 : 00;
	44C2 : 00;
	44C3 : 01;
	44C4 : 00;
	44C5 : 10;
	44C6 : 00;
	44C7 : 01;
	44C8 : 00;
	44C9 : 01;
	44CA : 00;
	44CB : 10;
	44CC : 00;
	44CD : 10;
	44CE : 01;
	44CF : 10;
	44D0 : 7F;
	44D1 : 16;
	44D2 : 39;
	44D3 : 77;
	44D4 : 77;
	44D5 : 28;
	44D6 : 90;
	44D7 : A8;
	44D8 : 99;
	44D9 : 89;
	44DA : 99;
	44DB : 9B;
	44DC : FF;
	44DD : B8;
	44DE : 01;
	44DF : 81;
	44E0 : 82;
	44E1 : 00;
	44E2 : 10;
	44E3 : 00;
	44E4 : 27;
	44E5 : 73;
	44E6 : 90;
	44E7 : 90;
	44E8 : 88;
	44E9 : 98;
	44EA : 8A;
	44EB : 88;
	44EC : 89;
	44ED : FF;
	44EE : B0;
	44EF : 01;
	44F0 : 81;
	44F1 : 00;
	44F2 : 10;
	44F3 : 18;
	44F4 : 11;
	44F5 : 04;
	44F6 : 67;
	44F7 : 00;
	44F8 : 88;
	44F9 : 89;
	44FA : 08;
	44FB : FD;
	44FC : 00;
	44FD : 81;
	44FE : 80;
	44FF : 15;
	4500 : 28;
	4501 : 09;
	4502 : 80;
	4503 : 9B;
	4504 : F9;
	4505 : 08;
	4506 : 18;
	4507 : 10;
	4508 : 55;
	4509 : 88;
	450A : 08;
	450B : 89;
	450C : 9E;
	450D : A1;
	450E : 80;
	450F : 00;
	4510 : 05;
	4511 : 50;
	4512 : 88;
	4513 : 80;
	4514 : 99;
	4515 : CD;
	4516 : 81;
	4517 : 81;
	4518 : 80;
	4519 : 27;
	451A : 29;
	451B : 08;
	451C : 88;
	451D : 9A;
	451E : F8;
	451F : 88;
	4520 : 18;
	4521 : 00;
	4522 : 10;
	4523 : 00;
	4524 : 00;
	4525 : 00;
	4526 : 00;
	4527 : 00;
	4528 : 02;
	4529 : 00;
	452A : 00;
	452B : 00;
	452C : 00;
	452D : 00;
	452E : 10;
	452F : 01;
	4530 : 08;
	4531 : 00;
	4532 : 10;
	4533 : 10;
	4534 : 80;
	4535 : 08;
	4536 : 08;
	4537 : 88;
	4538 : 80;
	4539 : 88;
	453A : 08;
	453B : 88;
	453C : 90;
	453D : 88;
	453E : 90;
	453F : 89;
	4540 : 88;
	4541 : 89;
	4542 : 88;
	4543 : 89;
	4544 : 08;
	4545 : 88;
	4546 : 88;
	4547 : 89;
	4548 : 88;
	4549 : 80;
	454A : 88;
	454B : 98;
	454C : 80;
	454D : 88;
	454E : 90;
	454F : 09;
	4550 : 27;
	4551 : 89;
	4552 : 80;
	4553 : 88;
	4554 : 98;
	4555 : 88;
	4556 : 09;
	4557 : 08;
	4558 : 88;
	4559 : 09;
	455A : 08;
	455B : 88;
	455C : 08;
	455D : 88;
	455E : 08;
	455F : 80;
	4560 : 88;
	4561 : 80;
	4562 : 80;
	4563 : 88;
	4564 : 08;
	4565 : 08;
	4566 : 80;
	4567 : 80;
	4568 : 88;
	4569 : 08;
	456A : 08;
	456B : 80;
	456C : 80;
	456D : 80;
	456E : 80;
	456F : 80;
	4570 : 88;
	4571 : 08;
	4572 : 08;
	4573 : 08;
	4574 : 08;
	4575 : 08;
	4576 : 08;
	4577 : 08;
	4578 : 00;
	4579 : 00;
	457A : 00;
	457B : 00;
	457C : 00;
	457D : 00;
	457E : 00;
	457F : 00;
	4580 : 7F;
	4581 : 00;
	4582 : 80;
	4583 : 80;
	4584 : 80;
	4585 : 80;
	4586 : 80;
	4587 : 80;
	4588 : 80;
	4589 : 80;
	458A : 80;
	458B : 80;
	458C : 80;
	458D : 80;
	458E : 80;
	458F : 80;
	4590 : 80;
	4591 : 01;
	4592 : 41;
	4593 : FB;
	4594 : 9B;
	4595 : 1A;
	4596 : 47;
	4597 : 77;
	4598 : 30;
	4599 : 98;
	459A : BF;
	459B : E0;
	459C : 80;
	459D : 08;
	459E : 37;
	459F : 19;
	45A0 : 08;
	45A1 : 88;
	45A2 : AF;
	45A3 : A1;
	45A4 : 80;
	45A5 : 00;
	45A6 : 27;
	45A7 : 29;
	45A8 : 08;
	45A9 : 88;
	45AA : 9E;
	45AB : C0;
	45AC : 01;
	45AD : 08;
	45AE : 05;
	45AF : 48;
	45B0 : 80;
	45B1 : 90;
	45B2 : 9B;
	45B3 : F8;
	45B4 : 18;
	45B5 : 08;
	45B6 : 11;
	45B7 : 53;
	45B8 : 90;
	45B9 : 88;
	45BA : 89;
	45BB : BF;
	45BC : A1;
	45BD : 91;
	45BE : 81;
	45BF : 15;
	45C0 : 68;
	45C1 : 88;
	45C2 : 80;
	45C3 : 98;
	45C4 : EA;
	45C5 : 18;
	45C6 : 00;
	45C7 : 01;
	45C8 : 27;
	45C9 : 08;
	45CA : 08;
	45CB : 88;
	45CC : 0A;
	45CD : FA;
	45CE : 18;
	45CF : 00;
	45D0 : 00;
	45D1 : 27;
	45D2 : 29;
	45D3 : 88;
	45D4 : 08;
	45D5 : 88;
	45D6 : FB;
	45D7 : 00;
	45D8 : 00;
	45D9 : 01;
	45DA : 06;
	45DB : 38;
	45DC : 88;
	45DD : 80;
	45DE : 98;
	45DF : AF;
	45E0 : C1;
	45E1 : 80;
	45E2 : 00;
	45E3 : 18;
	45E4 : 55;
	45E5 : 09;
	45E6 : 08;
	45E7 : 88;
	45E8 : 89;
	45E9 : DC;
	45EA : 00;
	45EB : 81;
	45EC : 81;
	45ED : 83;
	45EE : 73;
	45EF : 90;
	45F0 : 88;
	45F1 : 89;
	45F2 : 0C;
	45F3 : FA;
	45F4 : 18;
	45F5 : 18;
	45F6 : 00;
	45F7 : 01;
	45F8 : 73;
	45F9 : 90;
	45FA : 80;
	45FB : 89;
	45FC : 0A;
	45FD : DE;
	45FE : 80;
	45FF : 01;
	4600 : 7F;
	4601 : 80;
	4602 : 00;
	4603 : 37;
	4604 : 19;
	4605 : 19;
	4606 : 08;
	4607 : 88;
	4608 : AD;
	4609 : D8;
	460A : 18;
	460B : 08;
	460C : 18;
	460D : 20;
	460E : 74;
	460F : 88;
	4610 : 88;
	4611 : 88;
	4612 : 09;
	4613 : 9F;
	4614 : B0;
	4615 : 00;
	4616 : 18;
	4617 : 18;
	4618 : 12;
	4619 : 74;
	461A : 88;
	461B : 88;
	461C : 88;
	461D : 88;
	461E : 8F;
	461F : C8;
	4620 : 00;
	4621 : 08;
	4622 : 11;
	4623 : 08;
	4624 : 36;
	4625 : 59;
	4626 : 08;
	4627 : 88;
	4628 : 88;
	4629 : 88;
	462A : BF;
	462B : A0;
	462C : 81;
	462D : 80;
	462E : 10;
	462F : 01;
	4630 : 76;
	4631 : 88;
	4632 : 08;
	4633 : 88;
	4634 : 88;
	4635 : 88;
	4636 : BF;
	4637 : A1;
	4638 : 91;
	4639 : 01;
	463A : 80;
	463B : 01;
	463C : 66;
	463D : 08;
	463E : 09;
	463F : 88;
	4640 : 08;
	4641 : 90;
	4642 : AF;
	4643 : C1;
	4644 : 80;
	4645 : 00;
	4646 : 19;
	4647 : 10;
	4648 : 02;
	4649 : 75;
	464A : 88;
	464B : 90;
	464C : 88;
	464D : 88;
	464E : 0A;
	464F : 8F;
	4650 : D1;
	4651 : 08;
	4652 : 00;
	4653 : 00;
	4654 : 08;
	4655 : 11;
	4656 : 74;
	4657 : 98;
	4658 : 88;
	4659 : 08;
	465A : 88;
	465B : 88;
	465C : 9B;
	465D : FC;
	465E : 18;
	465F : 10;
	4660 : 00;
	4661 : 00;
	4662 : 81;
	4663 : 07;
	4664 : 68;
	4665 : 08;
	4666 : 88;
	4667 : 90;
	4668 : 88;
	4669 : 88;
	466A : 9F;
	466B : C0;
	466C : 00;
	466D : 00;
	466E : 00;
	466F : 00;
	4670 : 00;
	4671 : 15;
	4672 : 72;
	4673 : 98;
	4674 : 90;
	4675 : 88;
	4676 : 89;
	4677 : 88;
	4678 : 0B;
	4679 : FE;
	467A : 00;
	467B : 00;
	467C : 81;
	467D : 80;
	467E : 00;
	467F : 00;
	4680 : 7F;
	4681 : 00;
	4682 : 18;
	4683 : 10;
	4684 : 00;
	4685 : 10;
	4686 : 00;
	4687 : 10;
	4688 : 10;
	4689 : 00;
	468A : 10;
	468B : 10;
	468C : 01;
	468D : 00;
	468E : 10;
	468F : 00;
	4690 : 00;
	4691 : 00;
	4692 : 08;
	4693 : 80;
	4694 : 88;
	4695 : 08;
	4696 : 88;
	4697 : 08;
	4698 : 89;
	4699 : 88;
	469A : 88;
	469B : 89;
	469C : 88;
	469D : 88;
	469E : 98;
	469F : 88;
	46A0 : 88;
	46A1 : 89;
	46A2 : 88;
	46A3 : 88;
	46A4 : 88;
	46A5 : 90;
	46A6 : 88;
	46A7 : 00;
	46A8 : 86;
	46A9 : 47;
	46AA : 6F;
	46AB : B0;
	46AC : 92;
	46AD : 80;
	46AE : 80;
	46AF : 03;
	46B0 : 77;
	46B1 : 40;
	46B2 : 89;
	46B3 : 98;
	46B4 : 89;
	46B5 : 9F;
	46B6 : F8;
	46B7 : 00;
	46B8 : 00;
	46B9 : 08;
	46BA : 00;
	46BB : 17;
	46BC : 28;
	46BD : 89;
	46BE : 80;
	46BF : 90;
	46C0 : 88;
	46C1 : DF;
	46C2 : 81;
	46C3 : 80;
	46C4 : 00;
	46C5 : 08;
	46C6 : 02;
	46C7 : 54;
	46C8 : 90;
	46C9 : 88;
	46CA : 88;
	46CB : 09;
	46CC : 8C;
	46CD : F9;
	46CE : 08;
	46CF : 18;
	46D0 : 10;
	46D1 : 00;
	46D2 : 06;
	46D3 : 60;
	46D4 : 90;
	46D5 : 88;
	46D6 : 88;
	46D7 : 88;
	46D8 : 8B;
	46D9 : FA;
	46DA : 00;
	46DB : 18;
	46DC : 00;
	46DD : 10;
	46DE : 03;
	46DF : 76;
	46E0 : 90;
	46E1 : 88;
	46E2 : 09;
	46E3 : 88;
	46E4 : 89;
	46E5 : CF;
	46E6 : 00;
	46E7 : 80;
	46E8 : 01;
	46E9 : 80;
	46EA : 00;
	46EB : 16;
	46EC : 38;
	46ED : 09;
	46EE : 80;
	46EF : 98;
	46F0 : 88;
	46F1 : 8A;
	46F2 : FF;
	46F3 : 00;
	46F4 : 80;
	46F5 : 01;
	46F6 : 80;
	46F7 : 00;
	46F8 : 17;
	46F9 : 38;
	46FA : 89;
	46FB : 08;
	46FC : 88;
	46FD : 90;
	46FE : 99;
	46FF : FF;
	4700 : 7F;
	4701 : 00;
	4702 : 00;
	4703 : 08;
	4704 : 00;
	4705 : 00;
	4706 : 16;
	4707 : 38;
	4708 : 09;
	4709 : 90;
	470A : 89;
	470B : 88;
	470C : 8A;
	470D : FF;
	470E : 00;
	470F : 08;
	4710 : 00;
	4711 : 00;
	4712 : 00;
	4713 : 84;
	4714 : 62;
	4715 : 98;
	4716 : 88;
	4717 : 88;
	4718 : 88;
	4719 : 88;
	471A : 9F;
	471B : E8;
	471C : 00;
	471D : 00;
	471E : 00;
	471F : 01;
	4720 : 80;
	4721 : 15;
	4722 : 68;
	4723 : 80;
	4724 : 90;
	4725 : 90;
	4726 : 88;
	4727 : 88;
	4728 : 8D;
	4729 : F9;
	472A : 10;
	472B : 08;
	472C : 01;
	472D : 00;
	472E : 00;
	472F : 83;
	4730 : 47;
	4731 : 18;
	4732 : 89;
	4733 : 19;
	4734 : 89;
	4735 : 88;
	4736 : 89;
	4737 : CF;
	4738 : C1;
	4739 : 81;
	473A : 80;
	473B : 00;
	473C : 18;
	473D : 29;
	473E : 37;
	473F : 78;
	4740 : 80;
	4741 : 88;
	4742 : 90;
	4743 : 90;
	4744 : 88;
	4745 : 8B;
	4746 : FC;
	4747 : 18;
	4748 : 18;
	4749 : 10;
	474A : 00;
	474B : 00;
	474C : 01;
	474D : 27;
	474E : 79;
	474F : 09;
	4750 : 08;
	4751 : 88;
	4752 : 09;
	4753 : 08;
	4754 : 89;
	4755 : FD;
	4756 : 18;
	4757 : 00;
	4758 : 00;
	4759 : 81;
	475A : 81;
	475B : 00;
	475C : 17;
	475D : 58;
	475E : 90;
	475F : 88;
	4760 : 88;
	4761 : 88;
	4762 : 88;
	4763 : 88;
	4764 : 0D;
	4765 : F9;
	4766 : 19;
	4767 : 18;
	4768 : 11;
	4769 : 00;
	476A : 81;
	476B : 81;
	476C : 03;
	476D : 77;
	476E : 88;
	476F : 08;
	4770 : 88;
	4771 : 88;
	4772 : 88;
	4773 : 89;
	4774 : 0A;
	4775 : DF;
	4776 : 91;
	4777 : 81;
	4778 : 91;
	4779 : 01;
	477A : 08;
	477B : 10;
	477C : 01;
	477D : 67;
	477E : 2A;
	477F : 00;
	4780 : 7F;
	4781 : 98;
	4782 : 09;
	4783 : 88;
	4784 : 90;
	4785 : 89;
	4786 : EF;
	4787 : A1;
	4788 : 80;
	4789 : 00;
	478A : 18;
	478B : 18;
	478C : 10;
	478D : 01;
	478E : 03;
	478F : 77;
	4790 : 00;
	4791 : 89;
	4792 : 80;
	4793 : 89;
	4794 : 89;
	4795 : 08;
	4796 : 90;
	4797 : BD;
	4798 : FB;
	4799 : 18;
	479A : 18;
	479B : 20;
	479C : 00;
	479D : 10;
	479E : 00;
	479F : 11;
	47A0 : 17;
	47A1 : 72;
	47A2 : 80;
	47A3 : 98;
	47A4 : 90;
	47A5 : 88;
	47A6 : 99;
	47A7 : 09;
	47A8 : 89;
	47A9 : 9F;
	47AA : FA;
	47AB : 19;
	47AC : 10;
	47AD : 00;
	47AE : 10;
	47AF : 10;
	47B0 : 00;
	47B1 : 10;
	47B2 : 15;
	47B3 : 77;
	47B4 : 88;
	47B5 : 88;
	47B6 : 80;
	47B7 : 90;
	47B8 : 98;
	47B9 : 80;
	47BA : 98;
	47BB : 89;
	47BC : FE;
	47BD : 80;
	47BE : 82;
	47BF : 80;
	47C0 : 00;
	47C1 : 00;
	47C2 : 00;
	47C3 : 10;
	47C4 : 10;
	47C5 : 67;
	47C6 : 29;
	47C7 : 19;
	47C8 : 09;
	47C9 : 98;
	47CA : 89;
	47CB : 88;
	47CC : 89;
	47CD : 98;
	47CE : 0F;
	47CF : DF;
	47D0 : 00;
	47D1 : 81;
	47D2 : 81;
	47D3 : 00;
	47D4 : 81;
	47D5 : 00;
	47D6 : 00;
	47D7 : 00;
	47D8 : 22;
	47D9 : 76;
	47DA : 08;
	47DB : 90;
	47DC : 90;
	47DD : 89;
	47DE : 09;
	47DF : 09;
	47E0 : 89;
	47E1 : 09;
	47E2 : 8C;
	47E3 : FF;
	47E4 : 80;
	47E5 : 81;
	47E6 : 00;
	47E7 : 00;
	47E8 : 00;
	47E9 : 10;
	47EA : 00;
	47EB : 18;
	47EC : 11;
	47ED : 47;
	47EE : 68;
	47EF : 08;
	47F0 : 80;
	47F1 : 98;
	47F2 : 98;
	47F3 : 88;
	47F4 : 98;
	47F5 : 88;
	47F6 : A8;
	47F7 : AF;
	47F8 : FB;
	47F9 : 08;
	47FA : 28;
	47FB : 10;
	47FC : 10;
	47FD : 01;
	47FE : 11;
	47FF : 81;
	4800 : 7F;
	4801 : 01;
	4802 : 15;
	4803 : 77;
	4804 : 10;
	4805 : 89;
	4806 : 09;
	4807 : 89;
	4808 : 88;
	4809 : 89;
	480A : 89;
	480B : 90;
	480C : 99;
	480D : 9E;
	480E : FF;
	480F : 08;
	4810 : 10;
	4811 : 81;
	4812 : 00;
	4813 : 00;
	4814 : 00;
	4815 : 00;
	4816 : 10;
	4817 : 00;
	4818 : 03;
	4819 : 77;
	481A : 00;
	481B : 88;
	481C : 88;
	481D : 89;
	481E : 89;
	481F : 09;
	4820 : 88;
	4821 : 90;
	4822 : 98;
	4823 : 98;
	4824 : FE;
	4825 : F0;
	4826 : 80;
	4827 : 18;
	4828 : 10;
	4829 : 00;
	482A : 00;
	482B : 00;
	482C : 01;
	482D : 00;
	482E : 01;
	482F : 85;
	4830 : 57;
	4831 : 29;
	4832 : 08;
	4833 : 8A;
	4834 : 09;
	4835 : 89;
	4836 : 88;
	4837 : 89;
	4838 : A8;
	4839 : 88;
	483A : A8;
	483B : CF;
	483C : FD;
	483D : 18;
	483E : 18;
	483F : 10;
	4840 : 00;
	4841 : 00;
	4842 : 01;
	4843 : 01;
	4844 : 00;
	4845 : 00;
	4846 : 10;
	4847 : 35;
	4848 : 77;
	4849 : 01;
	484A : A8;
	484B : 88;
	484C : 98;
	484D : 88;
	484E : 89;
	484F : 88;
	4850 : 89;
	4851 : AC;
	4852 : B1;
	4853 : 89;
	4854 : FF;
	4855 : A8;
	4856 : 02;
	4857 : 81;
	4858 : 01;
	4859 : 01;
	485A : 02;
	485B : 10;
	485C : 10;
	485D : 20;
	485E : 11;
	485F : 11;
	4860 : 07;
	4861 : 77;
	4862 : 10;
	4863 : 88;
	4864 : 98;
	4865 : 89;
	4866 : 89;
	4867 : 09;
	4868 : 89;
	4869 : 98;
	486A : 99;
	486B : 90;
	486C : 8A;
	486D : 9F;
	486E : EF;
	486F : 99;
	4870 : 11;
	4871 : 81;
	4872 : 01;
	4873 : 10;
	4874 : 01;
	4875 : 00;
	4876 : 11;
	4877 : 10;
	4878 : 11;
	4879 : 11;
	487A : 07;
	487B : 67;
	487C : 20;
	487D : 89;
	487E : 09;
	487F : 89;
	4880 : 7F;
	4881 : 99;
	4882 : 89;
	4883 : A8;
	4884 : 88;
	4885 : A9;
	4886 : 89;
	4887 : 99;
	4888 : B1;
	4889 : FE;
	488A : FD;
	488B : 08;
	488C : 18;
	488D : 20;
	488E : 01;
	488F : 00;
	4890 : 00;
	4891 : 02;
	4892 : 81;
	4893 : 10;
	4894 : 01;
	4895 : 11;
	4896 : 10;
	4897 : 17;
	4898 : 37;
	4899 : 70;
	489A : 09;
	489B : 0A;
	489C : 09;
	489D : 88;
	489E : 8A;
	489F : 88;
	48A0 : 89;
	48A1 : 98;
	48A2 : 90;
	48A3 : A9;
	48A4 : 88;
	48A5 : 9B;
	48A6 : FF;
	48A7 : FA;
	48A8 : 00;
	48A9 : 00;
	48AA : 10;
	48AB : 11;
	48AC : 00;
	48AD : 11;
	48AE : 11;
	48AF : 01;
	48B0 : 01;
	48B1 : 11;
	48B2 : 12;
	48B3 : 01;
	48B4 : 27;
	48B5 : 77;
	48B6 : 20;
	48B7 : 98;
	48B8 : 89;
	48B9 : 09;
	48BA : 9A;
	48BB : 09;
	48BC : 98;
	48BD : A8;
	48BE : 9A;
	48BF : 89;
	48C0 : 99;
	48C1 : A8;
	48C2 : 99;
	48C3 : 9B;
	48C4 : FF;
	48C5 : FA;
	48C6 : 81;
	48C7 : 01;
	48C8 : 01;
	48C9 : 00;
	48CA : 11;
	48CB : 10;
	48CC : 10;
	48CD : 21;
	48CE : 11;
	48CF : 02;
	48D0 : 11;
	48D1 : 12;
	48D2 : 01;
	48D3 : 05;
	48D4 : 77;
	48D5 : 50;
	48D6 : 89;
	48D7 : 88;
	48D8 : 89;
	48D9 : 98;
	48DA : 89;
	48DB : 89;
	48DC : 89;
	48DD : 98;
	48DE : 89;
	48DF : A0;
	48E0 : 9A;
	48E1 : 99;
	48E2 : 88;
	48E3 : 99;
	48E4 : FB;
	48E5 : FF;
	48E6 : 90;
	48E7 : 10;
	48E8 : 00;
	48E9 : 10;
	48EA : 20;
	48EB : 00;
	48EC : 10;
	48ED : 11;
	48EE : 11;
	48EF : 02;
	48F0 : 01;
	48F1 : 10;
	48F2 : 11;
	48F3 : 18;
	48F4 : 27;
	48F5 : 77;
	48F6 : 01;
	48F7 : 98;
	48F8 : 98;
	48F9 : 89;
	48FA : 89;
	48FB : 09;
	48FC : 99;
	48FD : 89;
	48FE : 98;
	48FF : 9A;
	4900 : 7F;
	4901 : 98;
	4902 : 99;
	4903 : 09;
	4904 : 99;
	4905 : A0;
	4906 : 8D;
	4907 : FF;
	4908 : C8;
	4909 : 10;
	490A : 01;
	490B : 81;
	490C : 02;
	490D : 01;
	490E : 01;
	490F : 20;
	4910 : 11;
	4911 : 20;
	4912 : 12;
	4913 : 02;
	4914 : 01;
	4915 : 01;
	4916 : 10;
	4917 : 00;
	4918 : 02;
	4919 : 77;
	491A : 70;
	491B : 09;
	491C : 89;
	491D : 88;
	491E : 89;
	491F : 88;
	4920 : 99;
	4921 : 88;
	4922 : 89;
	4923 : 99;
	4924 : 89;
	4925 : 98;
	4926 : 98;
	4927 : 8C;
	4928 : 08;
	4929 : 0A;
	492A : A3;
	492B : FC;
	492C : FC;
	492D : 09;
	492E : 20;
	492F : 10;
	4930 : 12;
	4931 : 00;
	4932 : 11;
	4933 : 02;
	4934 : 02;
	4935 : 01;
	4936 : 20;
	4937 : 11;
	4938 : 10;
	4939 : 10;
	493A : 01;
	493B : 18;
	493C : 00;
	493D : 08;
	493E : 56;
	493F : 76;
	4940 : 88;
	4941 : 90;
	4942 : 98;
	4943 : 90;
	4944 : 89;
	4945 : 9B;
	4946 : 90;
	4947 : 89;
	4948 : 89;
	4949 : 88;
	494A : 90;
	494B : 90;
	494C : 89;
	494D : 08;
	494E : 09;
	494F : 00;
	4950 : 88;
	4951 : 90;
	4952 : 9F;
	4953 : FE;
	4954 : 00;
	4955 : 00;
	4956 : 01;
	4957 : 00;
	4958 : 10;
	4959 : 01;
	495A : 10;
	495B : 01;
	495C : 10;
	495D : 11;
	495E : 10;
	495F : 10;
	4960 : 10;
	4961 : 00;
	4962 : 00;
	4963 : 10;
	4964 : 08;
	4965 : 00;
	4966 : 01;
	4967 : 77;
	4968 : 50;
	4969 : 89;
	496A : 88;
	496B : 89;
	496C : 8A;
	496D : 88;
	496E : 8A;
	496F : 90;
	4970 : A8;
	4971 : B8;
	4972 : 89;
	4973 : 9B;
	4974 : 09;
	4975 : 0A;
	4976 : 80;
	4977 : 88;
	4978 : A0;
	4979 : 80;
	497A : 80;
	497B : 92;
	497C : ED;
	497D : FC;
	497E : 01;
	497F : 00;
	4980 : 7F;
	4981 : 18;
	4982 : 21;
	4983 : 00;
	4984 : 10;
	4985 : 12;
	4986 : 02;
	4987 : 77;
	4988 : 51;
	4989 : 09;
	498A : 89;
	498B : 88;
	498C : 8A;
	498D : FF;
	498E : 08;
	498F : 81;
	4990 : 80;
	4991 : 00;
	4992 : 03;
	4993 : 71;
	4994 : 80;
	4995 : 90;
	4996 : 98;
	4997 : 88;
	4998 : 8F;
	4999 : D0;
	499A : 00;
	499B : 08;
	499C : 00;
	499D : 18;
	499E : 37;
	499F : 18;
	49A0 : 09;
	49A1 : 09;
	49A2 : 88;
	49A3 : 09;
	49A4 : FC;
	49A5 : 08;
	49A6 : 01;
	49A7 : 81;
	49A8 : 81;
	49A9 : 02;
	49AA : 73;
	49AB : 90;
	49AC : 89;
	49AD : 88;
	49AE : 88;
	49AF : 8B;
	49B0 : FE;
	49B1 : 00;
	49B2 : 18;
	49B3 : 00;
	49B4 : 00;
	49B5 : 82;
	49B6 : 73;
	49B7 : 90;
	49B8 : 89;
	49B9 : 19;
	49BA : 88;
	49BB : 89;
	49BC : EF;
	49BD : 80;
	49BE : 00;
	49BF : 00;
	49C0 : 81;
	49C1 : 08;
	49C2 : 27;
	49C3 : 28;
	49C4 : 88;
	49C5 : 88;
	49C6 : 88;
	49C7 : 88;
	49C8 : 8B;
	49C9 : FC;
	49CA : 00;
	49CB : 18;
	49CC : 10;
	49CD : 00;
	49CE : 81;
	49CF : 47;
	49D0 : 28;
	49D1 : 09;
	49D2 : 88;
	49D3 : 89;
	49D4 : 88;
	49D5 : 9B;
	49D6 : FE;
	49D7 : 18;
	49D8 : 00;
	49D9 : 00;
	49DA : 00;
	49DB : 00;
	49DC : 37;
	49DD : 39;
	49DE : 89;
	49DF : 00;
	49E0 : 98;
	49E1 : 88;
	49E2 : 9C;
	49E3 : FC;
	49E4 : 18;
	49E5 : 18;
	49E6 : 00;
	49E7 : 01;
	49E8 : 81;
	49E9 : 27;
	49EA : 59;
	49EB : 19;
	49EC : 88;
	49ED : 08;
	49EE : 98;
	49EF : 88;
	49F0 : BF;
	49F1 : D1;
	49F2 : 81;
	49F3 : 80;
	49F4 : 00;
	49F5 : 00;
	49F6 : 10;
	49F7 : 75;
	49F8 : 80;
	49F9 : 89;
	49FA : 09;
	49FB : 08;
	49FC : AA;
	49FD : 08;
	49FE : ED;
	49FF : 01;
	4A00 : 7F;
	4A01 : 81;
	4A02 : 80;
	4A03 : 00;
	4A04 : 00;
	4A05 : 01;
	4A06 : 37;
	4A07 : 59;
	4A08 : 08;
	4A09 : 90;
	4A0A : 80;
	4A0B : 98;
	4A0C : 88;
	4A0D : 9E;
	4A0E : F0;
	4A0F : 80;
	4A10 : 08;
	4A11 : 10;
	4A12 : 00;
	4A13 : 00;
	4A14 : 03;
	4A15 : 73;
	4A16 : 88;
	4A17 : 88;
	4A18 : 89;
	4A19 : 89;
	4A1A : 09;
	4A1B : 8B;
	4A1C : DF;
	4A1D : B0;
	4A1E : 81;
	4A1F : 00;
	4A20 : 01;
	4A21 : 10;
	4A22 : 01;
	4A23 : 67;
	4A24 : 39;
	4A25 : 08;
	4A26 : 89;
	4A27 : 80;
	4A28 : 98;
	4A29 : 88;
	4A2A : 9C;
	4A2B : FD;
	4A2C : 80;
	4A2D : 01;
	4A2E : 81;
	4A2F : 81;
	4A30 : 00;
	4A31 : 00;
	4A32 : 22;
	4A33 : 76;
	4A34 : 80;
	4A35 : 88;
	4A36 : 88;
	4A37 : 89;
	4A38 : 88;
	4A39 : A9;
	4A3A : 9F;
	4A3B : F0;
	4A3C : 00;
	4A3D : 00;
	4A3E : 08;
	4A3F : 18;
	4A40 : 10;
	4A41 : 00;
	4A42 : 14;
	4A43 : 71;
	4A44 : 88;
	4A45 : 88;
	4A46 : 90;
	4A47 : 90;
	4A48 : 90;
	4A49 : 98;
	4A4A : 9B;
	4A4B : FF;
	4A4C : 08;
	4A4D : 18;
	4A4E : 00;
	4A4F : 18;
	4A50 : 01;
	4A51 : 80;
	4A52 : 03;
	4A53 : 77;
	4A54 : 88;
	4A55 : 09;
	4A56 : 08;
	4A57 : 89;
	4A58 : 80;
	4A59 : 89;
	4A5A : 89;
	4A5B : DF;
	4A5C : 80;
	4A5D : 00;
	4A5E : 81;
	4A5F : 08;
	4A60 : 10;
	4A61 : 00;
	4A62 : 00;
	4A63 : 56;
	4A64 : 38;
	4A65 : 09;
	4A66 : 80;
	4A67 : A8;
	4A68 : 89;
	4A69 : 99;
	4A6A : 09;
	4A6B : 0E;
	4A6C : DF;
	4A6D : 90;
	4A6E : 10;
	4A6F : 81;
	4A70 : 81;
	4A71 : 00;
	4A72 : 00;
	4A73 : 10;
	4A74 : 34;
	4A75 : 76;
	4A76 : 88;
	4A77 : 99;
	4A78 : 88;
	4A79 : 90;
	4A7A : 09;
	4A7B : 08;
	4A7C : 90;
	4A7D : 8C;
	4A7E : FC;
	4A7F : 28;
	4A80 : 7F;
	4A81 : 00;
	4A82 : 00;
	4A83 : 00;
	4A84 : 10;
	4A85 : 00;
	4A86 : 01;
	4A87 : 12;
	4A88 : 77;
	4A89 : 00;
	4A8A : 89;
	4A8B : 08;
	4A8C : 89;
	4A8D : 88;
	4A8E : 80;
	4A8F : A8;
	4A90 : 8A;
	4A91 : FF;
	4A92 : 90;
	4A93 : 01;
	4A94 : 80;
	4A95 : 01;
	4A96 : 00;
	4A97 : 00;
	4A98 : 00;
	4A99 : 11;
	4A9A : 77;
	4A9B : 18;
	4A9C : 09;
	4A9D : 09;
	4A9E : 09;
	4A9F : 88;
	4AA0 : 90;
	4AA1 : 99;
	4AA2 : 98;
	4AA3 : AF;
	4AA4 : F9;
	4AA5 : 08;
	4AA6 : 18;
	4AA7 : 18;
	4AA8 : 10;
	4AA9 : 10;
	4AAA : 01;
	4AAB : 01;
	4AAC : 82;
	4AAD : 67;
	4AAE : 58;
	4AAF : 88;
	4AB0 : 88;
	4AB1 : 88;
	4AB2 : 90;
	4AB3 : 98;
	4AB4 : B9;
	4AB5 : 80;
	4AB6 : 89;
	4AB7 : DF;
	4AB8 : C1;
	4AB9 : 81;
	4ABA : 00;
	4ABB : 00;
	4ABC : 18;
	4ABD : 20;
	4ABE : 00;
	4ABF : 01;
	4AC0 : 11;
	4AC1 : 45;
	4AC2 : 73;
	4AC3 : 19;
	4AC4 : A1;
	4AC5 : 98;
	4AC6 : 99;
	4AC7 : 9A;
	4AC8 : 0A;
	4AC9 : 89;
	4ACA : 88;
	4ACB : AE;
	4ACC : FD;
	4ACD : 08;
	4ACE : 01;
	4ACF : 81;
	4AD0 : 00;
	4AD1 : 10;
	4AD2 : 01;
	4AD3 : 81;
	4AD4 : 02;
	4AD5 : 04;
	4AD6 : 67;
	4AD7 : 39;
	4AD8 : 0A;
	4AD9 : 08;
	4ADA : 89;
	4ADB : A8;
	4ADC : 90;
	4ADD : 8A;
	4ADE : 89;
	4ADF : 89;
	4AE0 : BC;
	4AE1 : FF;
	4AE2 : 88;
	4AE3 : 00;
	4AE4 : 10;
	4AE5 : 00;
	4AE6 : 01;
	4AE7 : 01;
	4AE8 : 18;
	4AE9 : 11;
	4AEA : 10;
	4AEB : 27;
	4AEC : 74;
	4AED : 90;
	4AEE : 98;
	4AEF : 89;
	4AF0 : A0;
	4AF1 : 89;
	4AF2 : 88;
	4AF3 : 88;
	4AF4 : 89;
	4AF5 : 88;
	4AF6 : 8A;
	4AF7 : FF;
	4AF8 : 90;
	4AF9 : 81;
	4AFA : 00;
	4AFB : 10;
	4AFC : 01;
	4AFD : 01;
	4AFE : 10;
	4AFF : 10;
	4B00 : 7F;
	4B01 : 10;
	4B02 : 00;
	4B03 : 37;
	4B04 : 71;
	4B05 : 08;
	4B06 : 98;
	4B07 : 88;
	4B08 : 98;
	4B09 : 90;
	4B0A : A9;
	4B0B : 09;
	4B0C : 0B;
	4B0D : 09;
	4B0E : 0C;
	4B0F : FF;
	4B10 : 80;
	4B11 : 00;
	4B12 : 81;
	4B13 : 00;
	4B14 : 00;
	4B15 : 10;
	4B16 : 00;
	4B17 : 11;
	4B18 : 00;
	4B19 : 01;
	4B1A : 25;
	4B1B : 74;
	4B1C : 08;
	4B1D : 98;
	4B1E : 88;
	4B1F : A0;
	4B20 : 88;
	4B21 : AA;
	4B22 : 09;
	4B23 : 8A;
	4B24 : 88;
	4B25 : 08;
	4B26 : 9B;
	4B27 : FF;
	4B28 : 98;
	4B29 : 10;
	4B2A : 01;
	4B2B : 82;
	4B2C : 81;
	4B2D : 01;
	4B2E : 10;
	4B2F : 01;
	4B30 : 01;
	4B31 : 18;
	4B32 : 10;
	4B33 : 27;
	4B34 : 70;
	4B35 : 08;
	4B36 : 98;
	4B37 : 88;
	4B38 : 88;
	4B39 : 88;
	4B3A : 99;
	4B3B : 98;
	4B3C : 89;
	4B3D : A8;
	4B3E : 80;
	4B3F : 89;
	4B40 : 9F;
	4B41 : F8;
	4B42 : 81;
	4B43 : 00;
	4B44 : 18;
	4B45 : 10;
	4B46 : 00;
	4B47 : 11;
	4B48 : 00;
	4B49 : 01;
	4B4A : 01;
	4B4B : 00;
	4B4C : 00;
	4B4D : 37;
	4B4E : 70;
	4B4F : 88;
	4B50 : 88;
	4B51 : 98;
	4B52 : 88;
	4B53 : 88;
	4B54 : A8;
	4B55 : 90;
	4B56 : 98;
	4B57 : 89;
	4B58 : 89;
	4B59 : 09;
	4B5A : 8F;
	4B5B : F8;
	4B5C : 80;
	4B5D : 18;
	4B5E : 10;
	4B5F : 00;
	4B60 : 10;
	4B61 : 01;
	4B62 : 81;
	4B63 : 11;
	4B64 : 81;
	4B65 : 00;
	4B66 : 00;
	4B67 : 18;
	4B68 : 67;
	4B69 : 48;
	4B6A : 89;
	4B6B : A8;
	4B6C : 98;
	4B6D : 88;
	4B6E : 09;
	4B6F : 09;
	4B70 : 88;
	4B71 : 09;
	4B72 : 80;
	4B73 : 91;
	4B74 : A0;
	4B75 : 80;
	4B76 : 9C;
	4B77 : FE;
	4B78 : 18;
	4B79 : 10;
	4B7A : 00;
	4B7B : 00;
	4B7C : 00;
	4B7D : 01;
	4B7E : 00;
	4B7F : 01;
	4B80 : 7F;
	4B81 : 10;
	4B82 : 00;
	4B83 : 00;
	4B84 : 00;
	4B85 : 81;
	4B86 : 27;
	4B87 : 79;
	4B88 : 19;
	4B89 : 09;
	4B8A : 90;
	4B8B : 90;
	4B8C : 98;
	4B8D : 90;
	4B8E : 90;
	4B8F : 88;
	4B90 : 09;
	4B91 : 90;
	4B92 : 80;
	4B93 : B0;
	4B94 : 98;
	4B95 : FF;
	4B96 : 08;
	4B97 : 10;
	4B98 : 00;
	4B99 : 00;
	4B9A : 00;
	4B9B : 00;
	4B9C : 11;
	4B9D : 00;
	4B9E : 00;
	4B9F : 00;
	4BA0 : 00;
	4BA1 : 01;
	4BA2 : 00;
	4BA3 : 80;
	4BA4 : 37;
	4BA5 : 78;
	4BA6 : 09;
	4BA7 : 89;
	4BA8 : A0;
	4BA9 : 88;
	4BAA : 89;
	4BAB : 80;
	4BAC : 89;
	4BAD : 08;
	4BAE : 09;
	4BAF : 08;
	4BB0 : 08;
	4BB1 : 90;
	4BB2 : 88;
	4BB3 : 89;
	4BB4 : 0E;
	4BB5 : F8;
	4BB6 : 10;
	4BB7 : 08;
	4BB8 : 10;
	4BB9 : 00;
	4BBA : 01;
	4BBB : 10;
	4BBC : 00;
	4BBD : 00;
	4BBE : 00;
	4BBF : 01;
	4BC0 : 80;
	4BC1 : 00;
	4BC2 : 00;
	4BC3 : 80;
	4BC4 : 03;
	4BC5 : 75;
	4BC6 : 90;
	4BC7 : 88;
	4BC8 : 98;
	4BC9 : 98;
	4BCA : 89;
	4BCB : 09;
	4BCC : 8A;
	4BCD : 88;
	4BCE : 88;
	4BCF : 98;
	4BD0 : 00;
	4BD1 : 90;
	4BD2 : 08;
	4BD3 : 89;
	4BD4 : 00;
	4BD5 : AF;
	4BD6 : C8;
	4BD7 : 00;
	4BD8 : 00;
	4BD9 : 28;
	4BDA : 10;
	4BDB : 10;
	4BDC : 11;
	4BDD : 00;
	4BDE : 00;
	4BDF : 00;
	4BE0 : 00;
	4BE1 : 01;
	4BE2 : 80;
	4BE3 : 00;
	4BE4 : 08;
	4BE5 : 08;
	4BE6 : 01;
	4BE7 : 75;
	4BE8 : 88;
	4BE9 : 88;
	4BEA : 8A;
	4BEB : 88;
	4BEC : 08;
	4BED : 90;
	4BEE : 89;
	4BEF : 98;
	4BF0 : 08;
	4BF1 : 8A;
	4BF2 : 00;
	4BF3 : 89;
	4BF4 : 90;
	4BF5 : 81;
	4BF6 : 90;
	4BF7 : 80;
	4BF8 : 89;
	4BF9 : AF;
	4BFA : C1;
	4BFB : 81;
	4BFC : 10;
	4BFD : 00;
	4BFE : 11;
	4BFF : 00;
	4C00 : 7F;
	4C01 : 10;
	4C02 : 00;
	4C03 : 18;
	4C04 : 18;
	4C05 : 00;
	4C06 : 00;
	4C07 : 08;
	4C08 : 00;
	4C09 : 08;
	4C0A : 08;
	4C0B : 08;
	4C0C : 16;
	4C0D : 70;
	4C0E : 98;
	4C0F : 88;
	4C10 : 98;
	4C11 : 88;
	4C12 : 09;
	4C13 : 90;
	4C14 : 88;
	4C15 : A0;
	4C16 : 08;
	4C17 : 98;
	4C18 : 09;
	4C19 : 08;
	4C1A : 08;
	4C1B : 08;
	4C1C : A0;
	4C1D : 00;
	4C1E : 89;
	4C1F : 0A;
	4C20 : DF;
	4C21 : 00;
	4C22 : 00;
	4C23 : 01;
	4C24 : 81;
	4C25 : 00;
	4C26 : 10;
	4C27 : 00;
	4C28 : 10;
	4C29 : 00;
	4C2A : 00;
	4C2B : 00;
	4C2C : 80;
	4C2D : 00;
	4C2E : 08;
	4C2F : 00;
	4C30 : 80;
	4C31 : 80;
	4C32 : 08;
	4C33 : 80;
	4C34 : 17;
	4C35 : 39;
	4C36 : 00;
	4C37 : 9A;
	4C38 : 88;
	4C39 : 89;
	4C3A : A0;
	4C3B : 80;
	4C3C : 98;
	4C3D : 08;
	4C3E : 89;
	4C3F : 80;
	4C40 : 89;
	4C41 : 90;
	4C42 : 81;
	4C43 : 90;
	4C44 : 80;
	4C45 : 88;
	4C46 : 08;
	4C47 : 08;
	4C48 : 80;
	4C49 : FC;
	4C4A : 01;
	4C4B : 81;
	4C4C : 01;
	4C4D : 81;
	4C4E : 00;
	4C4F : 00;
	4C50 : 00;
	4C51 : 10;
	4C52 : 00;
	4C53 : 00;
	4C54 : 08;
	4C55 : 00;
	4C56 : 08;
	4C57 : 08;
	4C58 : 00;
	4C59 : 08;
	4C5A : 08;
	4C5B : 00;
	4C5C : 88;
	4C5D : 03;
	4C5E : 74;
	4C5F : 18;
	4C60 : 88;
	4C61 : A9;
	4C62 : 89;
	4C63 : BF;
	4C64 : F8;
	4C65 : 08;
	4C66 : 18;
	4C67 : 18;
	4C68 : 08;
	4C69 : 37;
	4C6A : 29;
	4C6B : 09;
	4C6C : 09;
	4C6D : 09;
	4C6E : 88;
	4C6F : FC;
	4C70 : 81;
	4C71 : 80;
	4C72 : 00;
	4C73 : 00;
	4C74 : 02;
	4C75 : 74;
	4C76 : A0;
	4C77 : 08;
	4C78 : 88;
	4C79 : 88;
	4C7A : 9E;
	4C7B : C0;
	4C7C : 08;
	4C7D : 18;
	4C7E : 10;
	4C7F : 00;
	4C80 : 7F;
	4C81 : 27;
	4C82 : 59;
	4C83 : 08;
	4C84 : 88;
	4C85 : 08;
	4C86 : 98;
	4C87 : CF;
	4C88 : 81;
	4C89 : 91;
	4C8A : 80;
	4C8B : 00;
	4C8C : 18;
	4C8D : 37;
	4C8E : 29;
	4C8F : 19;
	4C90 : 90;
	4C91 : 90;
	4C92 : 88;
	4C93 : AF;
	4C94 : E1;
	4C95 : 80;
	4C96 : 00;
	4C97 : 00;
	4C98 : 81;
	4C99 : 16;
	4C9A : 49;
	4C9B : 88;
	4C9C : 90;
	4C9D : 88;
	4C9E : 90;
	4C9F : 88;
	4CA0 : FD;
	4CA1 : 10;
	4CA2 : 08;
	4CA3 : 00;
	4CA4 : 00;
	4CA5 : 00;
	4CA6 : 16;
	4CA7 : 49;
	4CA8 : 08;
	4CA9 : 89;
	4CAA : 08;
	4CAB : 88;
	4CAC : 8B;
	4CAD : FC;
	4CAE : 00;
	4CAF : 00;
	4CB0 : 00;
	4CB1 : 01;
	4CB2 : 80;
	4CB3 : 47;
	4CB4 : 28;
	4CB5 : 88;
	4CB6 : 88;
	4CB7 : 89;
	4CB8 : 80;
	4CB9 : 9C;
	4CBA : FB;
	4CBB : 18;
	4CBC : 18;
	4CBD : 10;
	4CBE : 00;
	4CBF : 01;
	4CC0 : 67;
	4CC1 : 18;
	4CC2 : 89;
	4CC3 : 80;
	4CC4 : 88;
	4CC5 : 88;
	4CC6 : 8A;
	4CC7 : CF;
	4CC8 : A1;
	4CC9 : 00;
	4CCA : 81;
	4CCB : 00;
	4CCC : 01;
	4CCD : 03;
	4CCE : 77;
	4CCF : 80;
	4CD0 : 98;
	4CD1 : 88;
	4CD2 : 09;
	4CD3 : 88;
	4CD4 : 9A;
	4CD5 : FB;
	4CD6 : 28;
	4CD7 : 18;
	4CD8 : 01;
	4CD9 : 81;
	4CDA : 00;
	4CDB : 03;
	4CDC : 75;
	4CDD : 90;
	4CDE : 88;
	4CDF : 09;
	4CE0 : 88;
	4CE1 : 08;
	4CE2 : 89;
	4CE3 : FE;
	4CE4 : 81;
	4CE5 : 81;
	4CE6 : 81;
	4CE7 : 08;
	4CE8 : 18;
	4CE9 : 10;
	4CEA : 17;
	4CEB : 58;
	4CEC : 89;
	4CED : 80;
	4CEE : 89;
	4CEF : 80;
	4CF0 : 89;
	4CF1 : 9D;
	4CF2 : D9;
	4CF3 : 00;
	4CF4 : 00;
	4CF5 : 28;
	4CF6 : 01;
	4CF7 : 00;
	4CF8 : 03;
	4CF9 : 75;
	4CFA : 98;
	4CFB : 08;
	4CFC : 89;
	4CFD : 08;
	4CFE : 8A;
	4CFF : 88;
	4D00 : 7F;
	4D01 : CF;
	4D02 : A1;
	4D03 : 81;
	4D04 : 81;
	4D05 : 00;
	4D06 : 18;
	4D07 : 10;
	4D08 : 02;
	4D09 : 65;
	4D0A : 08;
	4D0B : 98;
	4D0C : 08;
	4D0D : 8A;
	4D0E : 08;
	4D0F : 09;
	4D10 : AC;
	4D11 : FA;
	4D12 : 00;
	4D13 : 00;
	4D14 : 10;
	4D15 : 10;
	4D16 : 00;
	4D17 : 00;
	4D18 : 16;
	4D19 : 50;
	4D1A : 90;
	4D1B : 90;
	4D1C : 80;
	4D1D : 9A;
	4D1E : 00;
	4D1F : 09;
	4D20 : 9B;
	4D21 : FA;
	4D22 : 00;
	4D23 : 18;
	4D24 : 10;
	4D25 : 01;
	4D26 : 00;
	4D27 : 00;
	4D28 : 01;
	4D29 : 74;
	4D2A : 88;
	4D2B : 90;
	4D2C : 89;
	4D2D : 19;
	4D2E : 88;
	4D2F : 89;
	4D30 : 98;
	4D31 : FB;
	4D32 : 88;
	4D33 : 01;
	4D34 : 10;
	4D35 : 00;
	4D36 : 00;
	4D37 : 01;
	4D38 : 00;
	4D39 : 47;
	4D3A : 29;
	4D3B : 0A;
	4D3C : 08;
	4D3D : 89;
	4D3E : 88;
	4D3F : 80;
	4D40 : B0;
	4D41 : 8B;
	4D42 : FA;
	4D43 : 18;
	4D44 : 18;
	4D45 : 10;
	4D46 : 00;
	4D47 : 01;
	4D48 : 00;
	4D49 : 00;
	4D4A : 37;
	4D4B : 3A;
	4D4C : 19;
	4D4D : 09;
	4D4E : 90;
	4D4F : 88;
	4D50 : 90;
	4D51 : 88;
	4D52 : 9C;
	4D53 : DD;
	4D54 : 01;
	4D55 : 81;
	4D56 : 80;
	4D57 : 11;
	4D58 : 81;
	4D59 : 08;
	4D5A : 10;
	4D5B : 00;
	4D5C : 37;
	4D5D : 29;
	4D5E : 09;
	4D5F : 09;
	4D60 : 88;
	4D61 : 90;
	4D62 : 8A;
	4D63 : 08;
	4D64 : 09;
	4D65 : AF;
	4D66 : A1;
	4D67 : 80;
	4D68 : 18;
	4D69 : 10;
	4D6A : 10;
	4D6B : 00;
	4D6C : 00;
	4D6D : 00;
	4D6E : 15;
	4D6F : 60;
	4D70 : 98;
	4D71 : 80;
	4D72 : 99;
	4D73 : 90;
	4D74 : 80;
	4D75 : 90;
	4D76 : 88;
	4D77 : 9E;
	4D78 : D0;
	4D79 : 18;
	4D7A : 08;
	4D7B : 10;
	4D7C : 01;
	4D7D : 00;
	4D7E : 00;
	4D7F : 00;
	4D80 : 7F;
	4D81 : 08;
	4D82 : 37;
	4D83 : 3A;
	4D84 : 08;
	4D85 : 90;
	4D86 : 90;
	4D87 : 90;
	4D88 : 99;
	4D89 : 08;
	4D8A : 88;
	4D8B : 88;
	4D8C : FC;
	4D8D : 08;
	4D8E : 01;
	4D8F : 00;
	4D90 : 00;
	4D91 : 00;
	4D92 : 01;
	4D93 : 18;
	4D94 : 00;
	4D95 : 00;
	4D96 : 37;
	4D97 : 08;
	4D98 : 89;
	4D99 : 08;
	4D9A : 09;
	4D9B : 80;
	4D9C : 80;
	4D9D : 90;
	4D9E : 80;
	4D9F : 89;
	4DA0 : 9F;
	4DA1 : B2;
	4DA2 : 00;
	4DA3 : 00;
	4DA4 : 00;
	4DA5 : 00;
	4DA6 : 00;
	4DA7 : 00;
	4DA8 : 08;
	4DA9 : 00;
	4DAA : 03;
	4DAB : 70;
	4DAC : 80;
	4DAD : A0;
	4DAE : 80;
	4DAF : 89;
	4DB0 : 80;
	4DB1 : 88;
	4DB2 : 88;
	4DB3 : 00;
	4DB4 : A8;
	4DB5 : DD;
	4DB6 : 18;
	4DB7 : 00;
	4DB8 : 00;
	4DB9 : 00;
	4DBA : 00;
	4DBB : 00;
	4DBC : 18;
	4DBD : 00;
	4DBE : 80;
	4DBF : 02;
	4DC0 : 71;
	4DC1 : 90;
	4DC2 : 90;
	4DC3 : 88;
	4DC4 : 88;
	4DC5 : 09;
	4DC6 : 8A;
	4DC7 : 98;
	4DC8 : 00;
	4DC9 : A0;
	4DCA : 09;
	4DCB : F8;
	4DCC : 18;
	4DCD : 00;
	4DCE : 00;
	4DCF : 10;
	4DD0 : 00;
	4DD1 : 00;
	4DD2 : 80;
	4DD3 : 00;
	4DD4 : 08;
	4DD5 : 08;
	4DD6 : 36;
	4DD7 : 19;
	4DD8 : 1A;
	4DD9 : 80;
	4DDA : 88;
	4DDB : 99;
	4DDC : 08;
	4DDD : 09;
	4DDE : 80;
	4DDF : 09;
	4DE0 : A0;
	4DE1 : 88;
	4DE2 : F9;
	4DE3 : 10;
	4DE4 : 00;
	4DE5 : 00;
	4DE6 : 00;
	4DE7 : 00;
	4DE8 : 00;
	4DE9 : 00;
	4DEA : 00;
	4DEB : 88;
	4DEC : 18;
	4DED : 16;
	4DEE : 2A;
	4DEF : 19;
	4DF0 : 90;
	4DF1 : 80;
	4DF2 : 98;
	4DF3 : 88;
	4DF4 : 08;
	4DF5 : 88;
	4DF6 : 08;
	4DF7 : A0;
	4DF8 : 00;
	4DF9 : BD;
	4DFA : 81;
	4DFB : 80;
	4DFC : 00;
	4DFD : 08;
	4DFE : 10;
	4DFF : 80;
	4E00 : 7F;
	4E01 : 01;
	4E02 : 80;
	4E03 : 08;
	4E04 : 00;
	4E05 : 80;
	4E06 : 05;
	4E07 : 3A;
	4E08 : 98;
	4E09 : 00;
	4E0A : 89;
	4E0B : 08;
	4E0C : 89;
	4E0D : 80;
	4E0E : 08;
	4E0F : 98;
	4E10 : 00;
	4E11 : 88;
	4E12 : 00;
	4E13 : 9D;
	4E14 : 91;
	4E15 : 00;
	4E16 : 00;
	4E17 : 00;
	4E18 : 80;
	4E19 : 00;
	4E1A : 08;
	4E1B : 00;
	4E1C : 00;
	4E1D : 80;
	4E1E : 80;
	4E1F : 80;
	4E20 : 25;
	4E21 : 8A;
	4E22 : 19;
	4E23 : 08;
	4E24 : 80;
	4E25 : 88;
	4E26 : 80;
	4E27 : 80;
	4E28 : 90;
	4E29 : 80;
	4E2A : 89;
	4E2B : 00;
	4E2C : 08;
	4E2D : CB;
	4E2E : 80;
	4E2F : 00;
	4E30 : 00;
	4E31 : 00;
	4E32 : 08;
	4E33 : 00;
	4E34 : 80;
	4E35 : 00;
	4E36 : 00;
	4E37 : 80;
	4E38 : 00;
	4E39 : 08;
	4E3A : 01;
	4E3B : 50;
	4E3C : 88;
	4E3D : A0;
	4E3E : 88;
	4E3F : 88;
	4E40 : 08;
	4E41 : 09;
	4E42 : 08;
	4E43 : 08;
	4E44 : 90;
	4E45 : 08;
	4E46 : 99;
	4E47 : 00;
	4E48 : 8A;
	4E49 : B8;
	4E4A : 00;
	4E4B : 00;
	4E4C : 18;
	4E4D : 00;
	4E4E : 00;
	4E4F : 80;
	4E50 : 00;
	4E51 : 08;
	4E52 : 00;
	4E53 : 00;
	4E54 : 88;
	4E55 : 00;
	4E56 : 80;
	4E57 : 25;
	4E58 : 0A;
	4E59 : 19;
	4E5A : 09;
	4E5B : 80;
	4E5C : 80;
	4E5D : A8;
	4E5E : 80;
	4E5F : 88;
	4E60 : 08;
	4E61 : 09;
	4E62 : 80;
	4E63 : 00;
	4E64 : 90;
	4E65 : 88;
	4E66 : D9;
	4E67 : 10;
	4E68 : 08;
	4E69 : 10;
	4E6A : 00;
	4E6B : 81;
	4E6C : 80;
	4E6D : 08;
	4E6E : 00;
	4E6F : 80;
	4E70 : 08;
	4E71 : 00;
	4E72 : 80;
	4E73 : 80;
	4E74 : 01;
	4E75 : 51;
	4E76 : 98;
	4E77 : 88;
	4E78 : 09;
	4E79 : 88;
	4E7A : 08;
	4E7B : 90;
	4E7C : 09;
	4E7D : 89;
	4E7E : 00;
	4E7F : 80;
	4E80 : 7F;
	4E81 : 00;
	4E82 : 80;
	4E83 : B8;
	4E84 : 00;
	4E85 : 9B;
	4E86 : 91;
	4E87 : 80;
	4E88 : 00;
	4E89 : 10;
	4E8A : 80;
	4E8B : 00;
	4E8C : 08;
	4E8D : 00;
	4E8E : 08;
	4E8F : 00;
	4E90 : 80;
	4E91 : 80;
	4E92 : 08;
	4E93 : 08;
	4E94 : 08;
	4E95 : 03;
	4E96 : 49;
	4E97 : 09;
	4E98 : 90;
	4E99 : 80;
	4E9A : 98;
	4E9B : 80;
	4E9C : 8A;
	4E9D : 18;
	4E9E : 08;
	4E9F : 00;
	4EA0 : 80;
	4EA1 : 91;
	4EA2 : 80;
	4EA3 : 90;
	4EA4 : 08;
	4EA5 : 0A;
	4EA6 : BA;
	4EA7 : 00;
	4EA8 : 00;
	4EA9 : 00;
	4EAA : 01;
	4EAB : 80;
	4EAC : 08;
	4EAD : 00;
	4EAE : 08;
	4EAF : 00;
	4EB0 : 80;
	4EB1 : 80;
	4EB2 : 80;
	4EB3 : 80;
	4EB4 : 08;
	4EB5 : 08;
	4EB6 : 00;
	4EB7 : 42;
	4EB8 : A0;
	4EB9 : 88;
	4EBA : 88;
	4EBB : 08;
	4EBC : 0A;
	4EBD : 00;
	4EBE : 09;
	4EBF : 90;
	4EC0 : 81;
	4EC1 : 90;
	4EC2 : 00;
	4EC3 : 8A;
	4EC4 : 00;
	4EC5 : 88;
	4EC6 : 80;
	4EC7 : 00;
	4EC8 : 99;
	4EC9 : AA;
	4ECA : 28;
	4ECB : 18;
	4ECC : 00;
	4ECD : 00;
	4ECE : 00;
	4ECF : 80;
	4ED0 : 80;
	4ED1 : 00;
	4ED2 : 00;
	4ED3 : 88;
	4ED4 : 08;
	4ED5 : 00;
	4ED6 : 80;
	4ED7 : 80;
	4ED8 : 80;
	4ED9 : 08;
	4EDA : 08;
	4EDB : 24;
	4EDC : 89;
	4EDD : 08;
	4EDE : 08;
	4EDF : 88;
	4EE0 : 08;
	4EE1 : 0B;
	4EE2 : 00;
	4EE3 : 09;
	4EE4 : 91;
	4EE5 : 80;
	4EE6 : A0;
	4EE7 : 00;
	4EE8 : 89;
	4EE9 : 18;
	4EEA : 19;
	4EEB : 08;
	4EEC : 00;
	4EED : 90;
	4EEE : C9;
	4EEF : 10;
	4EF0 : 00;
	4EF1 : 00;
	4EF2 : 08;
	4EF3 : 00;
	4EF4 : 80;
	4EF5 : 00;
	4EF6 : 80;
	4EF7 : 00;
	4EF8 : 80;
	4EF9 : 80;
	4EFA : 80;
	4EFB : 80;
	4EFC : 80;
	4EFD : 80;
	4EFE : 08;
	4EFF : 08;
	4F00 : 52;
	4F01 : 08;
	4F02 : 11;
	4F03 : 10;
	4F04 : 08;
	4F05 : 80;
	4F06 : 80;
	4F07 : 99;
	4F08 : 08;
	4F09 : 09;
	4F0A : 00;
	4F0B : 88;
	4F0C : 90;
	4F0D : 00;
	4F0E : 90;
	4F0F : 00;
	4F10 : 89;
	4F11 : 00;
	4F12 : 08;
	4F13 : 88;
	4F14 : 00;
	4F15 : 80;
	4F16 : 00;
	4F17 : BC;
	4F18 : 10;
	4F19 : 08;
	4F1A : 00;
	4F1B : 81;
	4F1C : 80;
	4F1D : 00;
	4F1E : 08;
	4F1F : 00;
	4F20 : 08;
	4F21 : 80;
	4F22 : 00;
	4F23 : 80;
	4F24 : 08;
	4F25 : 08;
	4F26 : 08;
	4F27 : 08;
	4F28 : 00;
	4F29 : 88;
	4F2A : 08;
	4F2B : 00;
	4F2C : 12;
	4F2D : 80;
	4F2E : 88;
	4F2F : 08;
	4F30 : 09;
	4F31 : 90;
	4F32 : 80;
	4F33 : A0;
	4F34 : 00;
	4F35 : 89;
	4F36 : 00;
	4F37 : 8A;
	4F38 : 91;
	4F39 : 80;
	4F3A : 81;
	4F3B : 80;
	4F3C : 08;
	4F3D : 00;
	4F3E : 08;
	4F3F : 00;
	4F40 : 80;
	4F41 : 80;
	4F42 : 80;
	4F43 : 80;
	4F44 : 80;
	4F45 : 08;
	4F46 : 08;
	4F47 : 08;
	4F48 : 08;
	4F49 : 08;
	4F4A : 08;
	4F4B : 08;
	4F4C : 08;
	4F4D : 08;
	4F4E : 08;
	4F4F : 08;
	4F50 : 08;
	4F51 : 08;
	4F52 : 08;
	4F53 : 00;
	4F54 : 00;
	4F55 : 00;
	4F56 : 00;
	4F57 : 00;
	4F58 : 00;
	4F59 : 00;
	4F5A : 00;
	4F5B : 00;
	4F5C : 00;
	4F5D : 00;
	4F5E : 00;
	4F5F : 00;
	4F60 : 7F;
	4F61 : 00;
	4F62 : 80;
	4F63 : 80;
	4F64 : 80;
	4F65 : 80;
	4F66 : 80;
	4F67 : 80;
	4F68 : 80;
	4F69 : 80;
	4F6A : 80;
	4F6B : 80;
	4F6C : 80;
	4F6D : 80;
	4F6E : 80;
	4F6F : 80;
	4F70 : 80;
	4F71 : 02;
	4F72 : 07;
	4F73 : 21;
	4F74 : 7C;
	4F75 : 79;
	4F76 : 07;
	4F77 : E3;
	4F78 : B2;
	4F79 : 0C;
	4F7A : 6C;
	4F7B : 3A;
	4F7C : 82;
	4F7D : C4;
	4F7E : B2;
	4F7F : 99;
	4F80 : 3D;
	4F81 : 3B;
	4F82 : 4B;
	4F83 : 39;
	4F84 : 83;
	4F85 : F3;
	4F86 : B4;
	4F87 : B2;
	4F88 : 90;
	4F89 : 8A;
	4F8A : 5C;
	4F8B : 4C;
	4F8C : 3A;
	4F8D : 2A;
	4F8E : 01;
	4F8F : A4;
	4F90 : C4;
	4F91 : C3;
	4F92 : 90;
	4F93 : 88;
	4F94 : 08;
	4F95 : 1A;
	4F96 : 2A;
	4F97 : 10;
	4F98 : 09;
	4F99 : 19;
	4F9A : 19;
	4F9B : 19;
	4F9C : 1A;
	4F9D : 3A;
	4F9E : 3C;
	4F9F : 2A;
	4FA0 : 4C;
	4FA1 : 2A;
	4FA2 : 4A;
	4FA3 : 2C;
	4FA4 : 3A;
	4FA5 : 2A;
	4FA6 : 4B;
	4FA7 : 11;
	4FA8 : B4;
	4FA9 : C3;
	4FAA : A1;
	4FAB : 90;
	4FAC : 08;
	4FAD : 1A;
	4FAE : 19;
	4FAF : 3B;
	4FB0 : 3A;
	4FB1 : 00;
	4FB2 : 93;
	4FB3 : B3;
	4FB4 : A4;
	4FB5 : B1;
	4FB6 : 90;
	4FB7 : 09;
	4FB8 : 28;
	4FB9 : 19;
	4FBA : F5;
	4FBB : B2;
	4FBC : 3F;
	4FBD : 3B;
	4FBE : 28;
	4FBF : 08;
	4FC0 : 09;
	4FC1 : 81;
	4FC2 : 82;
	4FC3 : A1;
	4FC4 : 91;
	4FC5 : 88;
	4FC6 : 00;
	4FC7 : 09;
	4FC8 : 00;
	4FC9 : 08;
	4FCA : 08;
	4FCB : 08;
	4FCC : 09;
	4FCD : 08;
	4FCE : A7;
	4FCF : A9;
	4FD0 : 4B;
	4FD1 : 4B;
	4FD2 : 29;
	4FD3 : 09;
	4FD4 : 08;
	4FD5 : 00;
	4FD6 : 80;
	4FD7 : 00;
	4FD8 : A0;
	4FD9 : 00;
	4FDA : 08;
	4FDB : 00;
	4FDC : 88;
	4FDD : 80;
	4FDE : 80;
	4FDF : 80;
	4FE0 : 7F;
	4FE1 : 88;
	4FE2 : 08;
	4FE3 : A6;
	4FE4 : 0D;
	4FE5 : 29;
	4FE6 : 29;
	4FE7 : 80;
	4FE8 : 00;
	4FE9 : 91;
	4FEA : 81;
	4FEB : 89;
	4FEC : 00;
	4FED : 88;
	4FEE : 00;
	4FEF : 00;
	4FF0 : 90;
	4FF1 : 80;
	4FF2 : 80;
	4FF3 : 80;
	4FF4 : 88;
	4FF5 : 08;
	4FF6 : 08;
	4FF7 : 0D;
	4FF8 : 33;
	4FF9 : C2;
	4FFA : 91;
	4FFB : 88;
	4FFC : 08;
	4FFD : 09;
	4FFE : 08;
	4FFF : 00;
	5000 : 80;
	5001 : 00;
	5002 : 89;
	5003 : 08;
	5004 : 00;
	5005 : 80;
	5006 : 80;
	5007 : 90;
	5008 : 00;
	5009 : 09;
	500A : 00;
	500B : 16;
	500C : AB;
	500D : 2A;
	500E : 00;
	500F : 80;
	5010 : 98;
	5011 : 00;
	5012 : 80;
	5013 : 00;
	5014 : 08;
	5015 : 00;
	5016 : 80;
	5017 : 90;
	5018 : 80;
	5019 : 08;
	501A : 00;
	501B : 90;
	501C : 08;
	501D : 00;
	501E : 80;
	501F : 81;
	5020 : B1;
	5021 : 19;
	5022 : 2B;
	5023 : 00;
	5024 : 09;
	5025 : 00;
	5026 : 08;
	5027 : 08;
	5028 : 00;
	5029 : 88;
	502A : 00;
	502B : 09;
	502C : 08;
	502D : 00;
	502E : 88;
	502F : 00;
	5030 : 88;
	5031 : 00;
	5032 : 88;
	5033 : 8F;
	5034 : FF;
	5035 : FB;
	5036 : 28;
	5037 : 11;
	5038 : 01;
	5039 : 10;
	503A : 01;
	503B : 11;
	503C : 11;
	503D : 11;
	503E : 11;
	503F : 10;
	5040 : 11;
	5041 : 12;
	5042 : 01;
	5043 : 11;
	5044 : 02;
	5045 : 10;
	5046 : 11;
	5047 : 00;
	5048 : 08;
	5049 : 08;
	504A : 00;
	504B : 80;
	504C : 88;
	504D : 88;
	504E : 09;
	504F : 88;
	5050 : 80;
	5051 : 99;
	5052 : 09;
	5053 : 88;
	5054 : 88;
	5055 : 98;
	5056 : 88;
	5057 : 98;
	5058 : 98;
	5059 : 09;
	505A : 88;
	505B : 89;
	505C : 88;
	505D : 88;
	505E : 98;
	505F : 08;
	5060 : 7F;
	5061 : 88;
	5062 : 98;
	5063 : 88;
	5064 : 08;
	5065 : 98;
	5066 : 88;
	5067 : 08;
	5068 : 89;
	5069 : 08;
	506A : 88;
	506B : 88;
	506C : 09;
	506D : 88;
	506E : 08;
	506F : 08;
	5070 : 80;
	5071 : 88;
	5072 : 09;
	5073 : 00;
	5074 : 90;
	5075 : 09;
	5076 : 80;
	5077 : 80;
	5078 : 88;
	5079 : 08;
	507A : 08;
	507B : 08;
	507C : 80;
	507D : 88;
	507E : 08;
	507F : 08;
	5080 : 08;
	5081 : 09;
	5082 : 80;
	5083 : 80;
	5084 : 88;
	5085 : 00;
	5086 : 47;
	5087 : 77;
	5088 : 1D;
	5089 : 76;
	508A : D9;
	508B : 40;
	508C : C9;
	508D : 41;
	508E : C8;
	508F : 38;
	5090 : C0;
	5091 : 38;
	5092 : C1;
	5093 : 49;
	5094 : C1;
	5095 : 3A;
	5096 : B2;
	5097 : 4A;
	5098 : B2;
	5099 : 5B;
	509A : B4;
	509B : 2C;
	509C : 94;
	509D : 0C;
	509E : 13;
	509F : AB;
	50A0 : 34;
	50A1 : CA;
	50A2 : 40;
	50A3 : B8;
	50A4 : 58;
	50A5 : B1;
	50A6 : 4A;
	50A7 : B3;
	50A8 : 3E;
	50A9 : 94;
	50AA : 0B;
	50AB : 85;
	50AC : 9B;
	50AD : 15;
	50AE : B9;
	50AF : 30;
	50B0 : C0;
	50B1 : 4A;
	50B2 : A4;
	50B3 : 1C;
	50B4 : 84;
	50B5 : 9C;
	50B6 : 32;
	50B7 : C8;
	50B8 : 49;
	50B9 : B3;
	50BA : 2D;
	50BB : 84;
	50BC : 9B;
	50BD : 23;
	50BE : C9;
	50BF : 58;
	50C0 : C1;
	50C1 : 3A;
	50C2 : A4;
	50C3 : 0D;
	50C4 : 22;
	50C5 : B9;
	50C6 : 59;
	50C7 : A3;
	50C8 : 0D;
	50C9 : 13;
	50CA : B9;
	50CB : 49;
	50CC : B4;
	50CD : 1C;
	50CE : 03;
	50CF : BA;
	50D0 : 68;
	50D1 : C3;
	50D2 : 2D;
	50D3 : 04;
	50D4 : BA;
	50D5 : 50;
	50D6 : D3;
	50D7 : 1C;
	50D8 : 03;
	50D9 : B8;
	50DA : 5A;
	50DB : A4;
	50DC : 8B;
	50DD : 40;
	50DE : C2;
	50DF : 1C;
	50E0 : 7F;
	50E1 : 13;
	50E2 : C8;
	50E3 : 4A;
	50E4 : 93;
	50E5 : 9C;
	50E6 : 48;
	50E7 : B4;
	50E8 : 0B;
	50E9 : 22;
	50EA : D0;
	50EB : 3C;
	50EC : 03;
	50ED : B8;
	50EE : 5B;
	50EF : 84;
	50F0 : B8;
	50F1 : 4A;
	50F2 : 95;
	50F3 : B8;
	50F4 : 4A;
	50F5 : 93;
	50F6 : B0;
	50F7 : 5B;
	50F8 : 84;
	50F9 : B9;
	50FA : 5A;
	50FB : 94;
	50FC : A9;
	50FD : 49;
	50FE : A3;
	50FF : A9;
	5100 : 5A;
	5101 : 84;
	5102 : C1;
	5103 : 1C;
	5104 : 30;
	5105 : C4;
	5106 : 9A;
	5107 : 4A;
	5108 : 83;
	5109 : C0;
	510A : 3D;
	510B : 12;
	510C : C2;
	510D : 0B;
	510E : 49;
	510F : A5;
	5110 : B0;
	5111 : 4B;
	5112 : 83;
	5113 : C2;
	5114 : 0B;
	5115 : 5A;
	5116 : 94;
	5117 : B1;
	5118 : 1B;
	5119 : 4A;
	511A : 84;
	511B : C2;
	511C : 8A;
	511D : 5A;
	511E : 82;
	511F : C2;
	5120 : 8A;
	5121 : 5B;
	5122 : 12;
	5123 : C2;
	5124 : 99;
	5125 : 5B;
	5126 : 21;
	5127 : D3;
	5128 : 99;
	5129 : 3C;
	512A : 39;
	512B : 94;
	512C : D3;
	512D : A0;
	512E : 2C;
	512F : 4B;
	5130 : 11;
	5131 : B5;
	5132 : B0;
	5133 : 1A;
	5134 : 5C;
	5135 : 20;
	5136 : A4;
	5137 : C2;
	5138 : 8A;
	5139 : 4B;
	513A : 4A;
	513B : 83;
	513C : D3;
	513D : A1;
	513E : 0B;
	513F : 5B;
	5140 : 29;
	5141 : 18;
	5142 : A4;
	5143 : C4;
	5144 : B2;
	5145 : 90;
	5146 : 1B;
	5147 : 6C;
	5148 : 3A;
	5149 : 18;
	514A : 93;
	514B : C4;
	514C : C2;
	514D : 80;
	514E : 0B;
	514F : 4C;
	5150 : 1A;
	5151 : 10;
	5152 : 92;
	5153 : 91;
	5154 : 81;
	5155 : 80;
	5156 : 88;
	5157 : 10;
	5158 : 18;
	5159 : 18;
	515A : 01;
	515B : 80;
	515C : 01;
	515D : 91;
	515E : 91;
	515F : 01;
	5160 : 7F;
	5161 : 80;
	5162 : 00;
	5163 : 08;
	5164 : 10;
	5165 : 80;
	5166 : 08;
	5167 : 18;
	5168 : 90;
	5169 : 09;
	516A : 08;
	516B : 88;
	516C : 90;
	516D : 88;
	516E : 88;
	516F : 98;
	5170 : 89;
	5171 : 88;
	5172 : 88;
	5173 : 98;
	5174 : 88;
	5175 : 98;
	5176 : 88;
	5177 : 98;
	5178 : 89;
	5179 : 08;
	517A : 90;
	517B : 88;
	517C : A0;
	517D : 88;
	517E : 88;
	517F : 90;
	5180 : 88;
	5181 : 88;
	5182 : 98;
	5183 : 08;
	5184 : 88;
	5185 : 08;
	5186 : 80;
	5187 : 98;
	5188 : 88;
	5189 : 08;
	518A : 80;
	518B : 88;
	518C : 80;
	518D : 98;
	518E : 08;
	518F : 08;
	5190 : 80;
	5191 : 88;
	5192 : 08;
	5193 : 08;
	5194 : 90;
	5195 : 09;
	5196 : 08;
	5197 : 08;
	5198 : 80;
	5199 : 80;
	519A : 80;
	519B : 80;
	519C : 88;
	519D : 88;
	519E : 00;
	519F : 90;
	51A0 : 80;
	51A1 : 08;
	51A2 : 08;
	51A3 : 09;
	51A4 : 00;
	51A5 : 08;
	51A6 : 08;
	51A7 : 08;
	51A8 : 09;
	51A9 : 08;
	51AA : 00;
	51AB : 80;
	51AC : 80;
	51AD : 80;
	51AE : 80;
	51AF : 80;
	51B0 : 80;
	51B1 : 80;
	51B2 : 80;
	51B3 : 80;
	51B4 : 80;
	51B5 : 80;
	51B6 : 80;
	51B7 : 80;
	51B8 : 80;
	51B9 : 80;
	51BA : 80;
	51BB : 80;
	51BC : 90;
	51BD : 08;
	51BE : 00;
	51BF : 80;
	51C0 : 88;
	51C1 : 00;
	51C2 : 80;
	51C3 : 80;
	51C4 : 80;
	51C5 : 80;
	51C6 : 80;
	51C7 : 80;
	51C8 : 88;
	51C9 : 08;
	51CA : 08;
	51CB : 00;
	51CC : 80;
	51CD : 80;
	51CE : 80;
	51CF : 88;
	51D0 : 00;
	51D1 : 80;
	51D2 : 80;
	51D3 : 80;
	51D4 : 80;
	51D5 : 80;
	51D6 : 88;
	51D7 : 00;
	51D8 : 80;
	51D9 : 80;
	51DA : 88;
	51DB : 08;
	51DC : 08;
	51DD : 08;
	51DE : 08;
	51DF : 08;
	51E0 : 7F;
	51E1 : 08;
	51E2 : 08;
	51E3 : 08;
	51E4 : 00;
	51E5 : 88;
	51E6 : 00;
	51E7 : 88;
	51E8 : 08;
	51E9 : 08;
	51EA : 08;
	51EB : 00;
	51EC : 88;
	51ED : 00;
	51EE : 80;
	51EF : 88;
	51F0 : 00;
	51F1 : 80;
	51F2 : 88;
	51F3 : 00;
	51F4 : 80;
	51F5 : 88;
	51F6 : 08;
	51F7 : 00;
	51F8 : 80;
	51F9 : 88;
	51FA : 00;
	51FB : 80;
	51FC : 80;
	51FD : 80;
	51FE : 88;
	51FF : 08;
	5200 : 08;
	5201 : 08;
	5202 : 81;
	5203 : 88;
	5204 : 81;
	5205 : 80;
	5206 : 80;
	5207 : 88;
	5208 : 81;
	5209 : 80;
	520A : 09;
	520B : 08;
	520C : 08;
	520D : 08;
	520E : 08;
	520F : 81;
	5210 : 80;
	5211 : 80;
	5212 : 80;
	5213 : 88;
	5214 : 80;
	5215 : 08;
	5216 : 80;
	5217 : 08;
	5218 : 80;
	5219 : 80;
	521A : 00;
	521B : 80;
	521C : 88;
	521D : 08;
	521E : 08;
	521F : 80;
	5220 : 80;
	5221 : 80;
	5222 : 08;
	5223 : 80;
	5224 : 80;
	5225 : 08;
	5226 : 08;
	5227 : 08;
	5228 : 80;
	5229 : 08;
	522A : 80;
	522B : 00;
	522C : 80;
	522D : 90;
	522E : 00;
	522F : 90;
	5230 : 08;
	5231 : 08;
	5232 : 00;
	5233 : 90;
	5234 : 00;
	5235 : 80;
	5236 : 80;
	5237 : 90;
	5238 : 08;
	5239 : 00;
	523A : 90;
	523B : 00;
	523C : 80;
	523D : 80;
	523E : 80;
	523F : 90;
	5240 : 00;
	5241 : 80;
	5242 : 90;
	5243 : 08;
	5244 : 10;
	5245 : 82;
	5246 : 40;
	5247 : 05;
	5248 : 77;
	5249 : 73;
	524A : FC;
	524B : 10;
	524C : 51;
	524D : A8;
	524E : E8;
	524F : 01;
	5250 : 48;
	5251 : 89;
	5252 : C8;
	5253 : 11;
	5254 : 58;
	5255 : 8A;
	5256 : B0;
	5257 : 83;
	5258 : 68;
	5259 : 8B;
	525A : C1;
	525B : 05;
	525C : 19;
	525D : 9C;
	525E : 00;
	525F : 15;
	5260 : 7F;
	5261 : 98;
	5262 : 9B;
	5263 : 00;
	5264 : 61;
	5265 : 98;
	5266 : C8;
	5267 : 01;
	5268 : 58;
	5269 : 8A;
	526A : B0;
	526B : 14;
	526C : 28;
	526D : AE;
	526E : 81;
	526F : 14;
	5270 : 88;
	5271 : BC;
	5272 : 11;
	5273 : 68;
	5274 : 8A;
	5275 : B1;
	5276 : 14;
	5277 : 19;
	5278 : 9E;
	5279 : 00;
	527A : 33;
	527B : A9;
	527C : D8;
	527D : 11;
	527E : 68;
	527F : 9A;
	5280 : A1;
	5281 : 15;
	5282 : 09;
	5283 : BA;
	5284 : 12;
	5285 : 58;
	5286 : 9C;
	5287 : A2;
	5288 : 25;
	5289 : 88;
	528A : CA;
	528B : 21;
	528C : 48;
	528D : 9C;
	528E : A3;
	528F : 25;
	5290 : 99;
	5291 : C9;
	5292 : 22;
	5293 : 49;
	5294 : 9D;
	5295 : 81;
	5296 : 32;
	5297 : 9A;
	5298 : E0;
	5299 : 23;
	529A : 0A;
	529B : BC;
	529C : 22;
	529D : 68;
	529E : AB;
	529F : 93;
	52A0 : 42;
	52A1 : AB;
	52A2 : D1;
	52A3 : 23;
	52A4 : 1B;
	52A5 : CB;
	52A6 : 33;
	52A7 : 69;
	52A8 : AC;
	52A9 : 02;
	52AA : 32;
	52AB : BC;
	52AC : B2;
	52AD : 52;
	52AE : 9C;
	52AF : A0;
	52B0 : 35;
	52B1 : 8B;
	52B2 : B9;
	52B3 : 44;
	52B4 : 0A;
	52B5 : BA;
	52B6 : 35;
	52B7 : 29;
	52B8 : DA;
	52B9 : 13;
	52BA : 38;
	52BB : CB;
	52BC : 95;
	52BD : 21;
	52BE : BC;
	52BF : 93;
	52C0 : 41;
	52C1 : BC;
	52C2 : 93;
	52C3 : 41;
	52C4 : BC;
	52C5 : 93;
	52C6 : 41;
	52C7 : BC;
	52C8 : 93;
	52C9 : 41;
	52CA : BC;
	52CB : 93;
	52CC : 41;
	52CD : BC;
	52CE : 93;
	52CF : 41;
	52D0 : BC;
	52D1 : 93;
	52D2 : 41;
	52D3 : CA;
	52D4 : 83;
	52D5 : 48;
	52D6 : CA;
	52D7 : 05;
	52D8 : 19;
	52D9 : BA;
	52DA : 25;
	52DB : 1B;
	52DC : B9;
	52DD : 43;
	52DE : 0C;
	52DF : B0;
	52E0 : 7F;
	52E1 : 43;
	52E2 : 9C;
	52E3 : A1;
	52E4 : 51;
	52E5 : AB;
	52E6 : 93;
	52E7 : 50;
	52E8 : CA;
	52E9 : 04;
	52EA : 2A;
	52EB : C9;
	52EC : 34;
	52ED : 8C;
	52EE : 91;
	52EF : 40;
	52F0 : AB;
	52F1 : 85;
	52F2 : 18;
	52F3 : BA;
	52F4 : 25;
	52F5 : 0B;
	52F6 : B0;
	52F7 : 52;
	52F8 : AC;
	52F9 : 83;
	52FA : 39;
	52FB : CA;
	52FC : 16;
	52FD : 0B;
	52FE : A1;
	52FF : 50;
	5300 : BA;
	5301 : 14;
	5302 : 1C;
	5303 : A1;
	5304 : 32;
	5305 : BD;
	5306 : 04;
	5307 : 1A;
	5308 : B8;
	5309 : 51;
	530A : 9C;
	530B : 84;
	530C : 19;
	530D : B8;
	530E : 34;
	530F : AC;
	5310 : 90;
	5311 : 12;
	5312 : 08;
	5313 : 9B;
	5314 : 11;
	5315 : 24;
	5316 : 88;
	5317 : C9;
	5318 : 00;
	5319 : 43;
	531A : 98;
	531B : CB;
	531C : 28;
	531D : 61;
	531E : 88;
	531F : D9;
	5320 : 10;
	5321 : 50;
	5322 : 88;
	5323 : C8;
	5324 : 01;
	5325 : 48;
	5326 : 8A;
	5327 : C0;
	5328 : 14;
	5329 : 2A;
	532A : 8D;
	532B : 80;
	532C : 14;
	532D : 08;
	532E : AD;
	532F : 00;
	5330 : 33;
	5331 : 98;
	5332 : E9;
	5333 : 10;
	5334 : 50;
	5335 : 8A;
	5336 : C0;
	5337 : 02;
	5338 : 48;
	5339 : 9C;
	533A : 91;
	533B : 16;
	533C : 89;
	533D : AA;
	533E : 11;
	533F : 50;
	5340 : 9A;
	5341 : C1;
	5342 : 04;
	5343 : 19;
	5344 : 9D;
	5345 : 00;
	5346 : 33;
	5347 : 99;
	5348 : F8;
	5349 : 11;
	534A : 49;
	534B : 8B;
	534C : A1;
	534D : 16;
	534E : 09;
	534F : BA;
	5350 : 21;
	5351 : 68;
	5352 : 9B;
	5353 : A2;
	5354 : 16;
	5355 : 89;
	5356 : B9;
	5357 : 13;
	5358 : 59;
	5359 : 9C;
	535A : 92;
	535B : 24;
	535C : 99;
	535D : D8;
	535E : 13;
	535F : 39;
	5360 : 7F;
	5361 : AE;
	5362 : 82;
	5363 : 22;
	5364 : AA;
	5365 : E1;
	5366 : 22;
	5367 : 1B;
	5368 : BC;
	5369 : 34;
	536A : 3A;
	536B : BC;
	536C : 83;
	536D : 42;
	536E : CA;
	536F : B3;
	5370 : 25;
	5371 : 0B;
	5372 : D9;
	5373 : 32;
	5374 : 3A;
	5375 : AF;
	5376 : 12;
	5377 : 28;
	5378 : AB;
	5379 : A4;
	537A : 32;
	537B : BD;
	537C : A3;
	537D : 33;
	537E : 9E;
	537F : B1;
	5380 : 35;
	5381 : 8B;
	5382 : B8;
	5383 : 43;
	5384 : 0A;
	5385 : CA;
	5386 : 24;
	5387 : 3A;
	5388 : CB;
	5389 : 14;
	538A : 48;
	538B : CB;
	538C : 13;
	538D : 30;
	538E : EA;
	538F : 04;
	5390 : 28;
	5391 : CA;
	5392 : 04;
	5393 : 28;
	5394 : CA;
	5395 : 03;
	5396 : 49;
	5397 : BB;
	5398 : 14;
	5399 : 39;
	539A : CB;
	539B : 14;
	539C : 39;
	539D : CB;
	539E : 15;
	539F : 29;
	53A0 : C9;
	53A1 : 14;
	53A2 : 1A;
	53A3 : D8;
	53A4 : 23;
	53A5 : 0B;
	53A6 : C0;
	53A7 : 34;
	53A8 : 9B;
	53A9 : A1;
	53AA : 51;
	53AB : AB;
	53AC : A3;
	53AD : 60;
	53AE : AC;
	53AF : 83;
	53B0 : 30;
	53B1 : CB;
	53B2 : 14;
	53B3 : 2B;
	53B4 : C8;
	53B5 : 34;
	53B6 : 8C;
	53B7 : A2;
	53B8 : 40;
	53B9 : BB;
	53BA : 05;
	53BB : 2A;
	53BC : C9;
	53BD : 34;
	53BE : 0C;
	53BF : A0;
	53C0 : 51;
	53C1 : AB;
	53C2 : 83;
	53C3 : 48;
	53C4 : D9;
	53C5 : 13;
	53C6 : 1B;
	53C7 : B1;
	53C8 : 51;
	53C9 : BC;
	53CA : 14;
	53CB : 1B;
	53CC : B0;
	53CD : 51;
	53CE : AC;
	53CF : 04;
	53D0 : 1A;
	53D1 : B8;
	53D2 : 42;
	53D3 : 9C;
	53D4 : 93;
	53D5 : 49;
	53D6 : C9;
	53D7 : 33;
	53D8 : 9C;
	53D9 : 90;
	53DA : 00;
	53DB : 08;
	53DC : 00;
	53DD : 00;
	53DE : 00;
	53DF : 00;
	53E0 : 18;
	53E1 : 80;
	53E2 : 00;
	53E3 : 00;
	53E4 : 08;
	53E5 : 00;
	53E6 : 08;
	53E7 : 00;
	53E8 : 08;
	53E9 : 08;
	53EA : 08;
	53EB : 08;
	53EC : 08;
	53ED : 08;
	53EE : 80;
	53EF : 88;
	53F0 : 80;
	53F1 : 88;
	53F2 : 08;
	53F3 : 08;
	53F4 : 80;
	53F5 : 80;
	53F6 : 80;
	53F7 : 80;
	53F8 : 80;
	53F9 : 00;
	53FA : 00;
	53FB : 00;
	53FC : 00;
	53FD : 00;
	53FE : 00;
	53FF : 00;
	5400 : 7F;
	5401 : 00;
	5402 : 80;
	5403 : 80;
	5404 : 80;
	5405 : 80;
	5406 : 80;
	5407 : 80;
	5408 : 80;
	5409 : 80;
	540A : 80;
	540B : 80;
	540C : 80;
	540D : 80;
	540E : 80;
	540F : 80;
	5410 : 80;
	5411 : 80;
	5412 : 80;
	5413 : 9A;
	5414 : 91;
	5415 : 19;
	5416 : DC;
	5417 : 23;
	5418 : 32;
	5419 : F1;
	541A : 21;
	541B : 38;
	541C : 2D;
	541D : 97;
	541E : 0B;
	541F : C2;
	5420 : 79;
	5421 : D9;
	5422 : 86;
	5423 : 21;
	5424 : 8D;
	5425 : 80;
	5426 : 9C;
	5427 : D0;
	5428 : 34;
	5429 : 1A;
	542A : 81;
	542B : 02;
	542C : 29;
	542D : 02;
	542E : F8;
	542F : 40;
	5430 : 99;
	5431 : CB;
	5432 : 03;
	5433 : 90;
	5434 : 9A;
	5435 : 80;
	5436 : 74;
	5437 : 98;
	5438 : 10;
	5439 : 92;
	543A : 9D;
	543B : C1;
	543C : 91;
	543D : 33;
	543E : 3D;
	543F : 88;
	5440 : 9A;
	5441 : A9;
	5442 : 05;
	5443 : 62;
	5444 : 98;
	5445 : 88;
	5446 : 3A;
	5447 : 2C;
	5448 : E9;
	5449 : 12;
	544A : 01;
	544B : B9;
	544C : 62;
	544D : B9;
	544E : 93;
	544F : 09;
	5450 : BF;
	5451 : A3;
	5452 : 61;
	5453 : 9B;
	5454 : 98;
	5455 : 12;
	5456 : 91;
	5457 : 25;
	5458 : 49;
	5459 : AB;
	545A : F8;
	545B : 13;
	545C : 28;
	545D : 9B;
	545E : A2;
	545F : 03;
	5460 : 61;
	5461 : AF;
	5462 : 01;
	5463 : 12;
	5464 : CC;
	5465 : 82;
	5466 : 31;
	5467 : AA;
	5468 : 08;
	5469 : 3C;
	546A : D9;
	546B : 07;
	546C : 01;
	546D : 0A;
	546E : 18;
	546F : 21;
	5470 : DA;
	5471 : A0;
	5472 : 3B;
	5473 : 16;
	5474 : 99;
	5475 : 90;
	5476 : BA;
	5477 : 53;
	5478 : 00;
	5479 : 98;
	547A : 3D;
	547B : 07;
	547C : 48;
	547D : 99;
	547E : CC;
	547F : 82;
	5480 : 7F;
	5481 : 18;
	5482 : 03;
	5483 : 49;
	5484 : BA;
	5485 : D0;
	5486 : 13;
	5487 : 81;
	5488 : 69;
	5489 : 80;
	548A : C0;
	548B : 81;
	548C : 3E;
	548D : 40;
	548E : A0;
	548F : BB;
	5490 : 82;
	5491 : 04;
	5492 : 29;
	5493 : 98;
	5494 : 2B;
	5495 : 88;
	5496 : 34;
	5497 : 68;
	5498 : B5;
	5499 : AB;
	549A : 8A;
	549B : 08;
	549C : 62;
	549D : C0;
	549E : 48;
	549F : B8;
	54A0 : 08;
	54A1 : 9B;
	54A2 : 87;
	54A3 : 09;
	54A4 : 09;
	54A5 : C1;
	54A6 : 13;
	54A7 : 2B;
	54A8 : 70;
	54A9 : C0;
	54AA : 28;
	54AB : 0B;
	54AC : D1;
	54AD : 09;
	54AE : 32;
	54AF : D0;
	54B0 : 68;
	54B1 : 00;
	54B2 : 9A;
	54B3 : A3;
	54B4 : 0C;
	54B5 : 04;
	54B6 : 9A;
	54B7 : 90;
	54B8 : 52;
	54B9 : 0A;
	54BA : 8B;
	54BB : 28;
	54BC : D3;
	54BD : 83;
	54BE : 48;
	54BF : C9;
	54C0 : 39;
	54C1 : AB;
	54C2 : E8;
	54C3 : 40;
	54C4 : 91;
	54C5 : F2;
	54C6 : 2A;
	54C7 : A1;
	54C8 : 10;
	54C9 : 21;
	54CA : 50;
	54CB : 1B;
	54CC : CA;
	54CD : 14;
	54CE : C0;
	54CF : 21;
	54D0 : CB;
	54D1 : 23;
	54D2 : A9;
	54D3 : 4C;
	54D4 : 81;
	54D5 : 41;
	54D6 : A0;
	54D7 : B2;
	54D8 : 49;
	54D9 : A0;
	54DA : 13;
	54DB : E1;
	54DC : 1F;
	54DD : 22;
	54DE : 9A;
	54DF : AA;
	54E0 : A0;
	54E1 : 71;
	54E2 : 09;
	54E3 : B1;
	54E4 : C9;
	54E5 : 42;
	54E6 : 39;
	54E7 : C1;
	54E8 : 10;
	54E9 : 29;
	54EA : A3;
	54EB : 09;
	54EC : D9;
	54ED : 90;
	54EE : 2C;
	54EF : C3;
	54F0 : 41;
	54F1 : 68;
	54F2 : D8;
	54F3 : 23;
	54F4 : 8D;
	54F5 : A0;
	54F6 : 12;
	54F7 : 40;
	54F8 : A0;
	54F9 : AE;
	54FA : A1;
	54FB : 14;
	54FC : 20;
	54FD : 8A;
	54FE : 8C;
	54FF : D8;
	5500 : 7F;
	5501 : 02;
	5502 : 52;
	5503 : 89;
	5504 : 9D;
	5505 : 81;
	5506 : 01;
	5507 : 09;
	5508 : 96;
	5509 : 19;
	550A : 98;
	550B : 18;
	550C : A9;
	550D : 02;
	550E : 41;
	550F : D1;
	5510 : 18;
	5511 : 68;
	5512 : 98;
	5513 : D8;
	5514 : 09;
	5515 : A3;
	5516 : 4B;
	5517 : A9;
	5518 : 37;
	5519 : 9A;
	551A : 82;
	551B : 52;
	551C : AB;
	551D : 01;
	551E : 18;
	551F : 9B;
	5520 : DB;
	5521 : 93;
	5522 : 41;
	5523 : 15;
	5524 : 89;
	5525 : 9C;
	5526 : 88;
	5527 : 13;
	5528 : 41;
	5529 : 9A;
	552A : 93;
	552B : 81;
	552C : FB;
	552D : B3;
	552E : 58;
	552F : 93;
	5530 : 8C;
	5531 : 89;
	5532 : 22;
	5533 : 15;
	5534 : 28;
	5535 : A1;
	5536 : A0;
	5537 : 09;
	5538 : 58;
	5539 : 0E;
	553A : 91;
	553B : DB;
	553C : 88;
	553D : 35;
	553E : 0A;
	553F : 90;
	5540 : 96;
	5541 : 02;
	5542 : 9C;
	5543 : 89;
	5544 : 31;
	5545 : 0B;
	5546 : C4;
	5547 : 02;
	5548 : C9;
	5549 : 71;
	554A : 8A;
	554B : 81;
	554C : AD;
	554D : 11;
	554E : 48;
	554F : 81;
	5550 : C9;
	5551 : A8;
	5552 : 21;
	5553 : 22;
	5554 : 2A;
	5555 : 36;
	5556 : 0F;
	5557 : 81;
	5558 : 80;
	5559 : 80;
	555A : A0;
	555B : 38;
	555C : 8B;
	555D : B2;
	555E : EC;
	555F : 15;
	5560 : 30;
	5561 : 9A;
	5562 : 80;
	5563 : DB;
	5564 : 28;
	5565 : A3;
	5566 : 60;
	5567 : C0;
	5568 : 1A;
	5569 : 53;
	556A : 10;
	556B : 8F;
	556C : 92;
	556D : 01;
	556E : 99;
	556F : 0A;
	5570 : AD;
	5571 : 18;
	5572 : 92;
	5573 : 36;
	5574 : 10;
	5575 : BB;
	5576 : A3;
	5577 : 13;
	5578 : 36;
	5579 : 0B;
	557A : 29;
	557B : C8;
	557C : 1C;
	557D : A4;
	557E : 3C;
	557F : B1;
	5580 : 7F;
	5581 : DB;
	5582 : 35;
	5583 : 40;
	5584 : AA;
	5585 : A0;
	5586 : 81;
	5587 : 02;
	5588 : 3F;
	5589 : 01;
	558A : 82;
	558B : 41;
	558C : 09;
	558D : 9B;
	558E : CA;
	558F : AD;
	5590 : 24;
	5591 : 2B;
	5592 : C0;
	5593 : 00;
	5594 : 55;
	5595 : 1A;
	5596 : 9B;
	5597 : A2;
	5598 : 31;
	5599 : 88;
	559A : BF;
	559B : A1;
	559C : 43;
	559D : 89;
	559E : A9;
	559F : 81;
	55A0 : 22;
	55A1 : 2B;
	55A2 : 17;
	55A3 : 2B;
	55A4 : C2;
	55A5 : 88;
	55A6 : 1B;
	55A7 : B8;
	55A8 : 43;
	55A9 : A9;
	55AA : BF;
	55AB : C1;
	55AC : 41;
	55AD : 99;
	55AE : A2;
	55AF : 62;
	55B0 : 80;
	55B1 : 18;
	55B2 : AA;
	55B3 : 9F;
	55B4 : A3;
	55B5 : 0A;
	55B6 : 48;
	55B7 : D1;
	55B8 : 21;
	55B9 : 85;
	55BA : 8C;
	55BB : 21;
	55BC : 0B;
	55BD : 80;
	55BE : E2;
	55BF : 00;
	55C0 : 11;
	55C1 : BC;
	55C2 : 39;
	55C3 : AD;
	55C4 : 11;
	55C5 : 25;
	55C6 : A1;
	55C7 : 3F;
	55C8 : 92;
	55C9 : 89;
	55CA : 33;
	55CB : 9C;
	55CC : 30;
	55CD : B3;
	55CE : 9F;
	55CF : 38;
	55D0 : C9;
	55D1 : 28;
	55D2 : 82;
	55D3 : 21;
	55D4 : 99;
	55D5 : 2A;
	55D6 : A4;
	55D7 : 6B;
	55D8 : D2;
	55D9 : 1B;
	55DA : 04;
	55DB : A9;
	55DC : 9A;
	55DD : 04;
	55DE : 2A;
	55DF : 33;
	55E0 : E2;
	55E1 : 39;
	55E2 : 20;
	55E3 : C9;
	55E4 : 3A;
	55E5 : C8;
	55E6 : 1A;
	55E7 : B0;
	55E8 : DA;
	55E9 : 07;
	55EA : 3B;
	55EB : E0;
	55EC : 31;
	55ED : 81;
	55EE : C0;
	55EF : 38;
	55F0 : 19;
	55F1 : 1A;
	55F2 : 37;
	55F3 : AD;
	55F4 : 83;
	55F5 : A9;
	55F6 : 02;
	55F7 : 0B;
	55F8 : 52;
	55F9 : 90;
	55FA : 3B;
	55FB : F1;
	55FC : 29;
	55FD : B1;
	55FE : 1A;
	55FF : 99;
	5600 : 7F;
	5601 : 29;
	5602 : BA;
	5603 : 09;
	5604 : 44;
	5605 : 55;
	5606 : 19;
	5607 : C0;
	5608 : 8A;
	5609 : 02;
	560A : 98;
	560B : B9;
	560C : 71;
	560D : 2D;
	560E : 83;
	560F : 80;
	5610 : A9;
	5611 : A1;
	5612 : 88;
	5613 : 73;
	5614 : AA;
	5615 : 0F;
	5616 : 03;
	5617 : A1;
	5618 : 13;
	5619 : D8;
	561A : 1C;
	561B : 92;
	561C : 58;
	561D : 88;
	561E : C8;
	561F : 20;
	5620 : 80;
	5621 : 92;
	5622 : 48;
	5623 : BB;
	5624 : 8A;
	5625 : 5A;
	5626 : 16;
	5627 : B1;
	5628 : 13;
	5629 : 8C;
	562A : 8B;
	562B : 62;
	562C : 8C;
	562D : 28;
	562E : D1;
	562F : 20;
	5630 : A2;
	5631 : 0D;
	5632 : 91;
	5633 : 11;
	5634 : 21;
	5635 : 2B;
	5636 : DC;
	5637 : 12;
	5638 : 38;
	5639 : C1;
	563A : C0;
	563B : 0D;
	563C : 92;
	563D : 0B;
	563E : 44;
	563F : 9B;
	5640 : 18;
	5641 : 33;
	5642 : 91;
	5643 : F9;
	5644 : 26;
	5645 : 8A;
	5646 : 11;
	5647 : 3A;
	5648 : CA;
	5649 : 09;
	564A : 15;
	564B : 29;
	564C : 99;
	564D : B3;
	564E : A1;
	564F : 16;
	5650 : 99;
	5651 : 4C;
	5652 : AB;
	5653 : 11;
	5654 : 80;
	5655 : E1;
	5656 : 20;
	5657 : A8;
	5658 : 48;
	5659 : B5;
	565A : 38;
	565B : 08;
	565C : 81;
	565D : 59;
	565E : B0;
	565F : 09;
	5660 : AD;
	5661 : 28;
	5662 : E5;
	5663 : 8A;
	5664 : 92;
	5665 : AD;
	5666 : 12;
	5667 : 01;
	5668 : 78;
	5669 : B1;
	566A : 18;
	566B : 80;
	566C : 8A;
	566D : 52;
	566E : A9;
	566F : 8A;
	5670 : B3;
	5671 : 10;
	5672 : 24;
	5673 : 12;
	5674 : 9F;
	5675 : A5;
	5676 : 0A;
	5677 : 21;
	5678 : C8;
	5679 : B9;
	567A : A8;
	567B : AD;
	567C : 83;
	567D : 3A;
	567E : 84;
	567F : 50;
	5680 : 7F;
	5681 : 9B;
	5682 : 04;
	5683 : 38;
	5684 : 96;
	5685 : C8;
	5686 : 81;
	5687 : 2B;
	5688 : 02;
	5689 : 03;
	568A : 41;
	568B : 08;
	568C : 3E;
	568D : A0;
	568E : DC;
	568F : 84;
	5690 : 2A;
	5691 : B8;
	5692 : 51;
	5693 : CB;
	5694 : 31;
	5695 : E8;
	5696 : 21;
	5697 : 93;
	5698 : 0B;
	5699 : 04;
	569A : A8;
	569B : 58;
	569C : 00;
	569D : 88;
	569E : 0A;
	569F : F1;
	56A0 : 19;
	56A1 : 23;
	56A2 : 8E;
	56A3 : B8;
	56A4 : 01;
	56A5 : 38;
	56A6 : 11;
	56A7 : 0A;
	56A8 : CB;
	56A9 : 23;
	56AA : B3;
	56AB : 37;
	56AC : 90;
	56AD : 41;
	56AE : BE;
	56AF : 21;
	56B0 : 9A;
	56B1 : 2A;
	56B2 : 01;
	56B3 : F8;
	56B4 : 04;
	56B5 : A0;
	56B6 : 0A;
	56B7 : 0B;
	56B8 : 01;
	56B9 : 7A;
	56BA : 13;
	56BB : 01;
	56BC : C2;
	56BD : AE;
	56BE : B2;
	56BF : 88;
	56C0 : 71;
	56C1 : 80;
	56C2 : 0B;
	56C3 : 10;
	56C4 : AB;
	56C5 : 06;
	56C6 : 00;
	56C7 : 82;
	56C8 : B8;
	56C9 : A2;
	56CA : 2A;
	56CB : 5B;
	56CC : 89;
	56CD : 0B;
	56CE : CB;
	56CF : B3;
	56D0 : 50;
	56D1 : C4;
	56D2 : 08;
	56D3 : 81;
	56D4 : 48;
	56D5 : 18;
	56D6 : 39;
	56D7 : 92;
	56D8 : 04;
	56D9 : F0;
	56DA : 9A;
	56DB : 14;
	56DC : A8;
	56DD : 09;
	56DE : 8E;
	56DF : 08;
	56E0 : 2C;
	56E1 : 44;
	56E2 : 9A;
	56E3 : 97;
	56E4 : 8B;
	56E5 : 21;
	56E6 : 84;
	56E7 : 9F;
	56E8 : 19;
	56E9 : 01;
	56EA : 10;
	56EB : 08;
	56EC : D8;
	56ED : 01;
	56EE : 82;
	56EF : 2B;
	56F0 : 01;
	56F1 : 8D;
	56F2 : 0A;
	56F3 : 98;
	56F4 : 84;
	56F5 : C8;
	56F6 : 41;
	56F7 : 84;
	56F8 : 2B;
	56F9 : 83;
	56FA : 89;
	56FB : 2A;
	56FC : B0;
	56FD : 4B;
	56FE : F4;
	56FF : 0A;
	5700 : 7F;
	5701 : 91;
	5702 : BC;
	5703 : 89;
	5704 : 72;
	5705 : 18;
	5706 : 99;
	5707 : 0A;
	5708 : CA;
	5709 : 13;
	570A : 05;
	570B : 24;
	570C : 1B;
	570D : BA;
	570E : 94;
	570F : 88;
	5710 : 50;
	5711 : 9C;
	5712 : AA;
	5713 : 12;
	5714 : A3;
	5715 : 91;
	5716 : 88;
	5717 : 78;
	5718 : 8B;
	5719 : 13;
	571A : 8E;
	571B : 98;
	571C : A7;
	571D : 20;
	571E : AA;
	571F : 10;
	5720 : 29;
	5721 : 99;
	5722 : 32;
	5723 : 48;
	5724 : 35;
	5725 : CB;
	5726 : E1;
	5727 : 3B;
	5728 : 98;
	5729 : 88;
	572A : 02;
	572B : 59;
	572C : 3E;
	572D : 83;
	572E : 98;
	572F : A2;
	5730 : 8B;
	5731 : 31;
	5732 : F9;
	5733 : 21;
	5734 : 40;
	5735 : 2E;
	5736 : A3;
	5737 : 95;
	5738 : 1A;
	5739 : A1;
	573A : AC;
	573B : 93;
	573C : 23;
	573D : 2F;
	573E : 11;
	573F : B9;
	5740 : 08;
	5741 : 81;
	5742 : 22;
	5743 : 80;
	5744 : E1;
	5745 : AA;
	5746 : 32;
	5747 : 2F;
	5748 : 03;
	5749 : 21;
	574A : 0A;
	574B : 96;
	574C : 89;
	574D : B1;
	574E : B9;
	574F : 50;
	5750 : A9;
	5751 : 8A;
	5752 : 59;
	5753 : BA;
	5754 : 21;
	5755 : 35;
	5756 : B8;
	5757 : F0;
	5758 : A1;
	5759 : 20;
	575A : 2B;
	575B : 71;
	575C : 09;
	575D : 90;
	575E : B1;
	575F : B9;
	5760 : A7;
	5761 : 32;
	5762 : BC;
	5763 : 92;
	5764 : 82;
	5765 : 4F;
	5766 : 20;
	5767 : A0;
	5768 : 23;
	5769 : 92;
	576A : AC;
	576B : 10;
	576C : E1;
	576D : 8A;
	576E : 35;
	576F : 8E;
	5770 : 01;
	5771 : 99;
	5772 : 10;
	5773 : 24;
	5774 : B1;
	5775 : 09;
	5776 : E0;
	5777 : 40;
	5778 : 18;
	5779 : BD;
	577A : 11;
	577B : 09;
	577C : A0;
	577D : A4;
	577E : 08;
	577F : C1;
	5780 : 7F;
	5781 : 49;
	5782 : AB;
	5783 : 18;
	5784 : 0A;
	5785 : 17;
	5786 : 1A;
	5787 : 83;
	5788 : A9;
	5789 : 26;
	578A : 81;
	578B : 02;
	578C : C9;
	578D : 9C;
	578E : 68;
	578F : 20;
	5790 : 8B;
	5791 : 03;
	5792 : AA;
	5793 : C2;
	5794 : 44;
	5795 : 89;
	5796 : 0A;
	5797 : 1D;
	5798 : 88;
	5799 : 25;
	579A : 19;
	579B : F8;
	579C : 02;
	579D : 8A;
	579E : 99;
	579F : 09;
	57A0 : 98;
	57A1 : 51;
	57A2 : B9;
	57A3 : 00;
	57A4 : 91;
	57A5 : 99;
	57A6 : 77;
	57A7 : 0A;
	57A8 : 98;
	57A9 : 10;
	57AA : 10;
	57AB : A1;
	57AC : 39;
	57AD : 20;
	57AE : 00;
	57AF : A7;
	57B0 : 8D;
	57B1 : 04;
	57B2 : BD;
	57B3 : 12;
	57B4 : BC;
	57B5 : 58;
	57B6 : A0;
	57B7 : 98;
	57B8 : 93;
	57B9 : 34;
	57BA : 00;
	57BB : 21;
	57BC : 2F;
	57BD : C9;
	57BE : 11;
	57BF : 14;
	57C0 : B1;
	57C1 : 9C;
	57C2 : 81;
	57C3 : 19;
	57C4 : 88;
	57C5 : 33;
	57C6 : 59;
	57C7 : 18;
	57C8 : F8;
	57C9 : 03;
	57CA : E0;
	57CB : 29;
	57CC : 08;
	57CD : 9D;
	57CE : 03;
	57CF : 10;
	57D0 : 2D;
	57D1 : B3;
	57D2 : 28;
	57D3 : A2;
	57D4 : 10;
	57D5 : 18;
	57D6 : CB;
	57D7 : 40;
	57D8 : 39;
	57D9 : 6A;
	57DA : F2;
	57DB : 11;
	57DC : 90;
	57DD : BB;
	57DE : 84;
	57DF : AA;
	57E0 : 22;
	57E1 : 48;
	57E2 : 0C;
	57E3 : B9;
	57E4 : 11;
	57E5 : D3;
	57E6 : 25;
	57E7 : 28;
	57E8 : 9B;
	57E9 : BC;
	57EA : 25;
	57EB : 0A;
	57EC : 21;
	57ED : 10;
	57EE : 81;
	57EF : 12;
	57F0 : F9;
	57F1 : 41;
	57F2 : B9;
	57F3 : 10;
	57F4 : 8C;
	57F5 : BF;
	57F6 : 82;
	57F7 : 89;
	57F8 : 02;
	57F9 : E0;
	57FA : 28;
	57FB : B1;
	57FC : 40;
	57FD : 80;
	57FE : 78;
	57FF : 8A;
	5800 : 7F;
	5801 : 02;
	5802 : 18;
	5803 : C4;
	5804 : 08;
	5805 : 9A;
	5806 : 14;
	5807 : 1C;
	5808 : 92;
	5809 : 8C;
	580A : A1;
	580B : AA;
	580C : 1A;
	580D : 97;
	580E : 4A;
	580F : 00;
	5810 : B0;
	5811 : 60;
	5812 : A8;
	5813 : 0A;
	5814 : 08;
	5815 : 40;
	5816 : 94;
	5817 : 38;
	5818 : D0;
	5819 : 80;
	581A : 10;
	581B : 28;
	581C : 59;
	581D : BC;
	581E : B9;
	581F : 90;
	5820 : D9;
	5821 : 42;
	5822 : 1C;
	5823 : 23;
	5824 : 29;
	5825 : F9;
	5826 : 20;
	5827 : 0B;
	5828 : 05;
	5829 : 03;
	582A : 89;
	582B : 4C;
	582C : 91;
	582D : 83;
	582E : B3;
	582F : 9F;
	5830 : 11;
	5831 : CE;
	5832 : 03;
	5833 : 80;
	5834 : 40;
	5835 : 90;
	5836 : B8;
	5837 : 30;
	5838 : 94;
	5839 : 51;
	583A : D8;
	583B : 88;
	583C : 8A;
	583D : 33;
	583E : BD;
	583F : A0;
	5840 : 10;
	5841 : 00;
	5842 : 49;
	5843 : C2;
	5844 : 12;
	5845 : 09;
	5846 : AE;
	5847 : 48;
	5848 : 80;
	5849 : 99;
	584A : 01;
	584B : A0;
	584C : A0;
	584D : F2;
	584E : 4D;
	584F : 83;
	5850 : 09;
	5851 : 12;
	5852 : 2A;
	5853 : A5;
	5854 : 9A;
	5855 : BB;
	5856 : 83;
	5857 : 3D;
	5858 : 47;
	5859 : 19;
	585A : 10;
	585B : A9;
	585C : 91;
	585D : C3;
	585E : 0A;
	585F : 31;
	5860 : AF;
	5861 : 82;
	5862 : 9C;
	5863 : A3;
	5864 : 2C;
	5865 : 84;
	5866 : 23;
	5867 : 9B;
	5868 : A3;
	5869 : 00;
	586A : 23;
	586B : 9F;
	586C : A0;
	586D : 10;
	586E : 9C;
	586F : 84;
	5870 : 82;
	5871 : 14;
	5872 : A0;
	5873 : 39;
	5874 : AF;
	5875 : 89;
	5876 : 1F;
	5877 : 14;
	5878 : 88;
	5879 : 92;
	587A : B1;
	587B : 6A;
	587C : C9;
	587D : 48;
	587E : 03;
	587F : 98;
	5880 : 7F;
	5881 : 19;
	5882 : BA;
	5883 : 32;
	5884 : B0;
	5885 : 8E;
	5886 : 17;
	5887 : 09;
	5888 : 92;
	5889 : D9;
	588A : 28;
	588B : 02;
	588C : 3A;
	588D : 20;
	588E : E8;
	588F : C8;
	5890 : 22;
	5891 : 50;
	5892 : 0A;
	5893 : 89;
	5894 : D0;
	5895 : 19;
	5896 : B2;
	5897 : AB;
	5898 : 72;
	5899 : A1;
	589A : 48;
	589B : 15;
	589C : 9B;
	589D : 00;
	589E : B2;
	589F : 29;
	58A0 : C8;
	58A1 : 8C;
	58A2 : 13;
	58A3 : 38;
	58A4 : A9;
	58A5 : 18;
	58A6 : FA;
	58A7 : 08;
	58A8 : A5;
	58A9 : 12;
	58AA : 61;
	58AB : BC;
	58AC : 12;
	58AD : 49;
	58AE : 98;
	58AF : 09;
	58B0 : C0;
	58B1 : B2;
	58B2 : 21;
	58B3 : 13;
	58B4 : 0F;
	58B5 : D0;
	58B6 : 83;
	58B7 : 19;
	58B8 : 99;
	58B9 : A8;
	58BA : 92;
	58BB : 23;
	58BC : 8B;
	58BD : F2;
	58BE : 50;
	58BF : 0C;
	58C0 : 00;
	58C1 : 09;
	58C2 : BA;
	58C3 : A7;
	58C4 : 02;
	58C5 : 31;
	58C6 : B8;
	58C7 : 88;
	58C8 : 25;
	58C9 : 2B;
	58CA : 55;
	58CB : 08;
	58CC : 99;
	58CD : E9;
	58CE : 01;
	58CF : 90;
	58D0 : 20;
	58D1 : 0B;
	58D2 : 9B;
	58D3 : 9A;
	58D4 : F9;
	58D5 : 69;
	58D6 : 83;
	58D7 : 88;
	58D8 : 83;
	58D9 : E0;
	58DA : 0A;
	58DB : 80;
	58DC : 1B;
	58DD : 71;
	58DE : A0;
	58DF : 8A;
	58E0 : 88;
	58E1 : 20;
	58E2 : 33;
	58E3 : 27;
	58E4 : 12;
	58E5 : 89;
	58E6 : BC;
	58E7 : AA;
	58E8 : 0C;
	58E9 : C3;
	58EA : 42;
	58EB : 19;
	58EC : 18;
	58ED : D8;
	58EE : 21;
	58EF : A0;
	58F0 : 79;
	58F1 : A4;
	58F2 : 89;
	58F3 : D8;
	58F4 : 10;
	58F5 : 3B;
	58F6 : 90;
	58F7 : 99;
	58F8 : 03;
	58F9 : 31;
	58FA : F2;
	58FB : 1D;
	58FC : A2;
	58FD : 28;
	58FE : B9;
	58FF : 8D;
	5900 : 7F;
	5901 : 18;
	5902 : BA;
	5903 : 73;
	5904 : 13;
	5905 : BC;
	5906 : 94;
	5907 : A2;
	5908 : 58;
	5909 : 01;
	590A : 8B;
	590B : AB;
	590C : 15;
	590D : A2;
	590E : 2A;
	590F : 03;
	5910 : 43;
	5911 : AC;
	5912 : 84;
	5913 : 49;
	5914 : F9;
	5915 : 20;
	5916 : 91;
	5917 : 48;
	5918 : DA;
	5919 : 11;
	591A : 80;
	591B : 1A;
	591C : 02;
	591D : 0D;
	591E : AA;
	591F : 9A;
	5920 : 81;
	5921 : B1;
	5922 : 97;
	5923 : 50;
	5924 : 99;
	5925 : 20;
	5926 : AC;
	5927 : 91;
	5928 : 56;
	5929 : 08;
	592A : 9A;
	592B : 90;
	592C : 14;
	592D : 80;
	592E : 0B;
	592F : 4C;
	5930 : C8;
	5931 : 15;
	5932 : 90;
	5933 : A0;
	5934 : 2B;
	5935 : B2;
	5936 : 48;
	5937 : B2;
	5938 : 51;
	5939 : A9;
	593A : 32;
	593B : AA;
	593C : 72;
	593D : 1E;
	593E : 99;
	593F : 99;
	5940 : 83;
	5941 : 00;
	5942 : D2;
	5943 : 30;
	5944 : BE;
	5945 : 31;
	5946 : 9B;
	5947 : 10;
	5948 : E0;
	5949 : 43;
	594A : 88;
	594B : 29;
	594C : B1;
	594D : 10;
	594E : 80;
	594F : 02;
	5950 : 0F;
	5951 : A1;
	5952 : 23;
	5953 : 0C;
	5954 : E1;
	5955 : 14;
	5956 : 0C;
	5957 : B0;
	5958 : 3B;
	5959 : AB;
	595A : A0;
	595B : 03;
	595C : E1;
	595D : 1A;
	595E : 07;
	595F : 48;
	5960 : 98;
	5961 : 99;
	5962 : 22;
	5963 : 59;
	5964 : 20;
	5965 : B1;
	5966 : C3;
	5967 : 33;
	5968 : CB;
	5969 : 32;
	596A : 1E;
	596B : 11;
	596C : 2B;
	596D : C2;
	596E : DD;
	596F : 83;
	5970 : 9B;
	5971 : 11;
	5972 : 1B;
	5973 : AB;
	5974 : 89;
	5975 : 14;
	5976 : 62;
	5977 : 09;
	5978 : 28;
	5979 : 3A;
	597A : C1;
	597B : 37;
	597C : 91;
	597D : AD;
	597E : 91;
	597F : 10;
	5980 : 7F;
	5981 : 8E;
	5982 : 83;
	5983 : 23;
	5984 : 20;
	5985 : B1;
	5986 : 1A;
	5987 : 8A;
	5988 : CF;
	5989 : 93;
	598A : 8D;
	598B : 05;
	598C : 0A;
	598D : 11;
	598E : A0;
	598F : 12;
	5990 : 98;
	5991 : 22;
	5992 : BF;
	5993 : 90;
	5994 : 0B;
	5995 : 34;
	5996 : 1A;
	5997 : 92;
	5998 : 1D;
	5999 : B6;
	599A : 90;
	599B : 29;
	599C : 9F;
	599D : 80;
	599E : 10;
	599F : B1;
	59A0 : B2;
	59A1 : 13;
	59A2 : 31;
	59A3 : 39;
	59A4 : CD;
	59A5 : 3B;
	59A6 : 95;
	59A7 : 58;
	59A8 : 05;
	59A9 : 8A;
	59AA : A2;
	59AB : 8B;
	59AC : 20;
	59AD : BA;
	59AE : 21;
	59AF : B8;
	59B0 : 3E;
	59B1 : 05;
	59B2 : AA;
	59B3 : 81;
	59B4 : 8C;
	59B5 : 11;
	59B6 : 90;
	59B7 : 74;
	59B8 : A1;
	59B9 : 2A;
	59BA : 98;
	59BB : BF;
	59BC : 84;
	59BD : 0B;
	59BE : 83;
	59BF : 99;
	59C0 : 15;
	59C1 : 9A;
	59C2 : 81;
	59C3 : 72;
	59C4 : 09;
	59C5 : 8A;
	59C6 : D8;
	59C7 : 92;
	59C8 : 11;
	59C9 : 31;
	59CA : 9A;
	59CB : 29;
	59CC : E8;
	59CD : 31;
	59CE : 30;
	59CF : AF;
	59D0 : F0;
	59D1 : 18;
	59D2 : 89;
	59D3 : 01;
	59D4 : 88;
	59D5 : 0B;
	59D6 : 17;
	59D7 : 3A;
	59D8 : 01;
	59D9 : 88;
	59DA : C8;
	59DB : 88;
	59DC : 94;
	59DD : 3C;
	59DE : D8;
	59DF : 18;
	59E0 : 01;
	59E1 : 28;
	59E2 : 12;
	59E3 : B6;
	59E4 : 29;
	59E5 : F9;
	59E6 : 28;
	59E7 : 24;
	59E8 : 8B;
	59E9 : 09;
	59EA : 30;
	59EB : 80;
	59EC : 23;
	59ED : 1D;
	59EE : C9;
	59EF : 00;
	59F0 : A2;
	59F1 : 08;
	59F2 : 71;
	59F3 : 99;
	59F4 : 91;
	59F5 : FA;
	59F6 : 21;
	59F7 : 89;
	59F8 : 02;
	59F9 : A9;
	59FA : 19;
	59FB : 08;
	59FC : 38;
	59FD : E8;
	59FE : AB;
	59FF : AD;
	5A00 : 7F;
	5A01 : 04;
	5A02 : 92;
	5A03 : B8;
	5A04 : 73;
	5A05 : 39;
	5A06 : 92;
	5A07 : 50;
	5A08 : 04;
	5A09 : BB;
	5A0A : F8;
	5A0B : 21;
	5A0C : 2A;
	5A0D : 5A;
	5A0E : 90;
	5A0F : 19;
	5A10 : B1;
	5A11 : 15;
	5A12 : 1A;
	5A13 : F2;
	5A14 : 19;
	5A15 : 89;
	5A16 : 80;
	5A17 : 8A;
	5A18 : 03;
	5A19 : 6A;
	5A1A : 12;
	5A1B : 8A;
	5A1C : F0;
	5A1D : AA;
	5A1E : 10;
	5A1F : A2;
	5A20 : 39;
	5A21 : 24;
	5A22 : 2F;
	5A23 : A4;
	5A24 : 31;
	5A25 : AA;
	5A26 : 9C;
	5A27 : A8;
	5A28 : 34;
	5A29 : 8C;
	5A2A : 93;
	5A2B : 9E;
	5A2C : 20;
	5A2D : 03;
	5A2E : 34;
	5A2F : B0;
	5A30 : 19;
	5A31 : 98;
	5A32 : 43;
	5A33 : BC;
	5A34 : 01;
	5A35 : 1C;
	5A36 : A5;
	5A37 : 0A;
	5A38 : 42;
	5A39 : C2;
	5A3A : 0B;
	5A3B : 38;
	5A3C : DE;
	5A3D : 18;
	5A3E : 81;
	5A3F : 99;
	5A40 : 9B;
	5A41 : 98;
	5A42 : C3;
	5A43 : 43;
	5A44 : 00;
	5A45 : 81;
	5A46 : 2A;
	5A47 : 1C;
	5A48 : 35;
	5A49 : 51;
	5A4A : BA;
	5A4B : 08;
	5A4C : 8B;
	5A4D : 03;
	5A4E : F1;
	5A4F : 28;
	5A50 : 24;
	5A51 : 0D;
	5A52 : 49;
	5A53 : 94;
	5A54 : BD;
	5A55 : 91;
	5A56 : 92;
	5A57 : 52;
	5A58 : 0D;
	5A59 : 88;
	5A5A : A1;
	5A5B : 89;
	5A5C : 13;
	5A5D : 09;
	5A5E : 1A;
	5A5F : 17;
	5A60 : 2A;
	5A61 : C1;
	5A62 : 28;
	5A63 : 81;
	5A64 : A0;
	5A65 : 09;
	5A66 : 0E;
	5A67 : A2;
	5A68 : 85;
	5A69 : 8B;
	5A6A : 84;
	5A6B : 4A;
	5A6C : 02;
	5A6D : 9B;
	5A6E : 36;
	5A6F : BC;
	5A70 : DA;
	5A71 : 12;
	5A72 : 91;
	5A73 : 48;
	5A74 : AA;
	5A75 : 82;
	5A76 : 89;
	5A77 : B7;
	5A78 : 41;
	5A79 : A8;
	5A7A : AB;
	5A7B : 35;
	5A7C : 21;
	5A7D : 28;
	5A7E : C3;
	5A7F : BF;
	5A80 : 7F;
	5A81 : 80;
	5A82 : 93;
	5A83 : 4B;
	5A84 : 91;
	5A85 : 02;
	5A86 : C0;
	5A87 : 84;
	5A88 : 9A;
	5A89 : 39;
	5A8A : 92;
	5A8B : 6A;
	5A8C : C8;
	5A8D : 9E;
	5A8E : 82;
	5A8F : 82;
	5A90 : 4A;
	5A91 : 92;
	5A92 : 20;
	5A93 : 02;
	5A94 : BD;
	5A95 : 84;
	5A96 : 2A;
	5A97 : A8;
	5A98 : 8B;
	5A99 : 81;
	5A9A : E8;
	5A9B : 09;
	5A9C : 05;
	5A9D : 09;
	5A9E : 04;
	5A9F : 88;
	5AA0 : 68;
	5AA1 : 98;
	5AA2 : 81;
	5AA3 : 24;
	5AA4 : 80;
	5AA5 : 80;
	5AA6 : 8B;
	5AA7 : 11;
	5AA8 : 3B;
	5AA9 : F9;
	5AAA : AD;
	5AAB : 22;
	5AAC : 03;
	5AAD : 9B;
	5AAE : F0;
	5AAF : 18;
	5AB0 : 19;
	5AB1 : A0;
	5AB2 : 38;
	5AB3 : AA;
	5AB4 : DA;
	5AB5 : 23;
	5AB6 : 24;
	5AB7 : 2A;
	5AB8 : FF;
	5AB9 : 01;
	5ABA : A8;
	5ABB : 23;
	5ABC : 86;
	5ABD : 18;
	5ABE : A8;
	5ABF : 02;
	5AC0 : 02;
	5AC1 : 2B;
	5AC2 : BA;
	5AC3 : FA;
	5AC4 : 11;
	5AC5 : AD;
	5AC6 : 15;
	5AC7 : 18;
	5AC8 : 24;
	5AC9 : 99;
	5ACA : 91;
	5ACB : DB;
	5ACC : 84;
	5ACD : 69;
	5ACE : 90;
	5ACF : 88;
	5AD0 : 21;
	5AD1 : A9;
	5AD2 : 15;
	5AD3 : 10;
	5AD4 : D8;
	5AD5 : 8A;
	5AD6 : 18;
	5AD7 : A9;
	5AD8 : B2;
	5AD9 : 89;
	5ADA : 8B;
	5ADB : 73;
	5ADC : 93;
	5ADD : 59;
	5ADE : B0;
	5ADF : 19;
	5AE0 : A5;
	5AE1 : 00;
	5AE2 : 9C;
	5AE3 : 79;
	5AE4 : A9;
	5AE5 : 04;
	5AE6 : 8A;
	5AE7 : A3;
	5AE8 : 40;
	5AE9 : 01;
	5AEA : 2C;
	5AEB : 99;
	5AEC : 2A;
	5AED : A8;
	5AEE : 99;
	5AEF : F2;
	5AF0 : 0B;
	5AF1 : A9;
	5AF2 : 61;
	5AF3 : 88;
	5AF4 : 91;
	5AF5 : 00;
	5AF6 : 04;
	5AF7 : 32;
	5AF8 : 0C;
	5AF9 : 98;
	5AFA : 32;
	5AFB : 04;
	5AFC : 15;
	5AFD : 8B;
	5AFE : 0B;
	5AFF : 0E;
	5B00 : 7F;
	5B01 : 92;
	5B02 : 09;
	5B03 : C1;
	5B04 : 08;
	5B05 : A9;
	5B06 : FD;
	5B07 : 14;
	5B08 : 09;
	5B09 : 20;
	5B0A : D8;
	5B0B : 08;
	5B0C : 88;
	5B0D : 3B;
	5B0E : 12;
	5B0F : 2A;
	5B10 : A5;
	5B11 : 91;
	5B12 : D1;
	5B13 : 50;
	5B14 : 18;
	5B15 : A9;
	5B16 : 24;
	5B17 : 38;
	5B18 : 92;
	5B19 : 37;
	5B1A : 0B;
	5B1B : EA;
	5B1C : 08;
	5B1D : 8A;
	5B1E : 03;
	5B1F : BA;
	5B20 : BE;
	5B21 : 03;
	5B22 : 48;
	5B23 : 91;
	5B24 : BC;
	5B25 : 9C;
	5B26 : 15;
	5B27 : 62;
	5B28 : 09;
	5B29 : 82;
	5B2A : 11;
	5B2B : 00;
	5B2C : E9;
	5B2D : 93;
	5B2E : 49;
	5B2F : B8;
	5B30 : 19;
	5B31 : 2C;
	5B32 : B9;
	5B33 : 93;
	5B34 : 02;
	5B35 : F9;
	5B36 : 09;
	5B37 : 8A;
	5B38 : 04;
	5B39 : 8A;
	5B3A : 46;
	5B3B : 0C;
	5B3C : 92;
	5B3D : 10;
	5B3E : B9;
	5B3F : 1A;
	5B40 : 17;
	5B41 : 18;
	5B42 : 92;
	5B43 : 3A;
	5B44 : 68;
	5B45 : B0;
	5B46 : 90;
	5B47 : 00;
	5B48 : 40;
	5B49 : 89;
	5B4A : FB;
	5B4B : 29;
	5B4C : B2;
	5B4D : 61;
	5B4E : 84;
	5B4F : 0D;
	5B50 : A8;
	5B51 : 08;
	5B52 : 09;
	5B53 : 30;
	5B54 : 70;
	5B55 : C0;
	5B56 : 89;
	5B57 : 96;
	5B58 : 1A;
	5B59 : 80;
	5B5A : 08;
	5B5B : 19;
	5B5C : C8;
	5B5D : 28;
	5B5E : 19;
	5B5F : B9;
	5B60 : 31;
	5B61 : 19;
	5B62 : 88;
	5B63 : EB;
	5B64 : C4;
	5B65 : 0A;
	5B66 : 01;
	5B67 : 58;
	5B68 : 32;
	5B69 : 32;
	5B6A : 1C;
	5B6B : 82;
	5B6C : F8;
	5B6D : 33;
	5B6E : CA;
	5B6F : 99;
	5B70 : 90;
	5B71 : 04;
	5B72 : 31;
	5B73 : 2E;
	5B74 : 92;
	5B75 : 69;
	5B76 : 92;
	5B77 : 29;
	5B78 : 86;
	5B79 : BA;
	5B7A : AA;
	5B7B : 90;
	5B7C : 88;
	5B7D : 11;
	5B7E : 1C;
	5B7F : B9;
	5B80 : 7F;
	5B81 : B5;
	5B82 : 78;
	5B83 : A1;
	5B84 : 1A;
	5B85 : 18;
	5B86 : BB;
	5B87 : 02;
	5B88 : 10;
	5B89 : B8;
	5B8A : 36;
	5B8B : 53;
	5B8C : 98;
	5B8D : 16;
	5B8E : 1A;
	5B8F : 30;
	5B90 : A1;
	5B91 : AA;
	5B92 : BD;
	5B93 : CA;
	5B94 : 03;
	5B95 : 0A;
	5B96 : F1;
	5B97 : 49;
	5B98 : 19;
	5B99 : 2A;
	5B9A : B2;
	5B9B : 48;
	5B9C : BC;
	5B9D : 11;
	5B9E : AC;
	5B9F : 87;
	5BA0 : 20;
	5BA1 : 98;
	5BA2 : B0;
	5BA3 : 1C;
	5BA4 : 3B;
	5BA5 : D0;
	5BA6 : 55;
	5BA7 : 19;
	5BA8 : 00;
	5BA9 : A0;
	5BAA : B0;
	5BAB : 01;
	5BAC : BA;
	5BAD : 78;
	5BAE : AA;
	5BAF : 50;
	5BB0 : 88;
	5BB1 : 81;
	5BB2 : 08;
	5BB3 : 93;
	5BB4 : 38;
	5BB5 : A2;
	5BB6 : 3F;
	5BB7 : AA;
	5BB8 : A9;
	5BB9 : 08;
	5BBA : E0;
	5BBB : 30;
	5BBC : 86;
	5BBD : 8F;
	5BBE : 08;
	5BBF : 09;
	5BC0 : 42;
	5BC1 : 80;
	5BC2 : 0A;
	5BC3 : A0;
	5BC4 : 96;
	5BC5 : 01;
	5BC6 : 00;
	5BC7 : 12;
	5BC8 : 2C;
	5BC9 : 0B;
	5BCA : BA;
	5BCB : 70;
	5BCC : 91;
	5BCD : 9D;
	5BCE : A4;
	5BCF : 09;
	5BD0 : 1A;
	5BD1 : C2;
	5BD2 : 59;
	5BD3 : 8A;
	5BD4 : A0;
	5BD5 : 2A;
	5BD6 : E1;
	5BD7 : 88;
	5BD8 : 23;
	5BD9 : 09;
	5BDA : 26;
	5BDB : 11;
	5BDC : 9D;
	5BDD : 81;
	5BDE : 00;
	5BDF : A2;
	5BE0 : 01;
	5BE1 : 0C;
	5BE2 : DB;
	5BE3 : 88;
	5BE4 : 23;
	5BE5 : 38;
	5BE6 : 48;
	5BE7 : 98;
	5BE8 : 17;
	5BE9 : 9A;
	5BEA : 14;
	5BEB : 09;
	5BEC : 1D;
	5BED : 38;
	5BEE : D9;
	5BEF : 81;
	5BF0 : C9;
	5BF1 : 19;
	5BF2 : 86;
	5BF3 : 88;
	5BF4 : 8B;
	5BF5 : B2;
	5BF6 : 61;
	5BF7 : 89;
	5BF8 : 82;
	5BF9 : 28;
	5BFA : 8F;
	5BFB : 91;
	5BFC : 62;
	5BFD : 90;
	5BFE : A1;
	5BFF : 24;
	5C00 : 7F;
	5C01 : 2B;
	5C02 : BC;
	5C03 : 8F;
	5C04 : 02;
	5C05 : 11;
	5C06 : B1;
	5C07 : 3B;
	5C08 : B9;
	5C09 : 31;
	5C0A : 94;
	5C0B : 3A;
	5C0C : D2;
	5C0D : 50;
	5C0E : 1B;
	5C0F : 91;
	5C10 : 08;
	5C11 : 9B;
	5C12 : A7;
	5C13 : 2E;
	5C14 : B8;
	5C15 : 8C;
	5C16 : 02;
	5C17 : 20;
	5C18 : 91;
	5C19 : 16;
	5C1A : AA;
	5C1B : 98;
	5C1C : B8;
	5C1D : 5C;
	5C1E : 82;
	5C1F : 52;
	5C20 : 89;
	5C21 : 98;
	5C22 : 22;
	5C23 : 82;
	5C24 : 1B;
	5C25 : E1;
	5C26 : 53;
	5C27 : A0;
	5C28 : 9C;
	5C29 : 1A;
	5C2A : 80;
	5C2B : 88;
	5C2C : 83;
	5C2D : E9;
	5C2E : C1;
	5C2F : A9;
	5C30 : 22;
	5C31 : 8D;
	5C32 : 51;
	5C33 : 12;
	5C34 : 02;
	5C35 : E0;
	5C36 : 09;
	5C37 : 11;
	5C38 : 10;
	5C39 : 40;
	5C3A : BF;
	5C3B : A1;
	5C3C : 00;
	5C3D : A5;
	5C3E : 39;
	5C3F : A9;
	5C40 : 18;
	5C41 : 09;
	5C42 : 0B;
	5C43 : A1;
	5C44 : 37;
	5C45 : 2F;
	5C46 : 04;
	5C47 : 0A;
	5C48 : 83;
	5C49 : AB;
	5C4A : B0;
	5C4B : 24;
	5C4C : 1D;
	5C4D : A4;
	5C4E : 48;
	5C4F : 91;
	5C50 : BA;
	5C51 : 20;
	5C52 : B1;
	5C53 : 2F;
	5C54 : A3;
	5C55 : 8B;
	5C56 : 03;
	5C57 : CA;
	5C58 : 12;
	5C59 : 86;
	5C5A : 39;
	5C5B : D9;
	5C5C : 1A;
	5C5D : A1;
	5C5E : 63;
	5C5F : 91;
	5C60 : 9A;
	5C61 : 1C;
	5C62 : 13;
	5C63 : 00;
	5C64 : 0B;
	5C65 : F1;
	5C66 : 4B;
	5C67 : 91;
	5C68 : 94;
	5C69 : 41;
	5C6A : A3;
	5C6B : 1C;
	5C6C : 80;
	5C6D : 9B;
	5C6E : 19;
	5C6F : 22;
	5C70 : 13;
	5C71 : 9A;
	5C72 : 8F;
	5C73 : AA;
	5C74 : FD;
	5C75 : 84;
	5C76 : 39;
	5C77 : 89;
	5C78 : 8C;
	5C79 : 84;
	5C7A : 81;
	5C7B : 11;
	5C7C : 2B;
	5C7D : 01;
	5C7E : 09;
	5C7F : 24;
	5C80 : 7F;
	5C81 : 83;
	5C82 : A9;
	5C83 : 1D;
	5C84 : A3;
	5C85 : AC;
	5C86 : C8;
	5C87 : 72;
	5C88 : 9B;
	5C89 : 12;
	5C8A : C1;
	5C8B : 78;
	5C8C : 88;
	5C8D : 1A;
	5C8E : 91;
	5C8F : 91;
	5C90 : 40;
	5C91 : BD;
	5C92 : 0A;
	5C93 : F8;
	5C94 : 29;
	5C95 : 83;
	5C96 : 02;
	5C97 : 11;
	5C98 : 3A;
	5C99 : 18;
	5C9A : FD;
	5C9B : 00;
	5C9C : 18;
	5C9D : 0B;
	5C9E : 85;
	5C9F : 88;
	5CA0 : 99;
	5CA1 : 29;
	5CA2 : 98;
	5CA3 : 9E;
	5CA4 : 97;
	5CA5 : 41;
	5CA6 : 98;
	5CA7 : 00;
	5CA8 : 40;
	5CA9 : A2;
	5CAA : 08;
	5CAB : 88;
	5CAC : AA;
	5CAD : B9;
	5CAE : 1C;
	5CAF : A1;
	5CB0 : 43;
	5CB1 : 4C;
	5CB2 : C9;
	5CB3 : 88;
	5CB4 : 84;
	5CB5 : 11;
	5CB6 : 48;
	5CB7 : 00;
	5CB8 : 9B;
	5CB9 : 94;
	5CBA : B8;
	5CBB : 70;
	5CBC : AD;
	5CBD : 80;
	5CBE : 01;
	5CBF : A9;
	5CC0 : 82;
	5CC1 : 1F;
	5CC2 : A8;
	5CC3 : 02;
	5CC4 : 4A;
	5CC5 : 80;
	5CC6 : 14;
	5CC7 : BE;
	5CC8 : 10;
	5CC9 : D2;
	5CCA : 28;
	5CCB : 98;
	5CCC : 1C;
	5CCD : 31;
	5CCE : A5;
	5CCF : 42;
	5CD0 : B1;
	5CD1 : 28;
	5CD2 : 14;
	5CD3 : 99;
	5CD4 : 1B;
	5CD5 : E0;
	5CD6 : 8A;
	5CD7 : 98;
	5CD8 : 30;
	5CD9 : 8C;
	5CDA : 16;
	5CDB : 48;
	5CDC : B9;
	5CDD : B0;
	5CDE : 80;
	5CDF : 30;
	5CE0 : AB;
	5CE1 : 0D;
	5CE2 : B4;
	5CE3 : 41;
	5CE4 : AC;
	5CE5 : 23;
	5CE6 : 00;
	5CE7 : 1A;
	5CE8 : B0;
	5CE9 : 12;
	5CEA : 8F;
	5CEB : F8;
	5CEC : 32;
	5CED : 89;
	5CEE : 38;
	5CEF : 11;
	5CF0 : 88;
	5CF1 : D2;
	5CF2 : A1;
	5CF3 : 1F;
	5CF4 : AA;
	5CF5 : 39;
	5CF6 : D1;
	5CF7 : 4A;
	5CF8 : B4;
	5CF9 : 80;
	5CFA : 00;
	5CFB : 09;
	5CFC : 41;
	5CFD : 06;
	5CFE : 0C;
	5CFF : 91;
	5D00 : 7F;
	5D01 : 0A;
	5D02 : 34;
	5D03 : 80;
	5D04 : 38;
	5D05 : E9;
	5D06 : 98;
	5D07 : 09;
	5D08 : 03;
	5D09 : 29;
	5D0A : 29;
	5D0B : 60;
	5D0C : A0;
	5D0D : 22;
	5D0E : F8;
	5D0F : A2;
	5D10 : 0C;
	5D11 : 0A;
	5D12 : 0D;
	5D13 : B4;
	5D14 : 02;
	5D15 : B9;
	5D16 : 40;
	5D17 : 24;
	5D18 : 0C;
	5D19 : 01;
	5D1A : A2;
	5D1B : 2A;
	5D1C : F8;
	5D1D : 29;
	5D1E : 21;
	5D1F : 81;
	5D20 : A8;
	5D21 : 15;
	5D22 : AF;
	5D23 : 98;
	5D24 : 90;
	5D25 : 60;
	5D26 : 80;
	5D27 : 8A;
	5D28 : 21;
	5D29 : 03;
	5D2A : A0;
	5D2B : 72;
	5D2C : 9B;
	5D2D : 32;
	5D2E : AD;
	5D2F : A5;
	5D30 : 0A;
	5D31 : 89;
	5D32 : 8A;
	5D33 : 90;
	5D34 : 8A;
	5D35 : 98;
	5D36 : 45;
	5D37 : 9B;
	5D38 : B9;
	5D39 : 20;
	5D3A : 38;
	5D3B : C7;
	5D3C : 9A;
	5D3D : 0E;
	5D3E : 00;
	5D3F : 82;
	5D40 : 0C;
	5D41 : 16;
	5D42 : 19;
	5D43 : 83;
	5D44 : 9B;
	5D45 : 94;
	5D46 : 3A;
	5D47 : A6;
	5D48 : 2A;
	5D49 : 38;
	5D4A : A1;
	5D4B : 3D;
	5D4C : B2;
	5D4D : 0C;
	5D4E : 22;
	5D4F : A4;
	5D50 : 0C;
	5D51 : A0;
	5D52 : 30;
	5D53 : 40;
	5D54 : 0C;
	5D55 : 01;
	5D56 : 4B;
	5D57 : A2;
	5D58 : F9;
	5D59 : 90;
	5D5A : B0;
	5D5B : 12;
	5D5C : CD;
	5D5D : 1C;
	5D5E : 01;
	5D5F : 51;
	5D60 : 80;
	5D61 : 09;
	5D62 : D1;
	5D63 : 00;
	5D64 : D0;
	5D65 : 30;
	5D66 : 70;
	5D67 : 88;
	5D68 : 00;
	5D69 : 18;
	5D6A : 9B;
	5D6B : 08;
	5D6C : 00;
	5D6D : B9;
	5D6E : 06;
	5D6F : 24;
	5D70 : 19;
	5D71 : BB;
	5D72 : 8A;
	5D73 : 8C;
	5D74 : B6;
	5D75 : 1B;
	5D76 : 98;
	5D77 : E8;
	5D78 : 3A;
	5D79 : B8;
	5D7A : 54;
	5D7B : 18;
	5D7C : 8A;
	5D7D : 0A;
	5D7E : B1;
	5D7F : 33;
	5D80 : 7F;
	5D81 : 12;
	5D82 : 23;
	5D83 : 70;
	5D84 : A4;
	5D85 : 59;
	5D86 : AA;
	5D87 : B0;
	5D88 : 52;
	5D89 : 28;
	5D8A : EA;
	5D8B : 08;
	5D8C : C8;
	5D8D : 10;
	5D8E : 9A;
	5D8F : 98;
	5D90 : 61;
	5D91 : 0B;
	5D92 : B1;
	5D93 : 83;
	5D94 : 22;
	5D95 : 07;
	5D96 : 38;
	5D97 : 2B;
	5D98 : F1;
	5D99 : 1B;
	5D9A : 92;
	5D9B : 48;
	5D9C : 08;
	5D9D : B8;
	5D9E : C8;
	5D9F : 97;
	5DA0 : 09;
	5DA1 : 18;
	5DA2 : 80;
	5DA3 : 98;
	5DA4 : 68;
	5DA5 : 98;
	5DA6 : A8;
	5DA7 : AB;
	5DA8 : C1;
	5DA9 : 1D;
	5DAA : 85;
	5DAB : 51;
	5DAC : 9A;
	5DAD : 00;
	5DAE : C8;
	5DAF : 50;
	5DB0 : 80;
	5DB1 : 00;
	5DB2 : 11;
	5DB3 : 89;
	5DB4 : EA;
	5DB5 : 11;
	5DB6 : 59;
	5DB7 : A0;
	5DB8 : 99;
	5DB9 : 11;
	5DBA : 13;
	5DBB : 3B;
	5DBC : 87;
	5DBD : BA;
	5DBE : AC;
	5DBF : 95;
	5DC0 : 58;
	5DC1 : 99;
	5DC2 : A3;
	5DC3 : 8A;
	5DC4 : 17;
	5DC5 : 80;
	5DC6 : 32;
	5DC7 : 9B;
	5DC8 : 0B;
	5DC9 : DA;
	5DCA : C0;
	5DCB : 18;
	5DCC : 88;
	5DCD : 35;
	5DCE : 80;
	5DCF : 90;
	5DD0 : 80;
	5DD1 : 13;
	5DD2 : 61;
	5DD3 : 2A;
	5DD4 : FA;
	5DD5 : 98;
	5DD6 : 31;
	5DD7 : 89;
	5DD8 : 94;
	5DD9 : 09;
	5DDA : 88;
	5DDB : 6A;
	5DDC : B8;
	5DDD : D0;
	5DDE : 2A;
	5DDF : 86;
	5DE0 : 32;
	5DE1 : 21;
	5DE2 : BE;
	5DE3 : 00;
	5DE4 : 92;
	5DE5 : 08;
	5DE6 : 18;
	5DE7 : 8C;
	5DE8 : BB;
	5DE9 : B9;
	5DEA : C2;
	5DEB : 29;
	5DEC : 47;
	5DED : 09;
	5DEE : 0A;
	5DEF : A0;
	5DF0 : 22;
	5DF1 : A0;
	5DF2 : 62;
	5DF3 : AA;
	5DF4 : 0A;
	5DF5 : F9;
	5DF6 : 3B;
	5DF7 : 01;
	5DF8 : 51;
	5DF9 : 00;
	5DFA : 81;
	5DFB : 18;
	5DFC : 07;
	5DFD : 30;
	5DFE : 9B;
	5DFF : BB;
	5E00 : 7F;
	5E01 : 81;
	5E02 : 55;
	5E03 : 8D;
	5E04 : 90;
	5E05 : 10;
	5E06 : 91;
	5E07 : 38;
	5E08 : 82;
	5E09 : 8E;
	5E0A : B9;
	5E0B : 10;
	5E0C : A2;
	5E0D : 2A;
	5E0E : A2;
	5E0F : D0;
	5E10 : 70;
	5E11 : BC;
	5E12 : 23;
	5E13 : 0C;
	5E14 : 8A;
	5E15 : 05;
	5E16 : 00;
	5E17 : AB;
	5E18 : 93;
	5E19 : 18;
	5E1A : 29;
	5E1B : 99;
	5E1C : DF;
	5E1D : 13;
	5E1E : 10;
	5E1F : 58;
	5E20 : 81;
	5E21 : AC;
	5E22 : A1;
	5E23 : 82;
	5E24 : 3A;
	5E25 : 0A;
	5E26 : DD;
	5E27 : 03;
	5E28 : 2C;
	5E29 : 94;
	5E2A : 34;
	5E2B : B9;
	5E2C : 51;
	5E2D : 01;
	5E2E : A1;
	5E2F : 0C;
	5E30 : 13;
	5E31 : 6A;
	5E32 : 07;
	5E33 : 89;
	5E34 : 89;
	5E35 : 8A;
	5E36 : 00;
	5E37 : 81;
	5E38 : 85;
	5E39 : 9D;
	5E3A : A8;
	5E3B : 09;
	5E3C : 9C;
	5E3D : 0B;
	5E3E : 93;
	5E3F : 44;
	5E40 : B0;
	5E41 : 8D;
	5E42 : 24;
	5E43 : 0A;
	5E44 : 84;
	5E45 : 0B;
	5E46 : AA;
	5E47 : 02;
	5E48 : 10;
	5E49 : A0;
	5E4A : 64;
	5E4B : 8A;
	5E4C : 02;
	5E4D : 04;
	5E4E : 39;
	5E4F : C0;
	5E50 : 28;
	5E51 : 52;
	5E52 : 30;
	5E53 : 83;
	5E54 : 44;
	5E55 : AE;
	5E56 : BC;
	5E57 : 99;
	5E58 : 88;
	5E59 : BC;
	5E5A : B1;
	5E5B : 1B;
	5E5C : 29;
	5E5D : 07;
	5E5E : 52;
	5E5F : 02;
	5E60 : 9C;
	5E61 : BC;
	5E62 : A3;
	5E63 : 21;
	5E64 : A9;
	5E65 : 60;
	5E66 : 02;
	5E67 : 28;
	5E68 : 81;
	5E69 : 99;
	5E6A : 36;
	5E6B : 9C;
	5E6C : 90;
	5E6D : 40;
	5E6E : 92;
	5E6F : 01;
	5E70 : 82;
	5E71 : 2F;
	5E72 : BC;
	5E73 : A8;
	5E74 : 19;
	5E75 : 11;
	5E76 : BA;
	5E77 : 36;
	5E78 : 19;
	5E79 : A0;
	5E7A : 3A;
	5E7B : 11;
	5E7C : C3;
	5E7D : 02;
	5E7E : 19;
	5E7F : EA;
	5E80 : 7F;
	5E81 : 51;
	5E82 : 88;
	5E83 : 47;
	5E84 : 8A;
	5E85 : 10;
	5E86 : D9;
	5E87 : 1A;
	5E88 : B2;
	5E89 : AF;
	5E8A : 12;
	5E8B : 89;
	5E8C : 82;
	5E8D : 09;
	5E8E : 27;
	5E8F : 21;
	5E90 : 98;
	5E91 : 01;
	5E92 : 40;
	5E93 : 98;
	5E94 : A0;
	5E95 : 20;
	5E96 : 8F;
	5E97 : A9;
	5E98 : A1;
	5E99 : 10;
	5E9A : F0;
	5E9B : 9B;
	5E9C : 95;
	5E9D : 3A;
	5E9E : 89;
	5E9F : A0;
	5EA0 : 9B;
	5EA1 : 30;
	5EA2 : 37;
	5EA3 : 30;
	5EA4 : 21;
	5EA5 : EA;
	5EA6 : 80;
	5EA7 : 41;
	5EA8 : B8;
	5EA9 : 06;
	5EAA : 02;
	5EAB : 1B;
	5EAC : 18;
	5EAD : 8F;
	5EAE : 90;
	5EAF : 98;
	5EB0 : 05;
	5EB1 : 02;
	5EB2 : 1B;
	5EB3 : A8;
	5EB4 : AA;
	5EB5 : E9;
	5EB6 : 62;
	5EB7 : 89;
	5EB8 : 88;
	5EB9 : 89;
	5EBA : 0A;
	5EBB : 90;
	5EBC : 23;
	5EBD : AC;
	5EBE : 25;
	5EBF : 31;
	5EC0 : 19;
	5EC1 : 14;
	5EC2 : 38;
	5EC3 : B0;
	5EC4 : 0B;
	5EC5 : FD;
	5EC6 : 8B;
	5EC7 : E8;
	5EC8 : 41;
	5EC9 : 80;
	5ECA : 09;
	5ECB : 90;
	5ECC : 84;
	5ECD : 48;
	5ECE : 91;
	5ECF : 3C;
	5ED0 : 99;
	5ED1 : 01;
	5ED2 : A6;
	5ED3 : 88;
	5ED4 : 8A;
	5ED5 : A5;
	5ED6 : 0E;
	5ED7 : 18;
	5ED8 : 18;
	5ED9 : 90;
	5EDA : 40;
	5EDB : C9;
	5EDC : 02;
	5EDD : 02;
	5EDE : 88;
	5EDF : 31;
	5EE0 : 03;
	5EE1 : 5D;
	5EE2 : 0A;
	5EE3 : 81;
	5EE4 : 98;
	5EE5 : C7;
	5EE6 : 0B;
	5EE7 : C8;
	5EE8 : 91;
	5EE9 : 22;
	5EEA : 69;
	5EEB : 80;
	5EEC : 91;
	5EED : 2A;
	5EEE : C2;
	5EEF : 1A;
	5EF0 : 01;
	5EF1 : B9;
	5EF2 : 9F;
	5EF3 : 83;
	5EF4 : A0;
	5EF5 : 00;
	5EF6 : 29;
	5EF7 : 81;
	5EF8 : AF;
	5EF9 : C0;
	5EFA : B0;
	5EFB : 52;
	5EFC : 38;
	5EFD : 22;
	5EFE : 06;
	5EFF : 8B;
	5F00 : 7F;
	5F01 : 19;
	5F02 : 97;
	5F03 : 3A;
	5F04 : A9;
	5F05 : B0;
	5F06 : 19;
	5F07 : A3;
	5F08 : 1F;
	5F09 : B3;
	5F0A : 25;
	5F0B : 0A;
	5F0C : 11;
	5F0D : 9A;
	5F0E : 1B;
	5F0F : C1;
	5F10 : 51;
	5F11 : 28;
	5F12 : D9;
	5F13 : 10;
	5F14 : 19;
	5F15 : EC;
	5F16 : A1;
	5F17 : 1A;
	5F18 : 85;
	5F19 : 81;
	5F1A : 2A;
	5F1B : B9;
	5F1C : 68;
	5F1D : 23;
	5F1E : AF;
	5F1F : 84;
	5F20 : 98;
	5F21 : 93;
	5F22 : 42;
	5F23 : 31;
	5F24 : 0E;
	5F25 : 99;
	5F26 : 99;
	5F27 : 80;
	5F28 : B2;
	5F29 : 2A;
	5F2A : 90;
	5F2B : 93;
	5F2C : 74;
	5F2D : 81;
	5F2E : 09;
	5F2F : 34;
	5F30 : 5B;
	5F31 : 93;
	5F32 : 9C;
	5F33 : C0;
	5F34 : 9A;
	5F35 : A1;
	5F36 : 9B;
	5F37 : 89;
	5F38 : 3C;
	5F39 : AC;
	5F3A : 97;
	5F3B : 8B;
	5F3C : 81;
	5F3D : 02;
	5F3E : 24;
	5F3F : 39;
	5F40 : BB;
	5F41 : 40;
	5F42 : 13;
	5F43 : BA;
	5F44 : 4E;
	5F45 : C9;
	5F46 : 99;
	5F47 : 15;
	5F48 : 34;
	5F49 : 28;
	5F4A : AA;
	5F4B : 33;
	5F4C : 83;
	5F4D : 23;
	5F4E : 30;
	5F4F : 82;
	5F50 : 9D;
	5F51 : FA;
	5F52 : 00;
	5F53 : 8D;
	5F54 : 90;
	5F55 : 80;
	5F56 : 9C;
	5F57 : A9;
	5F58 : 13;
	5F59 : 14;
	5F5A : 09;
	5F5B : FE;
	5F5C : 10;
	5F5D : 10;
	5F5E : 42;
	5F5F : 08;
	5F60 : A9;
	5F61 : 12;
	5F62 : 8A;
	5F63 : AA;
	5F64 : 60;
	5F65 : BD;
	5F66 : A0;
	5F67 : 24;
	5F68 : A8;
	5F69 : 2A;
	5F6A : C0;
	5F6B : 3B;
	5F6C : 9A;
	5F6D : 97;
	5F6E : 2A;
	5F6F : 82;
	5F70 : 22;
	5F71 : 13;
	5F72 : 63;
	5F73 : 2A;
	5F74 : 8A;
	5F75 : EB;
	5F76 : 92;
	5F77 : 58;
	5F78 : 02;
	5F79 : A9;
	5F7A : 8C;
	5F7B : 93;
	5F7C : 3C;
	5F7D : 0C;
	5F7E : BA;
	5F7F : 80;
	5F80 : 7F;
	5F81 : 97;
	5F82 : 40;
	5F83 : 98;
	5F84 : AB;
	5F85 : 9A;
	5F86 : 92;
	5F87 : 71;
	5F88 : A9;
	5F89 : 15;
	5F8A : 90;
	5F8B : 03;
	5F8C : 50;
	5F8D : 81;
	5F8E : 1A;
	5F8F : 94;
	5F90 : 89;
	5F91 : AF;
	5F92 : 98;
	5F93 : 91;
	5F94 : 82;
	5F95 : 0C;
	5F96 : CB;
	5F97 : 02;
	5F98 : 28;
	5F99 : 1D;
	5F9A : 58;
	5F9B : A2;
	5F9C : 84;
	5F9D : A0;
	5F9E : 10;
	5F9F : 8D;
	5FA0 : 90;
	5FA1 : 38;
	5FA2 : 12;
	5FA3 : AD;
	5FA4 : B2;
	5FA5 : 15;
	5FA6 : 93;
	5FA7 : 14;
	5FA8 : 50;
	5FA9 : DB;
	5FAA : 82;
	5FAB : 3A;
	5FAC : 37;
	5FAD : 1C;
	5FAE : B0;
	5FAF : 08;
	5FB0 : 90;
	5FB1 : 04;
	5FB2 : 98;
	5FB3 : 99;
	5FB4 : 3E;
	5FB5 : 10;
	5FB6 : 3A;
	5FB7 : A2;
	5FB8 : 89;
	5FB9 : FB;
	5FBA : 32;
	5FBB : D0;
	5FBC : 23;
	5FBD : 28;
	5FBE : 8E;
	5FBF : A3;
	5FC0 : 11;
	5FC1 : 63;
	5FC2 : 10;
	5FC3 : 80;
	5FC4 : CB;
	5FC5 : 8E;
	5FC6 : 90;
	5FC7 : 88;
	5FC8 : 01;
	5FC9 : BB;
	5FCA : 68;
	5FCB : 94;
	5FCC : 30;
	5FCD : 03;
	5FCE : 59;
	5FCF : A8;
	5FD0 : A2;
	5FD1 : AF;
	5FD2 : 8A;
	5FD3 : B9;
	5FD4 : 01;
	5FD5 : B1;
	5FD6 : 19;
	5FD7 : 81;
	5FD8 : 43;
	5FD9 : 53;
	5FDA : 94;
	5FDB : 2B;
	5FDC : 82;
	5FDD : 1C;
	5FDE : 90;
	5FDF : 14;
	5FE0 : 01;
	5FE1 : 2B;
	5FE2 : 87;
	5FE3 : 9A;
	5FE4 : 9B;
	5FE5 : FC;
	5FE6 : 23;
	5FE7 : AA;
	5FE8 : 99;
	5FE9 : 14;
	5FEA : 29;
	5FEB : 44;
	5FEC : 9C;
	5FED : 11;
	5FEE : 01;
	5FEF : 90;
	5FF0 : 9A;
	5FF1 : D1;
	5FF2 : 51;
	5FF3 : 89;
	5FF4 : BF;
	5FF5 : 82;
	5FF6 : 05;
	5FF7 : 20;
	5FF8 : 88;
	5FF9 : 8F;
	5FFA : 99;
	5FFB : 04;
	5FFC : 98;
	5FFD : 01;
	5FFE : 21;
	5FFF : 18;
	6000 : 7F;
	6001 : CA;
	6002 : 8C;
	6003 : A9;
	6004 : 89;
	6005 : 26;
	6006 : 80;
	6007 : AD;
	6008 : 81;
	6009 : 09;
	600A : 43;
	600B : 98;
	600C : 01;
	600D : 35;
	600E : 08;
	600F : 44;
	6010 : 20;
	6011 : 99;
	6012 : B9;
	6013 : 70;
	6014 : AC;
	6015 : 99;
	6016 : BB;
	6017 : 18;
	6018 : 15;
	6019 : 3A;
	601A : B1;
	601B : 11;
	601C : 28;
	601D : 78;
	601E : 32;
	601F : D9;
	6020 : 99;
	6021 : 81;
	6022 : 9A;
	6023 : 73;
	6024 : 1B;
	6025 : BA;
	6026 : 0A;
	6027 : C2;
	6028 : 3E;
	6029 : A2;
	602A : 01;
	602B : 11;
	602C : 8C;
	602D : 01;
	602E : 58;
	602F : B2;
	6030 : 3C;
	6031 : C8;
	6032 : 00;
	6033 : 07;
	6034 : 20;
	6035 : 91;
	6036 : 9B;
	6037 : 2D;
	6038 : CA;
	6039 : 94;
	603A : 48;
	603B : 98;
	603C : 13;
	603D : 01;
	603E : 88;
	603F : 08;
	6040 : 89;
	6041 : CB;
	6042 : 17;
	6043 : 32;
	6044 : 1B;
	6045 : F8;
	6046 : 88;
	6047 : 10;
	6048 : 9C;
	6049 : 01;
	604A : 81;
	604B : 22;
	604C : 90;
	604D : 69;
	604E : A4;
	604F : BD;
	6050 : 81;
	6051 : BA;
	6052 : 12;
	6053 : 78;
	6054 : A9;
	6055 : AC;
	6056 : 03;
	6057 : B8;
	6058 : 58;
	6059 : D9;
	605A : 27;
	605B : 21;
	605C : 12;
	605D : 29;
	605E : A1;
	605F : 88;
	6060 : 8A;
	6061 : AE;
	6062 : 88;
	6063 : 01;
	6064 : AE;
	6065 : C1;
	6066 : 21;
	6067 : D9;
	6068 : 29;
	6069 : 81;
	606A : 12;
	606B : 0F;
	606C : 81;
	606D : 88;
	606E : 92;
	606F : 42;
	6070 : 01;
	6071 : 00;
	6072 : 8A;
	6073 : AE;
	6074 : 02;
	6075 : 93;
	6076 : 81;
	6077 : 35;
	6078 : 0E;
	6079 : 81;
	607A : 8D;
	607B : 03;
	607C : 0A;
	607D : A0;
	607E : 23;
	607F : AE;
	6080 : 7F;
	6081 : B0;
	6082 : 39;
	6083 : 08;
	6084 : CC;
	6085 : 14;
	6086 : 09;
	6087 : 21;
	6088 : 02;
	6089 : 0B;
	608A : D4;
	608B : 00;
	608C : 20;
	608D : 60;
	608E : 30;
	608F : B0;
	6090 : 90;
	6091 : 8F;
	6092 : A2;
	6093 : 19;
	6094 : BE;
	6095 : 83;
	6096 : 1A;
	6097 : A1;
	6098 : 9A;
	6099 : 8A;
	609A : 97;
	609B : 58;
	609C : A1;
	609D : 32;
	609E : 9F;
	609F : 91;
	60A0 : 01;
	60A1 : 18;
	60A2 : AD;
	60A3 : A1;
	60A4 : 35;
	60A5 : A8;
	60A6 : 23;
	60A7 : 1B;
	60A8 : CB;
	60A9 : 24;
	60AA : 40;
	60AB : B2;
	60AC : DA;
	60AD : 0A;
	60AE : 07;
	60AF : 28;
	60B0 : 08;
	60B1 : 82;
	60B2 : 38;
	60B3 : AB;
	60B4 : BC;
	60B5 : 84;
	60B6 : 8D;
	60B7 : F8;
	60B8 : 90;
	60B9 : 29;
	60BA : A0;
	60BB : 31;
	60BC : A3;
	60BD : 34;
	60BE : 49;
	60BF : 00;
	60C0 : AA;
	60C1 : 05;
	60C2 : 4A;
	60C3 : 08;
	60C4 : BB;
	60C5 : CA;
	60C6 : 35;
	60C7 : 29;
	60C8 : 95;
	60C9 : 0A;
	60CA : 08;
	60CB : 34;
	60CC : 01;
	60CD : 8A;
	60CE : C9;
	60CF : 0A;
	60D0 : F8;
	60D1 : 39;
	60D2 : A1;
	60D3 : 3A;
	60D4 : DA;
	60D5 : 13;
	60D6 : 30;
	60D7 : E1;
	60D8 : 40;
	60D9 : A9;
	60DA : 89;
	60DB : 25;
	60DC : 19;
	60DD : BB;
	60DE : CB;
	60DF : 13;
	60E0 : 89;
	60E1 : 2C;
	60E2 : 31;
	60E3 : 00;
	60E4 : C2;
	60E5 : 32;
	60E6 : BF;
	60E7 : B3;
	60E8 : 48;
	60E9 : 13;
	60EA : 2C;
	60EB : 83;
	60EC : 9F;
	60ED : 99;
	60EE : 24;
	60EF : 1B;
	60F0 : D2;
	60F1 : 60;
	60F2 : 88;
	60F3 : A9;
	60F4 : 01;
	60F5 : 9B;
	60F6 : 91;
	60F7 : 20;
	60F8 : AB;
	60F9 : 91;
	60FA : 07;
	60FB : 69;
	60FC : 02;
	60FD : 48;
	60FE : 9A;
	60FF : 89;
	6100 : 7F;
	6101 : AB;
	6102 : 90;
	6103 : 9A;
	6104 : CC;
	6105 : 90;
	6106 : 60;
	6107 : 95;
	6108 : 11;
	6109 : 23;
	610A : 10;
	610B : 92;
	610C : 18;
	610D : 00;
	610E : 99;
	610F : 0A;
	6110 : 5A;
	6111 : FB;
	6112 : 90;
	6113 : 2B;
	6114 : CB;
	6115 : B1;
	6116 : 06;
	6117 : 41;
	6118 : 11;
	6119 : BC;
	611A : 29;
	611B : 99;
	611C : BB;
	611D : 02;
	611E : 45;
	611F : 0A;
	6120 : 25;
	6121 : 0A;
	6122 : 09;
	6123 : 01;
	6124 : B9;
	6125 : 80;
	6126 : A8;
	6127 : AC;
	6128 : 81;
	6129 : 7A;
	612A : 91;
	612B : 23;
	612C : A9;
	612D : 44;
	612E : 02;
	612F : 0B;
	6130 : FB;
	6131 : 28;
	6132 : 98;
	6133 : A0;
	6134 : 83;
	6135 : 72;
	6136 : B9;
	6137 : 18;
	6138 : 10;
	6139 : A0;
	613A : 91;
	613B : 33;
	613C : 70;
	613D : B9;
	613E : 00;
	613F : 92;
	6140 : E0;
	6141 : 29;
	6142 : 99;
	6143 : 09;
	6144 : FE;
	6145 : 80;
	6146 : 10;
	6147 : 83;
	6148 : 23;
	6149 : 31;
	614A : 8A;
	614B : 19;
	614C : 8B;
	614D : 50;
	614E : B2;
	614F : E9;
	6150 : 11;
	6151 : 28;
	6152 : B1;
	6153 : 01;
	6154 : 59;
	6155 : B9;
	6156 : 8E;
	6157 : AA;
	6158 : 92;
	6159 : 37;
	615A : 19;
	615B : 98;
	615C : 88;
	615D : 08;
	615E : 20;
	615F : 18;
	6160 : 47;
	6161 : 2A;
	6162 : CA;
	6163 : 08;
	6164 : 18;
	6165 : 98;
	6166 : 82;
	6167 : 8B;
	6168 : B9;
	6169 : 13;
	616A : 2A;
	616B : 0B;
	616C : C1;
	616D : 82;
	616E : 03;
	616F : 10;
	6170 : 61;
	6171 : B8;
	6172 : 19;
	6173 : 92;
	6174 : 42;
	6175 : 1A;
	6176 : A1;
	6177 : 8A;
	6178 : 9C;
	6179 : A9;
	617A : 90;
	617B : 13;
	617C : 18;
	617D : BA;
	617E : 09;
	617F : 04;
	6180 : 7F;
	6181 : A1;
	6182 : 18;
	6183 : A0;
	6184 : 14;
	6185 : 10;
	6186 : A9;
	6187 : 41;
	6188 : 00;
	6189 : 09;
	618A : A0;
	618B : 80;
	618C : 86;
	618D : 2A;
	618E : 85;
	618F : 8D;
	6190 : 89;
	6191 : A9;
	6192 : 31;
	6193 : C3;
	6194 : 89;
	6195 : 10;
	6196 : BD;
	6197 : C9;
	6198 : 81;
	6199 : 49;
	619A : 83;
	619B : 39;
	619C : 92;
	619D : 21;
	619E : 00;
	619F : 03;
	61A0 : 71;
	61A1 : A9;
	61A2 : 8D;
	61A3 : 91;
	61A4 : 02;
	61A5 : 19;
	61A6 : 80;
	61A7 : BB;
	61A8 : 02;
	61A9 : 00;
	61AA : 22;
	61AB : 08;
	61AC : 48;
	61AD : 03;
	61AE : 98;
	61AF : BB;
	61B0 : 89;
	61B1 : AD;
	61B2 : C8;
	61B3 : 10;
	61B4 : 89;
	61B5 : 33;
	61B6 : 9B;
	61B7 : 84;
	61B8 : 1A;
	61B9 : 04;
	61BA : 19;
	61BB : 11;
	61BC : AB;
	61BD : 0A;
	61BE : 06;
	61BF : 29;
	61C0 : 03;
	61C1 : 8D;
	61C2 : A0;
	61C3 : 92;
	61C4 : 18;
	61C5 : 22;
	61C6 : 20;
	61C7 : 88;
	61C8 : 8B;
	61C9 : 98;
	61CA : A8;
	61CB : 04;
	61CC : 88;
	61CD : 88;
	61CE : 19;
	61CF : 82;
	61D0 : 18;
	61D1 : A0;
	61D2 : 23;
	61D3 : AA;
	61D4 : A9;
	61D5 : 12;
	61D6 : 11;
	61D7 : 2A;
	61D8 : AD;
	61D9 : 93;
	61DA : 1A;
	61DB : A9;
	61DC : A9;
	61DD : 81;
	61DE : 42;
	61DF : B9;
	61E0 : 0A;
	61E1 : 09;
	61E2 : 82;
	61E3 : 2B;
	61E4 : 93;
	61E5 : 24;
	61E6 : 40;
	61E7 : C8;
	61E8 : 81;
	61E9 : 2A;
	61EA : 82;
	61EB : 02;
	61EC : 1B;
	61ED : C8;
	61EE : 82;
	61EF : 11;
	61F0 : 00;
	61F1 : 3A;
	61F2 : B8;
	61F3 : 89;
	61F4 : A9;
	61F5 : A8;
	61F6 : 21;
	61F7 : 01;
	61F8 : 09;
	61F9 : 00;
	61FA : 29;
	61FB : 01;
	61FC : 8A;
	61FD : 88;
	61FE : 98;
	61FF : 0B;
	6200 : 7F;
	6201 : A2;
	6202 : 90;
	6203 : 43;
	6204 : 00;
	6205 : 89;
	6206 : 08;
	6207 : 8A;
	6208 : 01;
	6209 : C9;
	620A : 11;
	620B : 10;
	620C : 80;
	620D : 91;
	620E : 31;
	620F : 99;
	6210 : 00;
	6211 : 1A;
	6212 : 88;
	6213 : 31;
	6214 : 0A;
	6215 : 88;
	6216 : 93;
	6217 : 28;
	6218 : 99;
	6219 : 80;
	621A : 08;
	621B : 00;
	621C : 08;
	621D : B9;
	621E : 11;
	621F : 20;
	6220 : 90;
	6221 : 00;
	6222 : 00;
	6223 : AA;
	6224 : 89;
	6225 : 98;
	6226 : 09;
	6227 : 91;
	6228 : 1A;
	6229 : 90;
	622A : 00;
	622B : 80;
	622C : 11;
	622D : 18;
	622E : 01;
	622F : 01;
	6230 : 0A;
	6231 : 88;
	6232 : 11;
	6233 : 90;
	6234 : 12;
	6235 : 0A;
	6236 : 98;
	6237 : 20;
	6238 : 9B;
	6239 : 98;
	623A : 81;
	623B : 09;
	623C : 90;
	623D : 20;
	623E : 08;
	623F : 0A;
	6240 : 01;
	6241 : 09;
	6242 : 90;
	6243 : 02;
	6244 : 08;
	6245 : 82;
	6246 : 8A;
	6247 : A9;
	6248 : 03;
	6249 : 09;
	624A : 99;
	624B : 31;
	624C : 02;
	624D : 8A;
	624E : 12;
	624F : 0A;
	6250 : 08;
	6251 : B8;
	6252 : 01;
	6253 : 10;
	6254 : 80;
	6255 : 30;
	6256 : 88;
	6257 : B0;
	6258 : 88;
	6259 : 98;
	625A : 09;
	625B : 28;
	625C : 80;
	625D : 80;
	625E : 90;
	625F : 09;
	6260 : 88;
	6261 : 99;
	6262 : 88;
	6263 : 10;
	6264 : 08;
	6265 : 82;
	6266 : 18;
	6267 : 98;
	6268 : 09;
	6269 : 10;
	626A : 11;
	626B : 81;
	626C : 11;
	626D : 88;
	626E : 80;
	626F : 08;
	6270 : 91;
	6271 : 08;
	6272 : 90;
	6273 : 00;
	6274 : 10;
	6275 : AA;
	6276 : 80;
	6277 : 88;
	6278 : 81;
	6279 : 19;
	627A : 00;
	627B : 09;
	627C : 00;
	627D : 90;
	627E : 98;
	627F : 01;
	6280 : 64;
	6281 : 00;
	6282 : 09;
	6283 : 80;
	6284 : 08;
	6285 : 09;
	6286 : 08;
	6287 : 88;
	6288 : 90;
	6289 : 00;
	628A : 00;
	628B : 11;
	628C : 8A;
	628D : 90;
	628E : 00;
	628F : 80;
	6290 : 09;
	6291 : 80;
	6292 : 19;
	6293 : 98;
	6294 : 09;
	6295 : 01;
	6296 : 01;
	6297 : 88;
	6298 : 00;
	6299 : 80;
	629A : 00;
	629B : 18;
	629C : 80;
	629D : 08;
	629E : 00;
	629F : 80;
	62A0 : 08;
	62A1 : 80;
	62A2 : 08;
	62A3 : 90;
	62A4 : 99;
	62A5 : 00;
	62A6 : 08;
	62A7 : 08;
	62A8 : 08;
	62A9 : 80;
	62AA : 08;
	62AB : 90;
	62AC : 00;
	62AD : 08;
	62AE : 80;
	62AF : 80;
	62B0 : 00;
	62B1 : 08;
	62B2 : 80;
	62B3 : 88;
	62B4 : 08;
	62B5 : 80;
	62B6 : 08;
	62B7 : 00;
	62B8 : 88;
	62B9 : 00;
	62BA : 08;
	62BB : 88;
	62BC : 08;
	62BD : 08;
	62BE : 08;
	62BF : 00;
	62C0 : 80;
	62C1 : 90;
	62C2 : 88;
	62C3 : 00;
	62C4 : 88;
	62C5 : 08;
	62C6 : 10;
	62C7 : 88;
	62C8 : 00;
	62C9 : 80;
	62CA : 80;
	62CB : 80;
	62CC : 08;
	62CD : 08;
	62CE : 80;
	62CF : 80;
	62D0 : 80;
	62D1 : 08;
	62D2 : 80;
	62D3 : 80;
	62D4 : 88;
	62D5 : 00;
	62D6 : 88;
	62D7 : 00;
	62D8 : 88;
	62D9 : 00;
	62DA : 80;
	62DB : 80;
	62DC : 80;
	62DD : 80;
	62DE : 80;
	62DF : 80;
	62E0 : 80;
	62E1 : 80;
	62E2 : 80;
	62E3 : 80;
	62E4 : 80;
	62E5 : 00;
	62E6 : 00;
	62E7 : 00;
	62E8 : 00;
	62E9 : 00;
	62EA : 00;
	62EB : 00;
	62EC : 00;
	62ED : 00;
	62EE : 00;
	62EF : 00;
	62F0 : 7F;
	62F1 : 00;
	62F2 : 80;
	62F3 : 80;
	62F4 : 80;
	62F5 : 80;
	62F6 : 80;
	62F7 : 80;
	62F8 : 80;
	62F9 : 80;
	62FA : 80;
	62FB : 80;
	62FC : 80;
	62FD : 80;
	62FE : 88;
	62FF : 08;
	6300 : 91;
	6301 : 49;
	6302 : C4;
	6303 : C1;
	6304 : 3E;
	6305 : 10;
	6306 : 2C;
	6307 : 87;
	6308 : B2;
	6309 : 0C;
	630A : 4A;
	630B : 91;
	630C : 18;
	630D : B5;
	630E : 89;
	630F : 2D;
	6310 : 30;
	6311 : E2;
	6312 : 00;
	6313 : 1E;
	6314 : 10;
	6315 : 80;
	6316 : 18;
	6317 : A8;
	6318 : 22;
	6319 : A9;
	631A : C7;
	631B : 80;
	631C : C1;
	631D : 4B;
	631E : 1A;
	631F : 11;
	6320 : 0A;
	6321 : B6;
	6322 : 92;
	6323 : A9;
	6324 : 2A;
	6325 : 18;
	6326 : 31;
	6327 : E0;
	6328 : 08;
	6329 : 6D;
	632A : 19;
	632B : 02;
	632C : A1;
	632D : 00;
	632E : BA;
	632F : 78;
	6330 : 19;
	6331 : D3;
	6332 : 1A;
	6333 : 94;
	6334 : B9;
	6335 : 52;
	6336 : 8D;
	6337 : 94;
	6338 : 1F;
	6339 : 48;
	633A : 98;
	633B : D2;
	633C : 12;
	633D : A8;
	633E : 85;
	633F : 9A;
	6340 : 88;
	6341 : 4B;
	6342 : A3;
	6343 : 21;
	6344 : 93;
	6345 : FA;
	6346 : 24;
	6347 : C2;
	6348 : 8E;
	6349 : 13;
	634A : 0B;
	634B : 81;
	634C : 88;
	634D : 38;
	634E : C4;
	634F : B3;
	6350 : BA;
	6351 : 58;
	6352 : 3A;
	6353 : A0;
	6354 : 2B;
	6355 : 32;
	6356 : A2;
	6357 : FB;
	6358 : 25;
	6359 : 99;
	635A : 3D;
	635B : 23;
	635C : CA;
	635D : 38;
	635E : E2;
	635F : 1A;
	6360 : 5A;
	6361 : 81;
	6362 : C5;
	6363 : 99;
	6364 : 19;
	6365 : 29;
	6366 : 81;
	6367 : 09;
	6368 : 09;
	6369 : A7;
	636A : 9A;
	636B : 31;
	636C : BA;
	636D : 48;
	636E : 30;
	636F : E1;
	6370 : 7F;
	6371 : 2C;
	6372 : 94;
	6373 : 1B;
	6374 : 8A;
	6375 : 12;
	6376 : 1C;
	6377 : 34;
	6378 : F8;
	6379 : 3B;
	637A : 14;
	637B : B1;
	637C : 9B;
	637D : A4;
	637E : 19;
	637F : 28;
	6380 : 33;
	6381 : FB;
	6382 : 39;
	6383 : 25;
	6384 : 8A;
	6385 : AB;
	6386 : 53;
	6387 : C0;
	6388 : 88;
	6389 : BA;
	638A : 63;
	638B : 8A;
	638C : 8B;
	638D : 51;
	638E : D8;
	638F : 23;
	6390 : 8A;
	6391 : 8A;
	6392 : B4;
	6393 : 3E;
	6394 : 48;
	6395 : B8;
	6396 : 23;
	6397 : C0;
	6398 : 2C;
	6399 : 48;
	639A : 99;
	639B : B3;
	639C : 00;
	639D : 32;
	639E : E1;
	639F : 0E;
	63A0 : 10;
	63A1 : 00;
	63A2 : 13;
	63A3 : BC;
	63A4 : 05;
	63A5 : A8;
	63A6 : A9;
	63A7 : 30;
	63A8 : 14;
	63A9 : 1B;
	63AA : 99;
	63AB : E1;
	63AC : 3D;
	63AD : 05;
	63AE : 89;
	63AF : A3;
	63B0 : 2B;
	63B1 : 9B;
	63B2 : 61;
	63B3 : A8;
	63B4 : C1;
	63B5 : 21;
	63B6 : 3E;
	63B7 : 94;
	63B8 : 0C;
	63B9 : 92;
	63BA : 03;
	63BB : 2B;
	63BC : 9D;
	63BD : 92;
	63BE : 13;
	63BF : 3A;
	63C0 : AF;
	63C1 : 95;
	63C2 : 19;
	63C3 : 9A;
	63C4 : A3;
	63C5 : 10;
	63C6 : 00;
	63C7 : 14;
	63C8 : 3F;
	63C9 : A4;
	63CA : 0C;
	63CB : 83;
	63CC : 1C;
	63CD : A4;
	63CE : 1B;
	63CF : 91;
	63D0 : 02;
	63D1 : 4C;
	63D2 : A3;
	63D3 : 29;
	63D4 : 88;
	63D5 : AB;
	63D6 : D2;
	63D7 : 10;
	63D8 : 10;
	63D9 : 10;
	63DA : 80;
	63DB : 81;
	63DC : 88;
	63DD : 16;
	63DE : 7C;
	63DF : C1;
	63E0 : 00;
	63E1 : 02;
	63E2 : 4A;
	63E3 : 9B;
	63E4 : D3;
	63E5 : 48;
	63E6 : 98;
	63E7 : 90;
	63E8 : 09;
	63E9 : 08;
	63EA : 00;
	63EB : 8D;
	63EC : E1;
	63ED : 32;
	63EE : 58;
	63EF : AA;
	63F0 : 7F;
	63F1 : C3;
	63F2 : 5A;
	63F3 : C1;
	63F4 : 11;
	63F5 : 38;
	63F6 : A8;
	63F7 : 90;
	63F8 : 98;
	63F9 : 08;
	63FA : 80;
	63FB : 89;
	63FC : BF;
	63FD : D4;
	63FE : 60;
	63FF : AA;
	6400 : 93;
	6401 : 40;
	6402 : AC;
	6403 : 92;
	6404 : 01;
	6405 : 81;
	6406 : 00;
	6407 : 70;
	6408 : AC;
	6409 : 92;
	640A : 40;
	640B : 98;
	640C : 90;
	640D : 90;
	640E : 89;
	640F : 08;
	6410 : 09;
	6411 : 9F;
	6412 : C2;
	6413 : 11;
	6414 : 83;
	6415 : 00;
	6416 : 18;
	6417 : 00;
	6418 : 02;
	6419 : 77;
	641A : 99;
	641B : 98;
	641C : E9;
	641D : 01;
	641E : 19;
	641F : 10;
	6420 : 26;
	6421 : 1A;
	6422 : 89;
	6423 : 88;
	6424 : 98;
	6425 : 88;
	6426 : 9F;
	6427 : B3;
	6428 : 71;
	6429 : 88;
	642A : 88;
	642B : 89;
	642C : 18;
	642D : 89;
	642E : EA;
	642F : 26;
	6430 : 29;
	6431 : BB;
	6432 : 34;
	6433 : 28;
	6434 : 98;
	6435 : 9D;
	6436 : B2;
	6437 : 53;
	6438 : 99;
	6439 : 08;
	643A : 09;
	643B : 88;
	643C : 09;
	643D : EE;
	643E : 00;
	643F : 83;
	6440 : 10;
	6441 : 82;
	6442 : 37;
	6443 : 08;
	6444 : 0A;
	6445 : 98;
	6446 : 09;
	6447 : 8A;
	6448 : 08;
	6449 : AC;
	644A : FA;
	644B : 00;
	644C : 33;
	644D : 80;
	644E : 11;
	644F : 28;
	6450 : 00;
	6451 : 11;
	6452 : 88;
	6453 : 37;
	6454 : 74;
	6455 : 98;
	6456 : EC;
	6457 : 80;
	6458 : 81;
	6459 : 01;
	645A : 80;
	645B : 45;
	645C : 88;
	645D : 0A;
	645E : 99;
	645F : 08;
	6460 : CF;
	6461 : 80;
	6462 : 03;
	6463 : 50;
	6464 : 88;
	6465 : AD;
	6466 : 80;
	6467 : 03;
	6468 : 40;
	6469 : 80;
	646A : 99;
	646B : 88;
	646C : 8B;
	646D : F9;
	646E : 00;
	646F : 45;
	6470 : 7F;
	6471 : 19;
	6472 : 09;
	6473 : 88;
	6474 : 80;
	6475 : 98;
	6476 : 90;
	6477 : 8B;
	6478 : FA;
	6479 : 00;
	647A : 08;
	647B : 00;
	647C : 36;
	647D : 00;
	647E : 80;
	647F : 18;
	6480 : 57;
	6481 : 18;
	6482 : 19;
	6483 : 88;
	6484 : BF;
	6485 : B1;
	6486 : 91;
	6487 : 08;
	6488 : 27;
	6489 : 28;
	648A : 09;
	648B : 80;
	648C : AF;
	648D : A1;
	648E : 91;
	648F : 08;
	6490 : 02;
	6491 : 19;
	6492 : 00;
	6493 : 18;
	6494 : 01;
	6495 : 00;
	6496 : 81;
	6497 : 88;
	6498 : 11;
	6499 : 08;
	649A : 09;
	649B : 09;
	649C : 66;
	649D : 74;
	649E : 09;
	649F : 88;
	64A0 : BF;
	64A1 : E0;
	64A2 : 80;
	64A3 : 80;
	64A4 : 01;
	64A5 : 18;
	64A6 : 00;
	64A7 : 88;
	64A8 : 17;
	64A9 : 48;
	64AA : 09;
	64AB : 80;
	64AC : 9A;
	64AD : B1;
	64AE : 88;
	64AF : 88;
	64B0 : 8F;
	64B1 : F8;
	64B2 : 08;
	64B3 : 18;
	64B4 : 16;
	64B5 : 38;
	64B6 : 80;
	64B7 : 80;
	64B8 : 9F;
	64B9 : B1;
	64BA : 80;
	64BB : 80;
	64BC : 11;
	64BD : 3A;
	64BE : 10;
	64BF : 81;
	64C0 : 80;
	64C1 : 80;
	64C2 : 02;
	64C3 : 48;
	64C4 : 80;
	64C5 : 80;
	64C6 : 80;
	64C7 : 80;
	64C8 : 82;
	64C9 : 48;
	64CA : 90;
	64CB : 88;
	64CC : 88;
	64CD : 88;
	64CE : 27;
	64CF : 77;
	64D0 : 70;
	64D1 : 88;
	64D2 : 88;
	64D3 : 88;
	64D4 : 9B;
	64D5 : E8;
	64D6 : 1A;
	64D7 : 08;
	64D8 : 08;
	64D9 : 00;
	64DA : 99;
	64DB : D0;
	64DC : 80;
	64DD : 08;
	64DE : 00;
	64DF : 08;
	64E0 : 0E;
	64E1 : EF;
	64E2 : 98;
	64E3 : 10;
	64E4 : 00;
	64E5 : 01;
	64E6 : 12;
	64E7 : 61;
	64E8 : 81;
	64E9 : 91;
	64EA : 08;
	64EB : 00;
	64EC : 13;
	64ED : 77;
	64EE : 10;
	64EF : 88;
	64F0 : 7F;
	64F1 : 88;
	64F2 : 88;
	64F3 : 9C;
	64F4 : FC;
	64F5 : 09;
	64F6 : 10;
	64F7 : 08;
	64F8 : 01;
	64F9 : 83;
	64FA : 74;
	64FB : 91;
	64FC : 98;
	64FD : 08;
	64FE : 09;
	64FF : 09;
	6500 : 88;
	6501 : 88;
	6502 : 8A;
	6503 : FF;
	6504 : A0;
	6505 : 81;
	6506 : 81;
	6507 : 81;
	6508 : 00;
	6509 : 00;
	650A : 00;
	650B : 00;
	650C : 02;
	650D : 72;
	650E : 80;
	650F : 80;
	6510 : 80;
	6511 : 08;
	6512 : 00;
	6513 : 80;
	6514 : 88;
	6515 : 00;
	6516 : 01;
	6517 : 73;
	6518 : 90;
	6519 : 89;
	651A : 08;
	651B : 98;
	651C : 88;
	651D : 0A;
	651E : 88;
	651F : A8;
	6520 : 99;
	6521 : 97;
	6522 : 77;
	6523 : 75;
	6524 : 09;
	6525 : 09;
	6526 : 88;
	6527 : 89;
	6528 : 89;
	6529 : 89;
	652A : DF;
	652B : 00;
	652C : 88;
	652D : 08;
	652E : 80;
	652F : 88;
	6530 : 08;
	6531 : 08;
	6532 : BD;
	6533 : 00;
	6534 : 00;
	6535 : 81;
	6536 : 80;
	6537 : 10;
	6538 : 00;
	6539 : 0A;
	653A : FF;
	653B : FB;
	653C : 57;
	653D : 08;
	653E : 80;
	653F : 80;
	6540 : 09;
	6541 : 08;
	6542 : 8A;
	6543 : 00;
	6544 : 80;
	6545 : 90;
	6546 : 00;
	6547 : 0A;
	6548 : BF;
	6549 : F8;
	654A : 00;
	654B : 81;
	654C : 00;
	654D : 01;
	654E : 57;
	654F : 29;
	6550 : 08;
	6551 : 08;
	6552 : 09;
	6553 : 80;
	6554 : CF;
	6555 : 91;
	6556 : 90;
	6557 : 00;
	6558 : 08;
	6559 : 18;
	655A : 22;
	655B : 18;
	655C : 18;
	655D : 13;
	655E : 88;
	655F : 08;
	6560 : 08;
	6561 : 08;
	6562 : 03;
	6563 : 09;
	6564 : 89;
	6565 : 09;
	6566 : 98;
	6567 : 77;
	6568 : 75;
	6569 : 08;
	656A : 88;
	656B : 90;
	656C : BD;
	656D : A0;
	656E : 90;
	656F : 88;
	6570 : 7F;
	6571 : 09;
	6572 : BF;
	6573 : F8;
	6574 : 91;
	6575 : 80;
	6576 : 00;
	6577 : 37;
	6578 : 58;
	6579 : 08;
	657A : 80;
	657B : 88;
	657C : 88;
	657D : 09;
	657E : 09;
	657F : 8B;
	6580 : A0;
	6581 : 80;
	6582 : 80;
	6583 : CF;
	6584 : F8;
	6585 : 00;
	6586 : 00;
	6587 : 02;
	6588 : 38;
	6589 : 00;
	658A : 00;
	658B : 26;
	658C : 70;
	658D : 80;
	658E : 88;
	658F : 9D;
	6590 : E0;
	6591 : 08;
	6592 : 00;
	6593 : 01;
	6594 : 08;
	6595 : 18;
	6596 : 00;
	6597 : 81;
	6598 : 18;
	6599 : 08;
	659A : 88;
	659B : 37;
	659C : 71;
	659D : 99;
	659E : B0;
	659F : 80;
	65A0 : 99;
	65A1 : 98;
	65A2 : 08;
	65A3 : AF;
	65A4 : E8;
	65A5 : 08;
	65A6 : 13;
	65A7 : 72;
	65A8 : 90;
	65A9 : 8B;
	65AA : E0;
	65AB : 80;
	65AC : 00;
	65AD : 20;
	65AE : 80;
	65AF : 04;
	65B0 : 60;
	65B1 : 88;
	65B2 : 9A;
	65B3 : F8;
	65B4 : 09;
	65B5 : 11;
	65B6 : 60;
	65B7 : 80;
	65B8 : 99;
	65B9 : E8;
	65BA : 19;
	65BB : 18;
	65BC : 11;
	65BD : 01;
	65BE : 50;
	65BF : 91;
	65C0 : A9;
	65C1 : 80;
	65C2 : 9B;
	65C3 : F9;
	65C4 : 18;
	65C5 : 36;
	65C6 : 08;
	65C7 : 09;
	65C8 : 88;
	65C9 : 80;
	65CA : BF;
	65CB : 80;
	65CC : 81;
	65CD : 20;
	65CE : 81;
	65CF : 82;
	65D0 : 18;
	65D1 : 84;
	65D2 : 72;
	65D3 : 90;
	65D4 : BF;
	65D5 : A1;
	65D6 : 91;
	65D7 : 01;
	65D8 : 08;
	65D9 : 00;
	65DA : 19;
	65DB : 10;
	65DC : 00;
	65DD : 94;
	65DE : 73;
	65DF : 9A;
	65E0 : FA;
	65E1 : 08;
	65E2 : 61;
	65E3 : 98;
	65E4 : C9;
	65E5 : 19;
	65E6 : 21;
	65E7 : 91;
	65E8 : 52;
	65E9 : 98;
	65EA : EA;
	65EB : 18;
	65EC : 42;
	65ED : 91;
	65EE : A9;
	65EF : 09;
	65F0 : 7F;
	65F1 : DA;
	65F2 : 18;
	65F3 : 22;
	65F4 : 81;
	65F5 : 72;
	65F6 : 91;
	65F7 : A9;
	65F8 : 09;
	65F9 : 8A;
	65FA : 09;
	65FB : FC;
	65FC : 18;
	65FD : 22;
	65FE : 80;
	65FF : 11;
	6600 : 32;
	6601 : CA;
	6602 : 22;
	6603 : 8B;
	6604 : 82;
	6605 : 2A;
	6606 : 98;
	6607 : 00;
	6608 : 81;
	6609 : 74;
	660A : CF;
	660B : 85;
	660C : 0B;
	660D : 92;
	660E : 39;
	660F : D8;
	6610 : 41;
	6611 : BA;
	6612 : 14;
	6613 : 8B;
	6614 : 94;
	6615 : 2A;
	6616 : C0;
	6617 : 40;
	6618 : BA;
	6619 : 35;
	661A : AB;
	661B : 04;
	661C : 1C;
	661D : 91;
	661E : 40;
	661F : D8;
	6620 : 22;
	6621 : AC;
	6622 : 05;
	6623 : 0B;
	6624 : 93;
	6625 : 2A;
	6626 : C0;
	6627 : 41;
	6628 : BB;
	6629 : 24;
	662A : 8C;
	662B : 83;
	662C : 2B;
	662D : C1;
	662E : 58;
	662F : B9;
	6630 : 34;
	6631 : AC;
	6632 : 85;
	6633 : 0A;
	6634 : A2;
	6635 : 49;
	6636 : B8;
	6637 : 33;
	6638 : CB;
	6639 : 16;
	663A : 8B;
	663B : 93;
	663C : 4A;
	663D : C0;
	663E : 40;
	663F : BA;
	6640 : 25;
	6641 : 9B;
	6642 : 84;
	6643 : 1B;
	6644 : A2;
	6645 : 48;
	6646 : C9;
	6647 : 33;
	6648 : BC;
	6649 : 05;
	664A : 0B;
	664B : A3;
	664C : 49;
	664D : C8;
	664E : 41;
	664F : BA;
	6650 : 15;
	6651 : 8B;
	6652 : 93;
	6653 : 3B;
	6654 : D2;
	6655 : 48;
	6656 : C8;
	6657 : 32;
	6658 : CA;
	6659 : 14;
	665A : 8C;
	665B : 83;
	665C : 2B;
	665D : C2;
	665E : 48;
	665F : C8;
	6660 : 32;
	6661 : BC;
	6662 : 24;
	6663 : 9B;
	6664 : 94;
	6665 : 3C;
	6666 : B2;
	6667 : 58;
	6668 : C8;
	6669 : 31;
	666A : AC;
	666B : 14;
	666C : 8B;
	666D : 94;
	666E : 2B;
	666F : B2;
	6670 : 7F;
	6671 : 58;
	6672 : C8;
	6673 : 32;
	6674 : AD;
	6675 : 04;
	6676 : 0B;
	6677 : A4;
	6678 : 2A;
	6679 : B1;
	667A : 40;
	667B : CA;
	667C : 33;
	667D : AC;
	667E : 05;
	667F : 0B;
	6680 : 92;
	6681 : 39;
	6682 : D8;
	6683 : 41;
	6684 : BB;
	6685 : 34;
	6686 : 9C;
	6687 : 04;
	6688 : 0B;
	6689 : A3;
	668A : 3A;
	668B : D0;
	668C : 50;
	668D : BA;
	668E : 34;
	668F : AB;
	6690 : 85;
	6691 : 1C;
	6692 : 92;
	6693 : 28;
	6694 : C8;
	6695 : 41;
	6696 : BB;
	6697 : 34;
	6698 : 9C;
	6699 : 03;
	669A : 1C;
	669B : A3;
	669C : 3A;
	669D : C8;
	669E : 51;
	669F : C9;
	66A0 : 23;
	66A1 : 9D;
	66A2 : 03;
	66A3 : 1B;
	66A4 : B2;
	66A5 : 40;
	66A6 : D9;
	66A7 : 33;
	66A8 : BC;
	66A9 : 05;
	66AA : 0B;
	66AB : 92;
	66AC : 39;
	66AD : D8;
	66AE : 41;
	66AF : BA;
	66B0 : 25;
	66B1 : 9B;
	66B2 : 94;
	66B3 : 2A;
	66B4 : C1;
	66B5 : 40;
	66B6 : C9;
	66B7 : 23;
	66B8 : AC;
	66B9 : 04;
	66BA : 0A;
	66BB : A1;
	66BC : 58;
	66BD : B9;
	66BE : 42;
	66BF : BC;
	66C0 : 14;
	66C1 : 0C;
	66C2 : 92;
	66C3 : 39;
	66C4 : C0;
	66C5 : 32;
	66C6 : DA;
	66C7 : 24;
	66C8 : 9C;
	66C9 : 03;
	66CA : 1A;
	66CB : C0;
	66CC : 50;
	66CD : BA;
	66CE : 41;
	66CF : 9B;
	66D0 : 05;
	66D1 : 0B;
	66D2 : A2;
	66D3 : 59;
	66D4 : B8;
	66D5 : 41;
	66D6 : AC;
	66D7 : 14;
	66D8 : 8B;
	66D9 : 83;
	66DA : 2B;
	66DB : C0;
	66DC : 50;
	66DD : B9;
	66DE : 25;
	66DF : 9C;
	66E0 : 83;
	66E1 : 2B;
	66E2 : B2;
	66E3 : 58;
	66E4 : C8;
	66E5 : 23;
	66E6 : BC;
	66E7 : 15;
	66E8 : 8B;
	66E9 : 93;
	66EA : 3A;
	66EB : D0;
	66EC : 41;
	66ED : BB;
	66EE : 15;
	66EF : 8B;
	66F0 : 7F;
	66F1 : 94;
	66F2 : 2B;
	66F3 : C1;
	66F4 : 50;
	66F5 : B9;
	66F6 : 32;
	66F7 : CA;
	66F8 : 14;
	66F9 : 0C;
	66FA : 94;
	66FB : 1A;
	66FC : B1;
	66FD : 58;
	66FE : B9;
	66FF : 33;
	6700 : BD;
	6701 : 14;
	6702 : 0C;
	6703 : 82;
	6704 : 2A;
	6705 : C1;
	6706 : 31;
	6707 : CB;
	6708 : 43;
	6709 : AC;
	670A : 04;
	670B : 1C;
	670C : A3;
	670D : 3A;
	670E : C8;
	670F : 50;
	6710 : AA;
	6711 : 23;
	6712 : 9D;
	6713 : 03;
	6714 : 1C;
	6715 : A3;
	6716 : 4A;
	6717 : B8;
	6718 : 60;
	6719 : B9;
	671A : 24;
	671B : 9C;
	671C : 03;
	671D : 1B;
	671E : C2;
	671F : 49;
	6720 : B0;
	6721 : 32;
	6722 : DA;
	6723 : 33;
	6724 : 9E;
	6725 : 03;
	6726 : 0B;
	6727 : A3;
	6728 : 59;
	6729 : D0;
	672A : 22;
	672B : BA;
	672C : 33;
	672D : AE;
	672E : 03;
	672F : 1C;
	6730 : A3;
	6731 : 39;
	6732 : D8;
	6733 : 41;
	6734 : AC;
	6735 : 23;
	6736 : 8D;
	6737 : 83;
	6738 : 2B;
	6739 : B2;
	673A : 59;
	673B : C0;
	673C : 31;
	673D : BC;
	673E : 25;
	673F : 9B;
	6740 : 84;
	6741 : 2B;
	6742 : C1;
	6743 : 48;
	6744 : B8;
	6745 : 32;
	6746 : BC;
	6747 : 14;
	6748 : 0B;
	6749 : A3;
	674A : 49;
	674B : D8;
	674C : 41;
	674D : BA;
	674E : 24;
	674F : 9C;
	6750 : 84;
	6751 : 1A;
	6752 : B1;
	6753 : 50;
	6754 : C9;
	6755 : 32;
	6756 : AC;
	6757 : 04;
	6758 : 0A;
	6759 : A2;
	675A : 49;
	675B : C8;
	675C : 32;
	675D : BC;
	675E : 24;
	675F : 8B;
	6760 : A4;
	6761 : 3A;
	6762 : D0;
	6763 : 40;
	6764 : BA;
	6765 : 24;
	6766 : 9B;
	6767 : 84;
	6768 : 3C;
	6769 : B1;
	676A : 40;
	676B : C9;
	676C : 33;
	676D : BC;
	676E : 14;
	676F : 0C;
	6770 : 7F;
	6771 : 92;
	6772 : 49;
	6773 : C8;
	6774 : 40;
	6775 : AA;
	6776 : 24;
	6777 : 8C;
	6778 : 93;
	6779 : 3B;
	677A : B0;
	677B : 51;
	677C : CA;
	677D : 33;
	677E : AC;
	677F : 85;
	6780 : 0A;
	6781 : A1;
	6782 : 58;
	6783 : B9;
	6784 : 33;
	6785 : BD;
	6786 : 14;
	6787 : 0C;
	6788 : 93;
	6789 : 29;
	678A : C8;
	678B : 41;
	678C : BA;
	678D : 24;
	678E : 9C;
	678F : 84;
	6790 : 1A;
	6791 : B1;
	6792 : 40;
	6793 : BB;
	6794 : 43;
	6795 : 9E;
	6796 : 03;
	6797 : 0B;
	6798 : A4;
	6799 : 3B;
	679A : B8;
	679B : 61;
	679C : C9;
	679D : 23;
	679E : 9D;
	679F : 03;
	67A0 : 1C;
	67A1 : A3;
	67A2 : 3A;
	67A3 : C0;
	67A4 : 50;
	67A5 : BA;
	67A6 : 24;
	67A7 : 9B;
	67A8 : 85;
	67A9 : 0B;
	67AA : A3;
	67AB : 49;
	67AC : C8;
	67AD : 41;
	67AE : BA;
	67AF : 24;
	67B0 : 9D;
	67B1 : 04;
	67B2 : 0B;
	67B3 : 92;
	67B4 : 39;
	67B5 : D0;
	67B6 : 40;
	67B7 : BB;
	67B8 : 35;
	67B9 : 9B;
	67BA : 84;
	67BB : 1B;
	67BC : B3;
	67BD : 59;
	67BE : C0;
	67BF : 31;
	67C0 : CA;
	67C1 : 33;
	67C2 : 9D;
	67C3 : 83;
	67C4 : 3C;
	67C5 : A1;
	67C6 : 48;
	67C7 : C8;
	67C8 : 32;
	67C9 : CA;
	67CA : 24;
	67CB : 9C;
	67CC : 84;
	67CD : 1B;
	67CE : B2;
	67CF : 58;
	67D0 : B8;
	67D1 : 32;
	67D2 : BD;
	67D3 : 14;
	67D4 : 8B;
	67D5 : 94;
	67D6 : 2A;
	67D7 : C1;
	67D8 : 48;
	67D9 : B9;
	67DA : 33;
	67DB : BD;
	67DC : 05;
	67DD : 0B;
	67DE : A4;
	67DF : 3B;
	67E0 : B0;
	67E1 : 50;
	67E2 : C8;
	67E3 : 22;
	67E4 : AB;
	67E5 : 06;
	67E6 : 0B;
	67E7 : A3;
	67E8 : 3A;
	67E9 : C8;
	67EA : 51;
	67EB : C9;
	67EC : 22;
	67ED : 8B;
	67EE : 95;
	67EF : 1A;
	67F0 : 7F;
	67F1 : C1;
	67F2 : 48;
	67F3 : B9;
	67F4 : 41;
	67F5 : 9B;
	67F6 : 85;
	67F7 : 0A;
	67F8 : A1;
	67F9 : 69;
	67FA : B0;
	67FB : 31;
	67FC : BB;
	67FD : 25;
	67FE : 8C;
	67FF : 94;
	6800 : 2A;
	6801 : C1;
	6802 : 31;
	6803 : DA;
	6804 : 33;
	6805 : 9D;
	6806 : 03;
	6807 : 1B;
	6808 : C2;
	6809 : 48;
	680A : C9;
	680B : 33;
	680C : BB;
	680D : 15;
	680E : 0B;
	680F : B4;
	6810 : 39;
	6811 : D8;
	6812 : 41;
	6813 : BA;
	6814 : 23;
	6815 : 8E;
	6816 : 83;
	6817 : 2A;
	6818 : C0;
	6819 : 58;
	681A : AA;
	681B : 34;
	681C : AB;
	681D : 04;
	681E : 1C;
	681F : A2;
	6820 : 30;
	6821 : E8;
	6822 : 22;
	6823 : AC;
	6824 : 14;
	6825 : 8A;
	6826 : A3;
	6827 : 49;
	6828 : C8;
	6829 : 41;
	682A : BA;
	682B : 24;
	682C : 9C;
	682D : 83;
	682E : 2B;
	682F : B1;
	6830 : 60;
	6831 : C9;
	6832 : 32;
	6833 : AC;
	6834 : 04;
	6835 : 1C;
	6836 : 92;
	6837 : 39;
	6838 : E0;
	6839 : 30;
	683A : B9;
	683B : 24;
	683C : 9D;
	683D : 03;
	683E : 0A;
	683F : A2;
	6840 : 59;
	6841 : C0;
	6842 : 31;
	6843 : CA;
	6844 : 24;
	6845 : 9C;
	6846 : 03;
	6847 : 1C;
	6848 : A3;
	6849 : 49;
	684A : C8;
	684B : 41;
	684C : BA;
	684D : 24;
	684E : 9B;
	684F : 84;
	6850 : 1B;
	6851 : B2;
	6852 : 58;
	6853 : C8;
	6854 : 32;
	6855 : CA;
	6856 : 24;
	6857 : 8C;
	6858 : 94;
	6859 : 1A;
	685A : B2;
	685B : 48;
	685C : C8;
	685D : 23;
	685E : BD;
	685F : 14;
	6860 : 0C;
	6861 : 93;
	6862 : 2A;
	6863 : C1;
	6864 : 48;
	6865 : B9;
	6866 : 42;
	6867 : BB;
	6868 : 15;
	6869 : 0C;
	686A : 93;
	686B : 3B;
	686C : C1;
	686D : 48;
	686E : B9;
	686F : 41;
	6870 : 7F;
	6871 : AB;
	6872 : 16;
	6873 : 8B;
	6874 : 93;
	6875 : 4B;
	6876 : B1;
	6877 : 58;
	6878 : B9;
	6879 : 42;
	687A : AC;
	687B : 14;
	687C : 8B;
	687D : A4;
	687E : 3A;
	687F : D0;
	6880 : 40;
	6881 : B9;
	6882 : 23;
	6883 : AD;
	6884 : 14;
	6885 : 8B;
	6886 : 93;
	6887 : 3B;
	6888 : C0;
	6889 : 51;
	688A : BB;
	688B : 24;
	688C : 8C;
	688D : 83;
	688E : 2B;
	688F : C1;
	6890 : 58;
	6891 : B9;
	6892 : 33;
	6893 : BC;
	6894 : 05;
	6895 : 1C;
	6896 : 91;
	6897 : 49;
	6898 : B8;
	6899 : 41;
	689A : AB;
	689B : 15;
	689C : 8B;
	689D : 94;
	689E : 2B;
	689F : C1;
	68A0 : 58;
	68A1 : B9;
	68A2 : 33;
	68A3 : 9D;
	68A4 : 83;
	68A5 : 2B;
	68A6 : C2;
	68A7 : 48;
	68A8 : C9;
	68A9 : 41;
	68AA : AA;
	68AB : 14;
	68AC : 0C;
	68AD : A3;
	68AE : 3A;
	68AF : C0;
	68B0 : 40;
	68B1 : BA;
	68B2 : 35;
	68B3 : 8C;
	68B4 : 93;
	68B5 : 3B;
	68B6 : C1;
	68B7 : 58;
	68B8 : B9;
	68B9 : 33;
	68BA : AD;
	68BB : 04;
	68BC : 0B;
	68BD : A2;
	68BE : 59;
	68BF : B8;
	68C0 : 41;
	68C1 : BB;
	68C2 : 16;
	68C3 : 0B;
	68C4 : A4;
	68C5 : 2A;
	68C6 : C0;
	68C7 : 40;
	68C8 : AB;
	68C9 : 33;
	68CA : 9D;
	68CB : 03;
	68CC : 2B;
	68CD : C1;
	68CE : 58;
	68CF : C8;
	68D0 : 31;
	68D1 : AB;
	68D2 : 15;
	68D3 : 0B;
	68D4 : B3;
	68D5 : 59;
	68D6 : C0;
	68D7 : 32;
	68D8 : CB;
	68D9 : 33;
	68DA : 9D;
	68DB : 84;
	68DC : 1B;
	68DD : B3;
	68DE : 48;
	68DF : C9;
	68E0 : 50;
	68E1 : AA;
	68E2 : 14;
	68E3 : 8B;
	68E4 : 94;
	68E5 : 2A;
	68E6 : D1;
	68E7 : 30;
	68E8 : C9;
	68E9 : 33;
	68EA : BC;
	68EB : 14;
	68EC : 0C;
	68ED : 93;
	68EE : 2B;
	68EF : C1;
	68F0 : 7F;
	68F1 : 58;
	68F2 : B8;
	68F3 : 32;
	68F4 : BC;
	68F5 : 24;
	68F6 : 8C;
	68F7 : 94;
	68F8 : 2B;
	68F9 : B1;
	68FA : 50;
	68FB : C9;
	68FC : 32;
	68FD : BB;
	68FE : 16;
	68FF : 8B;
	6900 : 94;
	6901 : 2A;
	6902 : C0;
	6903 : 40;
	6904 : B9;
	6905 : 33;
	6906 : BD;
	6907 : 14;
	6908 : 0C;
	6909 : 93;
	690A : 2A;
	690B : C1;
	690C : 48;
	690D : B9;
	690E : 42;
	690F : BC;
	6910 : 14;
	6911 : 0C;
	6912 : 93;
	6913 : 3A;
	6914 : D0;
	6915 : 40;
	6916 : BA;
	6917 : 34;
	6918 : 9C;
	6919 : 03;
	691A : 0B;
	691B : A3;
	691C : 5A;
	691D : C0;
	691E : 40;
	691F : BA;
	6920 : 33;
	6921 : 9D;
	6922 : 04;
	6923 : 0B;
	6924 : A3;
	6925 : 49;
	6926 : C8;
	6927 : 41;
	6928 : BB;
	6929 : 33;
	692A : 9D;
	692B : 84;
	692C : 1B;
	692D : A2;
	692E : 58;
	692F : C8;
	6930 : 22;
	6931 : 9C;
	6932 : 04;
	6933 : 0C;
	6934 : 92;
	6935 : 3A;
	6936 : B0;
	6937 : 51;
	6938 : BB;
	6939 : 15;
	693A : 0C;
	693B : 94;
	693C : 1A;
	693D : B1;
	693E : 58;
	693F : AA;
	6940 : 33;
	6941 : AC;
	6942 : 84;
	6943 : 1B;
	6944 : B3;
	6945 : 59;
	6946 : B8;
	6947 : 33;
	6948 : BE;
	6949 : 05;
	694A : 0B;
	694B : 92;
	694C : 39;
	694D : E0;
	694E : 31;
	694F : BB;
	6950 : 25;
	6951 : 8C;
	6952 : 83;
	6953 : 2B;
	6954 : C1;
	6955 : 58;
	6956 : B9;
	6957 : 33;
	6958 : BC;
	6959 : 05;
	695A : 1C;
	695B : A3;
	695C : 39;
	695D : D0;
	695E : 31;
	695F : BB;
	6960 : 16;
	6961 : 8B;
	6962 : 93;
	6963 : 3B;
	6964 : C1;
	6965 : 40;
	6966 : C9;
	6967 : 23;
	6968 : 9C;
	6969 : 84;
	696A : 2C;
	696B : B3;
	696C : 48;
	696D : C9;
	696E : 33;
	696F : BC;
	6970 : 7F;
	6971 : 04;
	6972 : 0A;
	6973 : A2;
	6974 : 5A;
	6975 : B8;
	6976 : 51;
	6977 : BB;
	6978 : 35;
	6979 : 8B;
	697A : 93;
	697B : 3B;
	697C : E1;
	697D : 30;
	697E : C9;
	697F : 32;
	6980 : AD;
	6981 : 14;
	6982 : 8B;
	6983 : 94;
	6984 : 19;
	6985 : C1;
	6986 : 48;
	6987 : B9;
	6988 : 33;
	6989 : BC;
	698A : 06;
	698B : 8B;
	698C : 83;
	698D : 2B;
	698E : C1;
	698F : 50;
	6990 : C9;
	6991 : 23;
	6992 : AC;
	6993 : 14;
	6994 : 8B;
	6995 : 93;
	6996 : 4A;
	6997 : C1;
	6998 : 30;
	6999 : D9;
	699A : 33;
	699B : AE;
	699C : 03;
	699D : 0B;
	699E : 93;
	699F : 4A;
	69A0 : C0;
	69A1 : 40;
	69A2 : BA;
	69A3 : 42;
	69A4 : AC;
	69A5 : 05;
	69A6 : 0B;
	69A7 : 92;
	69A8 : 3A;
	69A9 : D0;
	69AA : 40;
	69AB : B9;
	69AC : 24;
	69AD : 9B;
	69AE : 85;
	69AF : 1B;
	69B0 : B2;
	69B1 : 59;
	69B2 : B8;
	69B3 : 41;
	69B4 : BA;
	69B5 : 24;
	69B6 : 9C;
	69B7 : 96;
	69B8 : 0A;
	69B9 : 91;
	69BA : 39;
	69BB : C8;
	69BC : 41;
	69BD : BB;
	69BE : 34;
	69BF : 8C;
	69C0 : 84;
	69C1 : 1B;
	69C2 : B2;
	69C3 : 59;
	69C4 : B8;
	69C5 : 41;
	69C6 : BB;
	69C7 : 34;
	69C8 : 8D;
	69C9 : 84;
	69CA : 0A;
	69CB : A1;
	69CC : 48;
	69CD : B9;
	69CE : 42;
	69CF : BB;
	69D0 : 15;
	69D1 : 0B;
	69D2 : B4;
	69D3 : 3A;
	69D4 : C8;
	69D5 : 42;
	69D6 : BB;
	69D7 : 25;
	69D8 : 8D;
	69D9 : 83;
	69DA : 1A;
	69DB : B1;
	69DC : 50;
	69DD : BA;
	69DE : 33;
	69DF : AD;
	69E0 : 04;
	69E1 : 0B;
	69E2 : A3;
	69E3 : 49;
	69E4 : B9;
	69E5 : 51;
	69E6 : AC;
	69E7 : 15;
	69E8 : 8B;
	69E9 : 93;
	69EA : 3A;
	69EB : D0;
	69EC : 31;
	69ED : BB;
	69EE : 27;
	69EF : 8C;
	69F0 : 7F;
	69F1 : 83;
	69F2 : 1B;
	69F3 : A1;
	69F4 : 58;
	69F5 : AA;
	69F6 : 33;
	69F7 : AD;
	69F8 : 04;
	69F9 : 0B;
	69FA : A3;
	69FB : 49;
	69FC : D0;
	69FD : 32;
	69FE : CA;
	69FF : 14;
	6A00 : 8B;
	6A01 : 94;
	6A02 : 1A;
	6A03 : C1;
	6A04 : 40;
	6A05 : BB;
	6A06 : 43;
	6A07 : 9D;
	6A08 : 84;
	6A09 : 1B;
	6A0A : A2;
	6A0B : 38;
	6A0C : D9;
	6A0D : 42;
	6A0E : AB;
	6A0F : 05;
	6A10 : 0B;
	6A11 : A3;
	6A12 : 4A;
	6A13 : C0;
	6A14 : 40;
	6A15 : BA;
	6A16 : 24;
	6A17 : 8B;
	6A18 : A5;
	6A19 : 2A;
	6A1A : C1;
	6A1B : 48;
	6A1C : B9;
	6A1D : 33;
	6A1E : BD;
	6A1F : 14;
	6A20 : 0C;
	6A21 : 93;
	6A22 : 2A;
	6A23 : B0;
	6A24 : 50;
	6A25 : C9;
	6A26 : 41;
	6A27 : 9C;
	6A28 : 13;
	6A29 : 0C;
	6A2A : A3;
	6A2B : 3A;
	6A2C : D0;
	6A2D : 41;
	6A2E : C9;
	6A2F : 23;
	6A30 : AC;
	6A31 : 04;
	6A32 : 0B;
	6A33 : 92;
	6A34 : 49;
	6A35 : C0;
	6A36 : 31;
	6A37 : CA;
	6A38 : 33;
	6A39 : 9D;
	6A3A : 84;
	6A3B : 1B;
	6A3C : B3;
	6A3D : 59;
	6A3E : C8;
	6A3F : 32;
	6A40 : BB;
	6A41 : 26;
	6A42 : 9B;
	6A43 : 03;
	6A44 : 1B;
	6A45 : C2;
	6A46 : 59;
	6A47 : B8;
	6A48 : 33;
	6A49 : DA;
	6A4A : 24;
	6A4B : 9B;
	6A4C : 96;
	6A4D : 1B;
	6A4E : A2;
	6A4F : 49;
	6A50 : B9;
	6A51 : 51;
	6A52 : BA;
	6A53 : 24;
	6A54 : 9B;
	6A55 : 84;
	6A56 : 2C;
	6A57 : A2;
	6A58 : 49;
	6A59 : C8;
	6A5A : 41;
	6A5B : BA;
	6A5C : 24;
	6A5D : 8D;
	6A5E : 83;
	6A5F : 2C;
	6A60 : A1;
	6A61 : 48;
	6A62 : B9;
	6A63 : 42;
	6A64 : BB;
	6A65 : 25;
	6A66 : 8C;
	6A67 : 83;
	6A68 : 2C;
	6A69 : A1;
	6A6A : 58;
	6A6B : B9;
	6A6C : 33;
	6A6D : BC;
	6A6E : 14;
	6A6F : 0C;
	6A70 : 7F;
	6A71 : 92;
	6A72 : 39;
	6A73 : C8;
	6A74 : 41;
	6A75 : BB;
	6A76 : 35;
	6A77 : 9C;
	6A78 : 83;
	6A79 : 2B;
	6A7A : C2;
	6A7B : 30;
	6A7C : CA;
	6A7D : 43;
	6A7E : BC;
	6A7F : 13;
	6A80 : 1D;
	6A81 : 92;
	6A82 : 39;
	6A83 : C8;
	6A84 : 32;
	6A85 : BD;
	6A86 : 15;
	6A87 : 8B;
	6A88 : 83;
	6A89 : 2A;
	6A8A : C0;
	6A8B : 41;
	6A8C : CA;
	6A8D : 24;
	6A8E : 9B;
	6A8F : 84;
	6A90 : 1B;
	6A91 : B2;
	6A92 : 68;
	6A93 : BA;
	6A94 : 43;
	6A95 : AD;
	6A96 : 04;
	6A97 : 0B;
	6A98 : 93;
	6A99 : 3A;
	6A9A : D0;
	6A9B : 22;
	6A9C : BB;
	6A9D : 26;
	6A9E : 8C;
	6A9F : 82;
	6AA0 : 2A;
	6AA1 : C1;
	6AA2 : 40;
	6AA3 : BB;
	6AA4 : 34;
	6AA5 : 9C;
	6AA6 : 03;
	6AA7 : 2D;
	6AA8 : A3;
	6AA9 : 28;
	6AAA : C9;
	6AAB : 51;
	6AAC : AB;
	6AAD : 14;
	6AAE : 0C;
	6AAF : 93;
	6AB0 : 3B;
	6AB1 : C0;
	6AB2 : 41;
	6AB3 : BA;
	6AB4 : 24;
	6AB5 : 8D;
	6AB6 : 94;
	6AB7 : 2B;
	6AB8 : A1;
	6AB9 : 48;
	6ABA : BA;
	6ABB : 34;
	6ABC : 9C;
	6ABD : 84;
	6ABE : 0B;
	6ABF : 93;
	6AC0 : 39;
	6AC1 : E8;
	6AC2 : 41;
	6AC3 : BA;
	6AC4 : 23;
	6AC5 : 8E;
	6AC6 : 84;
	6AC7 : 1B;
	6AC8 : A2;
	6AC9 : 39;
	6ACA : C9;
	6ACB : 51;
	6ACC : AB;
	6ACD : 25;
	6ACE : 9B;
	6ACF : 84;
	6AD0 : 1B;
	6AD1 : A2;
	6AD2 : 49;
	6AD3 : C8;
	6AD4 : 42;
	6AD5 : CA;
	6AD6 : 23;
	6AD7 : 9C;
	6AD8 : 84;
	6AD9 : 1B;
	6ADA : B3;
	6ADB : 48;
	6ADC : C8;
	6ADD : 41;
	6ADE : BB;
	6ADF : 25;
	6AE0 : 8C;
	6AE1 : 94;
	6AE2 : 1B;
	6AE3 : A2;
	6AE4 : 59;
	6AE5 : B8;
	6AE6 : 41;
	6AE7 : BA;
	6AE8 : 24;
	6AE9 : 8C;
	6AEA : 94;
	6AEB : 1A;
	6AEC : B2;
	6AED : 48;
	6AEE : C9;
	6AEF : 41;
	6AF0 : 7F;
	6AF1 : AB;
	6AF2 : 25;
	6AF3 : 8C;
	6AF4 : 83;
	6AF5 : 1A;
	6AF6 : C1;
	6AF7 : 58;
	6AF8 : B8;
	6AF9 : 22;
	6AFA : AC;
	6AFB : 15;
	6AFC : 8B;
	6AFD : 93;
	6AFE : 2A;
	6AFF : C0;
	6B00 : 50;
	6B01 : BA;
	6B02 : 42;
	6B03 : AC;
	6B04 : 14;
	6B05 : 0C;
	6B06 : 92;
	6B07 : 3A;
	6B08 : C1;
	6B09 : 48;
	6B0A : B9;
	6B0B : 34;
	6B0C : BB;
	6B0D : 05;
	6B0E : 1C;
	6B0F : 92;
	6B10 : 3A;
	6B11 : C0;
	6B12 : 40;
	6B13 : B9;
	6B14 : 23;
	6B15 : 9D;
	6B16 : 84;
	6B17 : 1B;
	6B18 : A1;
	6B19 : 58;
	6B1A : B9;
	6B1B : 34;
	6B1C : AD;
	6B1D : 13;
	6B1E : 0C;
	6B1F : 91;
	6B20 : 48;
	6B21 : C8;
	6B22 : 31;
	6B23 : AB;
	6B24 : 25;
	6B25 : 8C;
	6B26 : 82;
	6B27 : 3A;
	6B28 : C0;
	6B29 : 40;
	6B2A : BA;
	6B2B : 34;
	6B2C : 9E;
	6B2D : 03;
	6B2E : 1B;
	6B2F : B2;
	6B30 : 48;
	6B31 : BA;
	6B32 : 43;
	6B33 : BC;
	6B34 : 15;
	6B35 : 8B;
	6B36 : 92;
	6B37 : 49;
	6B38 : B9;
	6B39 : 51;
	6B3A : BA;
	6B3B : 25;
	6B3C : 8D;
	6B3D : 83;
	6B3E : 1A;
	6B3F : B1;
	6B40 : 50;
	6B41 : C9;
	6B42 : 24;
	6B43 : AB;
	6B44 : 04;
	6B45 : 0A;
	6B46 : B2;
	6B47 : 58;
	6B48 : C8;
	6B49 : 31;
	6B4A : AC;
	6B4B : 24;
	6B4C : 8C;
	6B4D : 93;
	6B4E : 29;
	6B4F : C0;
	6B50 : 40;
	6B51 : B9;
	6B52 : 23;
	6B53 : 9E;
	6B54 : 84;
	6B55 : 1B;
	6B56 : A1;
	6B57 : 58;
	6B58 : B9;
	6B59 : 33;
	6B5A : BC;
	6B5B : 14;
	6B5C : 1C;
	6B5D : A3;
	6B5E : 4A;
	6B5F : C0;
	6B60 : 32;
	6B61 : CA;
	6B62 : 23;
	6B63 : 9D;
	6B64 : 84;
	6B65 : 1A;
	6B66 : B2;
	6B67 : 48;
	6B68 : C8;
	6B69 : 31;
	6B6A : BB;
	6B6B : 27;
	6B6C : 9B;
	6B6D : 84;
	6B6E : 1A;
	6B6F : B2;
	6B70 : 7F;
	6B71 : 58;
	6B72 : C8;
	6B73 : 22;
	6B74 : BB;
	6B75 : 25;
	6B76 : 8C;
	6B77 : 83;
	6B78 : 2B;
	6B79 : C2;
	6B7A : 48;
	6B7B : C8;
	6B7C : 32;
	6B7D : BC;
	6B7E : 15;
	6B7F : 8B;
	6B80 : 93;
	6B81 : 2A;
	6B82 : C1;
	6B83 : 58;
	6B84 : B9;
	6B85 : 33;
	6B86 : BD;
	6B87 : 15;
	6B88 : 8B;
	6B89 : 93;
	6B8A : 2A;
	6B8B : C0;
	6B8C : 50;
	6B8D : B9;
	6B8E : 33;
	6B8F : BD;
	6B90 : 14;
	6B91 : 0C;
	6B92 : 92;
	6B93 : 4A;
	6B94 : B0;
	6B95 : 40;
	6B96 : C8;
	6B97 : 23;
	6B98 : AC;
	6B99 : 85;
	6B9A : 0A;
	6B9B : A2;
	6B9C : 39;
	6B9D : C8;
	6B9E : 41;
	6B9F : BA;
	6BA0 : 34;
	6BA1 : AD;
	6BA2 : 04;
	6BA3 : 0B;
	6BA4 : 92;
	6BA5 : 39;
	6BA6 : E0;
	6BA7 : 40;
	6BA8 : BA;
	6BA9 : 33;
	6BAA : 9E;
	6BAB : 04;
	6BAC : 0B;
	6BAD : A3;
	6BAE : 3A;
	6BAF : C8;
	6BB0 : 60;
	6BB1 : AA;
	6BB2 : 22;
	6BB3 : 9A;
	6BB4 : 94;
	6BB5 : 2B;
	6BB6 : B2;
	6BB7 : 58;
	6BB8 : C9;
	6BB9 : 33;
	6BBA : BB;
	6BBB : 04;
	6BBC : 2C;
	6BBD : B3;
	6BBE : 49;
	6BBF : D0;
	6BC0 : 31;
	6BC1 : C9;
	6BC2 : 14;
	6BC3 : 8C;
	6BC4 : 82;
	6BC5 : 3A;
	6BC6 : D0;
	6BC7 : 40;
	6BC8 : BA;
	6BC9 : 34;
	6BCA : AB;
	6BCB : 04;
	6BCC : 1A;
	6BCD : C1;
	6BCE : 48;
	6BCF : C8;
	6BD0 : 32;
	6BD1 : AC;
	6BD2 : 14;
	6BD3 : 8B;
	6BD4 : 93;
	6BD5 : 3A;
	6BD6 : D0;
	6BD7 : 40;
	6BD8 : BA;
	6BD9 : 26;
	6BDA : 9B;
	6BDB : 83;
	6BDC : 2A;
	6BDD : D0;
	6BDE : 50;
	6BDF : B9;
	6BE0 : 33;
	6BE1 : BC;
	6BE2 : 04;
	6BE3 : 1C;
	6BE4 : 91;
	6BE5 : 48;
	6BE6 : C8;
	6BE7 : 32;
	6BE8 : CA;
	6BE9 : 14;
	6BEA : 8B;
	6BEB : A5;
	6BEC : 2A;
	6BED : B0;
	6BEE : 32;
	6BEF : DA;
	6BF0 : 7F;
	6BF1 : 34;
	6BF2 : AB;
	6BF3 : 84;
	6BF4 : 2B;
	6BF5 : C2;
	6BF6 : 48;
	6BF7 : C9;
	6BF8 : 33;
	6BF9 : BC;
	6BFA : 06;
	6BFB : 0B;
	6BFC : 92;
	6BFD : 39;
	6BFE : D8;
	6BFF : 41;
	6C00 : BA;
	6C01 : 23;
	6C02 : 8D;
	6C03 : 94;
	6C04 : 2B;
	6C05 : B2;
	6C06 : 48;
	6C07 : C9;
	6C08 : 42;
	6C09 : BB;
	6C0A : 24;
	6C0B : 0D;
	6C0C : 83;
	6C0D : 2B;
	6C0E : C1;
	6C0F : 48;
	6C10 : B9;
	6C11 : 33;
	6C12 : AE;
	6C13 : 14;
	6C14 : 8B;
	6C15 : 93;
	6C16 : 3B;
	6C17 : D1;
	6C18 : 48;
	6C19 : AA;
	6C1A : 41;
	6C1B : 9C;
	6C1C : 04;
	6C1D : 0A;
	6C1E : B3;
	6C1F : 49;
	6C20 : C0;
	6C21 : 31;
	6C22 : CA;
	6C23 : 25;
	6C24 : 9B;
	6C25 : 84;
	6C26 : 1B;
	6C27 : A3;
	6C28 : 4A;
	6C29 : C0;
	6C2A : 31;
	6C2B : CA;
	6C2C : 33;
	6C2D : 9E;
	6C2E : 04;
	6C2F : 0B;
	6C30 : A3;
	6C31 : 49;
	6C32 : D0;
	6C33 : 30;
	6C34 : BA;
	6C35 : 42;
	6C36 : AB;
	6C37 : 05;
	6C38 : 0B;
	6C39 : B4;
	6C3A : 4A;
	6C3B : B8;
	6C3C : 50;
	6C3D : AA;
	6C3E : 34;
	6C3F : AC;
	6C40 : 04;
	6C41 : 0B;
	6C42 : A3;
	6C43 : 39;
	6C44 : E0;
	6C45 : 31;
	6C46 : BB;
	6C47 : 35;
	6C48 : 9C;
	6C49 : 84;
	6C4A : 1B;
	6C4B : A2;
	6C4C : 59;
	6C4D : C8;
	6C4E : 41;
	6C4F : BA;
	6C50 : 23;
	6C51 : 9B;
	6C52 : A6;
	6C53 : 1A;
	6C54 : A1;
	6C55 : 30;
	6C56 : D9;
	6C57 : 33;
	6C58 : BB;
	6C59 : 05;
	6C5A : 1C;
	6C5B : A3;
	6C5C : 3A;
	6C5D : C0;
	6C5E : 41;
	6C5F : C9;
	6C60 : 13;
	6C61 : 8B;
	6C62 : A5;
	6C63 : 2A;
	6C64 : D1;
	6C65 : 30;
	6C66 : C9;
	6C67 : 32;
	6C68 : 9C;
	6C69 : 84;
	6C6A : 1B;
	6C6B : B3;
	6C6C : 59;
	6C6D : C8;
	6C6E : 32;
	6C6F : AC;
	6C70 : 7F;
	6C71 : 14;
	6C72 : 8B;
	6C73 : A4;
	6C74 : 3A;
	6C75 : D1;
	6C76 : 30;
	6C77 : CA;
	6C78 : 24;
	6C79 : 8C;
	6C7A : 83;
	6C7B : 2B;
	6C7C : C1;
	6C7D : 58;
	6C7E : B9;
	6C7F : 33;
	6C80 : BD;
	6C81 : 04;
	6C82 : 1B;
	6C83 : A2;
	6C84 : 59;
	6C85 : B8;
	6C86 : 41;
	6C87 : BB;
	6C88 : 34;
	6C89 : 8C;
	6C8A : 93;
	6C8B : 4A;
	6C8C : C0;
	6C8D : 40;
	6C8E : C9;
	6C8F : 23;
	6C90 : 9C;
	6C91 : 84;
	6C92 : 1A;
	6C93 : B1;
	6C94 : 58;
	6C95 : B9;
	6C96 : 42;
	6C97 : BB;
	6C98 : 15;
	6C99 : 0B;
	6C9A : A2;
	6C9B : 59;
	6C9C : B8;
	6C9D : 41;
	6C9E : BB;
	6C9F : 26;
	6CA0 : 8B;
	6CA1 : 93;
	6CA2 : 3A;
	6CA3 : E0;
	6CA4 : 40;
	6CA5 : BA;
	6CA6 : 33;
	6CA7 : AD;
	6CA8 : 05;
	6CA9 : 0B;
	6CAA : 92;
	6CAB : 39;
	6CAC : E1;
	6CAD : 38;
	6CAE : B9;
	6CAF : 24;
	6CB0 : AB;
	6CB1 : 06;
	6CB2 : 0B;
	6CB3 : A2;
	6CB4 : 49;
	6CB5 : C0;
	6CB6 : 40;
	6CB7 : BA;
	6CB8 : 33;
	6CB9 : AC;
	6CBA : 86;
	6CBB : 0A;
	6CBC : A3;
	6CBD : 3B;
	6CBE : C0;
	6CBF : 41;
	6CC0 : CA;
	6CC1 : 33;
	6CC2 : AC;
	6CC3 : 04;
	6CC4 : 0B;
	6CC5 : A3;
	6CC6 : 49;
	6CC7 : D0;
	6CC8 : 31;
	6CC9 : C9;
	6CCA : 23;
	6CCB : AD;
	6CCC : 04;
	6CCD : 1C;
	6CCE : 92;
	6CCF : 39;
	6CD0 : D0;
	6CD1 : 31;
	6CD2 : C9;
	6CD3 : 23;
	6CD4 : AC;
	6CD5 : 84;
	6CD6 : 2C;
	6CD7 : A2;
	6CD8 : 38;
	6CD9 : E8;
	6CDA : 40;
	6CDB : AA;
	6CDC : 14;
	6CDD : 8C;
	6CDE : 83;
	6CDF : 2B;
	6CE0 : A1;
	6CE1 : 59;
	6CE2 : B8;
	6CE3 : 42;
	6CE4 : CA;
	6CE5 : 24;
	6CE6 : 8C;
	6CE7 : 93;
	6CE8 : 2A;
	6CE9 : B1;
	6CEA : 58;
	6CEB : B9;
	6CEC : 42;
	6CED : BC;
	6CEE : 14;
	6CEF : 0C;
	6CF0 : 7F;
	6CF1 : 93;
	6CF2 : 2A;
	6CF3 : C1;
	6CF4 : 48;
	6CF5 : B9;
	6CF6 : 41;
	6CF7 : AA;
	6CF8 : 04;
	6CF9 : 0B;
	6CFA : A3;
	6CFB : 4A;
	6CFC : B0;
	6CFD : 41;
	6CFE : CA;
	6CFF : 24;
	6D00 : 9B;
	6D01 : 84;
	6D02 : 2B;
	6D03 : C1;
	6D04 : 58;
	6D05 : B9;
	6D06 : 24;
	6D07 : 9C;
	6D08 : 84;
	6D09 : 1B;
	6D0A : A2;
	6D0B : 49;
	6D0C : C8;
	6D0D : 32;
	6D0E : AC;
	6D0F : 14;
	6D10 : 0C;
	6D11 : 93;
	6D12 : 3B;
	6D13 : D1;
	6D14 : 48;
	6D15 : AA;
	6D16 : 24;
	6D17 : 8D;
	6D18 : 83;
	6D19 : 1A;
	6D1A : B1;
	6D1B : 68;
	6D1C : B9;
	6D1D : 32;
	6D1E : AC;
	6D1F : 05;
	6D20 : 1B;
	6D21 : B3;
	6D22 : 49;
	6D23 : C8;
	6D24 : 41;
	6D25 : BB;
	6D26 : 24;
	6D27 : 8B;
	6D28 : A4;
	6D29 : 3B;
	6D2A : C1;
	6D2B : 58;
	6D2C : B9;
	6D2D : 24;
	6D2E : 9B;
	6D2F : 95;
	6D30 : 1B;
	6D31 : A2;
	6D32 : 48;
	6D33 : D8;
	6D34 : 32;
	6D35 : BC;
	6D36 : 15;
	6D37 : 8B;
	6D38 : 92;
	6D39 : 49;
	6D3A : B8;
	6D3B : 50;
	6D3C : BA;
	6D3D : 24;
	6D3E : 8B;
	6D3F : A5;
	6D40 : 2B;
	6D41 : B1;
	6D42 : 68;
	6D43 : AA;
	6D44 : 33;
	6D45 : BC;
	6D46 : 05;
	6D47 : 0B;
	6D48 : A3;
	6D49 : 49;
	6D4A : D0;
	6D4B : 31;
	6D4C : C9;
	6D4D : 23;
	6D4E : AC;
	6D4F : 04;
	6D50 : 1C;
	6D51 : 92;
	6D52 : 3A;
	6D53 : C0;
	6D54 : 41;
	6D55 : BB;
	6D56 : 35;
	6D57 : 9D;
	6D58 : 03;
	6D59 : 0B;
	6D5A : 92;
	6D5B : 49;
	6D5C : D0;
	6D5D : 30;
	6D5E : BA;
	6D5F : 34;
	6D60 : 9D;
	6D61 : 03;
	6D62 : 1B;
	6D63 : C2;
	6D64 : 59;
	6D65 : B0;
	6D66 : 32;
	6D67 : CB;
	6D68 : 25;
	6D69 : 8C;
	6D6A : 83;
	6D6B : 2B;
	6D6C : C1;
	6D6D : 58;
	6D6E : B8;
	6D6F : 32;
	6D70 : 45;
	6D71 : BC;
	6D72 : 15;
	6D73 : 8B;
	6D74 : 94;
	6D75 : 1A;
	6D76 : B1;
	6D77 : 58;
	6D78 : B9;
	6D79 : 41;
	6D7A : AB;
	6D7B : 24;
	6D7C : 8C;
	6D7D : 93;
	6D7E : 3A;
	6D7F : D1;
	6D80 : 30;
	6D81 : D8;
	6D82 : 22;
	6D83 : AD;
	6D84 : 15;
	6D85 : 8B;
	6D86 : 82;
	6D87 : 2A;
	6D88 : B1;
	6D89 : 58;
	6D8A : BA;
	6D8B : 52;
	6D8C : BB;
	6D8D : 15;
	6D8E : 0C;
	6D8F : 93;
	6D90 : 2A;
	6D91 : B1;
	6D92 : 58;
	6D93 : B9;
	6D94 : 33;
	6D95 : BD;
	6D96 : 14;
	6D97 : 8B;
	6D98 : 82;
	6D99 : 2A;
	6D9A : A0;
	6D9B : 30;
	6D9C : B9;
	6D9D : 20;
	6D9E : 09;
	6D9F : 00;
	6DA0 : 00;
	6DA1 : 88;
	6DA2 : 08;
	6DA3 : 08;
	6DA4 : 08;
	6DA5 : 08;
	6DA6 : 08;
	6DA7 : 80;
	6DA8 : 08;
	6DA9 : 80;
	6DAA : 80;
	6DAB : 80;
	6DAC : 80;
	6DAD : 80;
	6DAE : 80;
	6DAF : 80;
	6DB0 : 80;
	6DB1 : 80;
	6DB2 : 80;
	6DB3 : 80;
	6DB4 : 80;
	6DB5 : 80;
	6DB6 : 00;
	6DB7 : 00;
	6DB8 : 00;
	6DB9 : 00;
	6DBA : 00;
	6DBB : 00;
	6DBC : 00;
	6DBD : 00;
	6DBE : 00;
	6DBF : 00;
	6DC0 : 7F;
	6DC1 : 00;
	6DC2 : 80;
	6DC3 : 80;
	6DC4 : 80;
	6DC5 : 80;
	6DC6 : 80;
	6DC7 : 80;
	6DC8 : 80;
	6DC9 : 80;
	6DCA : 80;
	6DCB : 80;
	6DCC : 80;
	6DCD : 80;
	6DCE : 80;
	6DCF : 80;
	6DD0 : 80;
	6DD1 : 13;
	6DD2 : 75;
	6DD3 : 43;
	6DD4 : 22;
	6DD5 : 12;
	6DD6 : 80;
	6DD7 : 9A;
	6DD8 : AB;
	6DD9 : CA;
	6DDA : BC;
	6DDB : BD;
	6DDC : FF;
	6DDD : FC;
	6DDE : 00;
	6DDF : 81;
	6DE0 : 00;
	6DE1 : 81;
	6DE2 : 01;
	6DE3 : 00;
	6DE4 : 01;
	6DE5 : 11;
	6DE6 : 01;
	6DE7 : 11;
	6DE8 : 02;
	6DE9 : 12;
	6DEA : 02;
	6DEB : 10;
	6DEC : 11;
	6DED : 31;
	6DEE : 77;
	6DEF : 77;
	6DF0 : 58;
	6DF1 : 89;
	6DF2 : 88;
	6DF3 : 98;
	6DF4 : 98;
	6DF5 : 88;
	6DF6 : 98;
	6DF7 : 99;
	6DF8 : 89;
	6DF9 : 89;
	6DFA : 99;
	6DFB : 89;
	6DFC : 89;
	6DFD : 98;
	6DFE : 99;
	6DFF : 98;
	6E00 : BF;
	6E01 : FF;
	6E02 : F9;
	6E03 : 18;
	6E04 : 10;
	6E05 : 01;
	6E06 : 10;
	6E07 : 01;
	6E08 : 01;
	6E09 : 10;
	6E0A : 11;
	6E0B : 11;
	6E0C : 00;
	6E0D : 12;
	6E0E : 11;
	6E0F : 01;
	6E10 : 11;
	6E11 : 11;
	6E12 : 14;
	6E13 : 77;
	6E14 : 77;
	6E15 : 09;
	6E16 : 88;
	6E17 : 88;
	6E18 : 90;
	6E19 : BF;
	6E1A : D0;
	6E1B : 08;
	6E1C : 18;
	6E1D : 18;
	6E1E : 00;
	6E1F : 00;
	6E20 : 08;
	6E21 : 10;
	6E22 : 00;
	6E23 : 01;
	6E24 : 80;
	6E25 : 00;
	6E26 : 01;
	6E27 : 00;
	6E28 : 00;
	6E29 : 10;
	6E2A : 00;
	6E2B : 00;
	6E2C : 01;
	6E2D : 00;
	6E2E : 00;
	6E2F : 00;
	6E30 : 08;
	6E31 : 00;
	6E32 : 80;
	6E33 : 80;
	6E34 : 80;
	6E35 : 80;
	6E36 : 90;
	6E37 : 09;
	6E38 : 88;
	6E39 : 08;
	6E3A : 88;
	6E3B : 88;
	6E3C : 88;
	6E3D : 88;
	6E3E : 80;
	6E3F : 98;
	6E40 : 7F;
	6E41 : 88;
	6E42 : 80;
	6E43 : 89;
	6E44 : 88;
	6E45 : 08;
	6E46 : 88;
	6E47 : 08;
	6E48 : 98;
	6E49 : 88;
	6E4A : 08;
	6E4B : 80;
	6E4C : 88;
	6E4D : 98;
	6E4E : 08;
	6E4F : 80;
	6E50 : 88;
	6E51 : 80;
	6E52 : 88;
	6E53 : 09;
	6E54 : 80;
	6E55 : 88;
	6E56 : 08;
	6E57 : 08;
	6E58 : 80;
	6E59 : 80;
	6E5A : 88;
	6E5B : 08;
	6E5C : 08;
	6E5D : 80;
	6E5E : 90;
	6E5F : 08;
	6E60 : 09;
	6E61 : 08;
	6E62 : 80;
	6E63 : 80;
	6E64 : 08;
	6E65 : 80;
	6E66 : 80;
	6E67 : 80;
	6E68 : 80;
	6E69 : 88;
	6E6A : 08;
	6E6B : 02;
	6E6C : 19;
	6E6D : 57;
	6E6E : 77;
	6E6F : 73;
	6E70 : 98;
	6E71 : A8;
	6E72 : 89;
	6E73 : 89;
	6E74 : 99;
	6E75 : 99;
	6E76 : 89;
	6E77 : 9A;
	6E78 : 98;
	6E79 : 99;
	6E7A : A0;
	6E7B : 9A;
	6E7C : 99;
	6E7D : 8E;
	6E7E : EF;
	6E7F : FB;
	6E80 : 81;
	6E81 : 02;
	6E82 : 01;
	6E83 : 10;
	6E84 : 11;
	6E85 : 20;
	6E86 : 10;
	6E87 : 21;
	6E88 : 11;
	6E89 : 12;
	6E8A : 11;
	6E8B : 13;
	6E8C : 11;
	6E8D : 12;
	6E8E : 21;
	6E8F : 12;
	6E90 : 13;
	6E91 : 12;
	6E92 : 77;
	6E93 : 77;
	6E94 : 70;
	6E95 : 98;
	6E96 : 88;
	6E97 : 98;
	6E98 : 88;
	6E99 : 98;
	6E9A : 89;
	6E9B : 88;
	6E9C : 98;
	6E9D : 98;
	6E9E : 8A;
	6E9F : 88;
	6EA0 : 98;
	6EA1 : 98;
	6EA2 : 98;
	6EA3 : 98;
	6EA4 : 98;
	6EA5 : 99;
	6EA6 : 8E;
	6EA7 : FE;
	6EA8 : FE;
	6EA9 : 81;
	6EAA : 82;
	6EAB : 81;
	6EAC : 00;
	6EAD : 20;
	6EAE : 01;
	6EAF : 10;
	6EB0 : 10;
	6EB1 : 11;
	6EB2 : 01;
	6EB3 : 11;
	6EB4 : 11;
	6EB5 : 10;
	6EB6 : 12;
	6EB7 : 11;
	6EB8 : 02;
	6EB9 : 10;
	6EBA : 11;
	6EBB : 0A;
	6EBC : E0;
	6EBD : 10;
	6EBE : 20;
	6EBF : 11;
	6EC0 : 7F;
	6EC1 : 00;
	6EC2 : 10;
	6EC3 : 80;
	6EC4 : 08;
	6EC5 : 08;
	6EC6 : 08;
	6EC7 : 09;
	6EC8 : 09;
	6EC9 : 80;
	6ECA : 98;
	6ECB : 88;
	6ECC : 89;
	6ECD : 08;
	6ECE : 88;
	6ECF : 88;
	6ED0 : 98;
	6ED1 : 88;
	6ED2 : 89;
	6ED3 : 88;
	6ED4 : 89;
	6ED5 : 88;
	6ED6 : 88;
	6ED7 : 80;
	6ED8 : 89;
	6ED9 : 88;
	6EDA : 80;
	6EDB : 90;
	6EDC : 98;
	6EDD : 88;
	6EDE : 09;
	6EDF : 08;
	6EE0 : 89;
	6EE1 : 08;
	6EE2 : 80;
	6EE3 : 88;
	6EE4 : 89;
	6EE5 : 00;
	6EE6 : 98;
	6EE7 : 08;
	6EE8 : 80;
	6EE9 : 80;
	6EEA : 88;
	6EEB : 80;
	6EEC : 88;
	6EED : 80;
	6EEE : 09;
	6EEF : 80;
	6EF0 : 80;
	6EF1 : 88;
	6EF2 : 08;
	6EF3 : 08;
	6EF4 : 09;
	6EF5 : 08;
	6EF6 : 08;
	6EF7 : 08;
	6EF8 : 88;
	6EF9 : 08;
	6EFA : 08;
	6EFB : 08;
	6EFC : 08;
	6EFD : 09;
	6EFE : 08;
	6EFF : 08;
	6F00 : 08;
	6F01 : 08;
	6F02 : 08;
	6F03 : 08;
	6F04 : 08;
	6F05 : 08;
	6F06 : 80;
	6F07 : 80;
	6F08 : 80;
	6F09 : 80;
	6F0A : 80;
	6F0B : 80;
	6F0C : 80;
	6F0D : 80;
	6F0E : 19;
	6F0F : 01;
	6F10 : 71;
	6F11 : 90;
	6F12 : 93;
	6F13 : 77;
	6F14 : 77;
	6F15 : 39;
	6F16 : 0A;
	6F17 : 89;
	6F18 : 99;
	6F19 : 98;
	6F1A : 99;
	6F1B : 99;
	6F1C : 9A;
	6F1D : 89;
	6F1E : 99;
	6F1F : A9;
	6F20 : 99;
	6F21 : A8;
	6F22 : 99;
	6F23 : A9;
	6F24 : 99;
	6F25 : 8A;
	6F26 : 90;
	6F27 : 98;
	6F28 : 89;
	6F29 : 0B;
	6F2A : FF;
	6F2B : FF;
	6F2C : F0;
	6F2D : 00;
	6F2E : 18;
	6F2F : 28;
	6F30 : 10;
	6F31 : 10;
	6F32 : 01;
	6F33 : 00;
	6F34 : 11;
	6F35 : 00;
	6F36 : 10;
	6F37 : 11;
	6F38 : 10;
	6F39 : 11;
	6F3A : 01;
	6F3B : 10;
	6F3C : 10;
	6F3D : 11;
	6F3E : 11;
	6F3F : 00;
	6F40 : 7F;
	6F41 : 02;
	6F42 : 77;
	6F43 : 77;
	6F44 : 78;
	6F45 : 88;
	6F46 : 90;
	6F47 : 98;
	6F48 : 98;
	6F49 : 88;
	6F4A : 89;
	6F4B : 89;
	6F4C : 89;
	6F4D : 88;
	6F4E : 99;
	6F4F : 89;
	6F50 : 98;
	6F51 : 89;
	6F52 : 98;
	6F53 : 98;
	6F54 : 99;
	6F55 : 88;
	6F56 : 89;
	6F57 : 90;
	6F58 : 98;
	6F59 : FF;
	6F5A : FF;
	6F5B : F0;
	6F5C : 00;
	6F5D : 10;
	6F5E : 00;
	6F5F : 08;
	6F60 : 10;
	6F61 : 11;
	6F62 : 10;
	6F63 : 01;
	6F64 : 01;
	6F65 : 01;
	6F66 : 11;
	6F67 : 00;
	6F68 : 11;
	6F69 : 11;
	6F6A : 10;
	6F6B : 11;
	6F6C : 11;
	6F6D : 01;
	6F6E : 01;
	6F6F : 18;
	6F70 : 10;
	6F71 : 08;
	6F72 : 08;
	6F73 : 08;
	6F74 : 80;
	6F75 : 90;
	6F76 : 09;
	6F77 : 88;
	6F78 : 88;
	6F79 : 88;
	6F7A : 98;
	6F7B : 88;
	6F7C : 89;
	6F7D : 88;
	6F7E : 89;
	6F7F : 88;
	6F80 : 99;
	6F81 : 08;
	6F82 : 89;
	6F83 : 98;
	6F84 : 88;
	6F85 : 98;
	6F86 : 88;
	6F87 : 88;
	6F88 : 98;
	6F89 : 08;
	6F8A : 90;
	6F8B : 98;
	6F8C : 88;
	6F8D : 88;
	6F8E : 09;
	6F8F : 88;
	6F90 : 80;
	6F91 : 88;
	6F92 : 88;
	6F93 : 08;
	6F94 : 98;
	6F95 : 80;
	6F96 : 80;
	6F97 : 88;
	6F98 : 80;
	6F99 : 89;
	6F9A : 08;
	6F9B : 88;
	6F9C : 08;
	6F9D : 08;
	6F9E : 08;
	6F9F : 80;
	6FA0 : 88;
	6FA1 : 08;
	6FA2 : 88;
	6FA3 : 08;
	6FA4 : 08;
	6FA5 : 09;
	6FA6 : 08;
	6FA7 : 08;
	6FA8 : 80;
	6FA9 : 88;
	6FAA : 08;
	6FAB : 08;
	6FAC : 08;
	6FAD : 08;
	6FAE : 08;
	6FAF : 88;
	6FB0 : 01;
	6FB1 : 80;
	6FB2 : 54;
	6FB3 : 98;
	6FB4 : 89;
	6FB5 : 09;
	6FB6 : 0A;
	6FB7 : 80;
	6FB8 : 88;
	6FB9 : 98;
	6FBA : 88;
	6FBB : 80;
	6FBC : 89;
	6FBD : 00;
	6FBE : 80;
	6FBF : 90;
	6FC0 : 7F;
	6FC1 : 80;
	6FC2 : 95;
	6FC3 : 77;
	6FC4 : 77;
	6FC5 : 3A;
	6FC6 : 09;
	6FC7 : 98;
	6FC8 : 98;
	6FC9 : A8;
	6FCA : 99;
	6FCB : 89;
	6FCC : 99;
	6FCD : 99;
	6FCE : 98;
	6FCF : 99;
	6FD0 : 99;
	6FD1 : 9A;
	6FD2 : 99;
	6FD3 : 89;
	6FD4 : 8A;
	6FD5 : DF;
	6FD6 : FF;
	6FD7 : F0;
	6FD8 : 08;
	6FD9 : 10;
	6FDA : 10;
	6FDB : 00;
	6FDC : 01;
	6FDD : 01;
	6FDE : 01;
	6FDF : 02;
	6FE0 : 00;
	6FE1 : 10;
	6FE2 : 11;
	6FE3 : 10;
	6FE4 : 11;
	6FE5 : 11;
	6FE6 : 00;
	6FE7 : 27;
	6FE8 : 67;
	6FE9 : 72;
	6FEA : 98;
	6FEB : 99;
	6FEC : 88;
	6FED : 89;
	6FEE : 88;
	6FEF : 99;
	6FF0 : 89;
	6FF1 : 98;
	6FF2 : 99;
	6FF3 : 98;
	6FF4 : 9A;
	6FF5 : 89;
	6FF6 : 98;
	6FF7 : 99;
	6FF8 : 99;
	6FF9 : 8E;
	6FFA : FF;
	6FFB : FB;
	6FFC : 81;
	6FFD : 11;
	6FFE : 01;
	6FFF : 01;
	7000 : 12;
	7001 : 00;
	7002 : 20;
	7003 : 20;
	7004 : 20;
	7005 : 21;
	7006 : 21;
	7007 : 12;
	7008 : 01;
	7009 : 22;
	700A : 13;
	700B : 77;
	700C : 77;
	700D : 29;
	700E : 09;
	700F : 90;
	7010 : 99;
	7011 : 98;
	7012 : 98;
	7013 : 99;
	7014 : 98;
	7015 : 99;
	7016 : 99;
	7017 : 99;
	7018 : 8A;
	7019 : 8A;
	701A : 89;
	701B : DE;
	701C : FF;
	701D : D0;
	701E : 10;
	701F : 00;
	7020 : 10;
	7021 : 00;
	7022 : 01;
	7023 : 01;
	7024 : 01;
	7025 : 10;
	7026 : 10;
	7027 : 11;
	7028 : 00;
	7029 : 11;
	702A : 10;
	702B : 27;
	702C : 77;
	702D : 20;
	702E : 88;
	702F : 99;
	7030 : 89;
	7031 : 89;
	7032 : 89;
	7033 : 99;
	7034 : 98;
	7035 : A8;
	7036 : A8;
	7037 : A9;
	7038 : 99;
	7039 : 99;
	703A : A9;
	703B : AB;
	703C : FF;
	703D : FF;
	703E : 91;
	703F : 00;
	7040 : 7F;
	7041 : 01;
	7042 : 00;
	7043 : 01;
	7044 : 01;
	7045 : 10;
	7046 : 10;
	7047 : 10;
	7048 : 10;
	7049 : 10;
	704A : 11;
	704B : 01;
	704C : 10;
	704D : 76;
	704E : 76;
	704F : 08;
	7050 : 88;
	7051 : 98;
	7052 : 90;
	7053 : 99;
	7054 : 89;
	7055 : 89;
	7056 : 89;
	7057 : 8A;
	7058 : 88;
	7059 : 99;
	705A : 99;
	705B : 99;
	705C : BF;
	705D : FF;
	705E : C0;
	705F : 01;
	7060 : 00;
	7061 : 10;
	7062 : 01;
	7063 : 01;
	7064 : 01;
	7065 : 11;
	7066 : 00;
	7067 : 11;
	7068 : 01;
	7069 : 11;
	706A : 03;
	706B : 77;
	706C : 73;
	706D : 89;
	706E : 88;
	706F : 98;
	7070 : 89;
	7071 : 99;
	7072 : 89;
	7073 : 98;
	7074 : A8;
	7075 : 99;
	7076 : 99;
	7077 : 9A;
	7078 : 8A;
	7079 : AF;
	707A : FF;
	707B : D0;
	707C : 00;
	707D : 00;
	707E : 10;
	707F : 10;
	7080 : 01;
	7081 : 01;
	7082 : 00;
	7083 : 11;
	7084 : 01;
	7085 : 10;
	7086 : 11;
	7087 : 02;
	7088 : 67;
	7089 : 73;
	708A : 1A;
	708B : 89;
	708C : 89;
	708D : 98;
	708E : 98;
	708F : A9;
	7090 : 98;
	7091 : 99;
	7092 : 99;
	7093 : 99;
	7094 : A9;
	7095 : 99;
	7096 : BF;
	7097 : FF;
	7098 : D8;
	7099 : 10;
	709A : 00;
	709B : 00;
	709C : 11;
	709D : 01;
	709E : 01;
	709F : 10;
	70A0 : 10;
	70A1 : 10;
	70A2 : 11;
	70A3 : 11;
	70A4 : 15;
	70A5 : 77;
	70A6 : 22;
	70A7 : 9A;
	70A8 : 09;
	70A9 : 0A;
	70AA : 98;
	70AB : 99;
	70AC : 98;
	70AD : A8;
	70AE : 99;
	70AF : 99;
	70B0 : 9B;
	70B1 : 8F;
	70B2 : FF;
	70B3 : B8;
	70B4 : 10;
	70B5 : 01;
	70B6 : 01;
	70B7 : 01;
	70B8 : 10;
	70B9 : 02;
	70BA : 10;
	70BB : 20;
	70BC : 20;
	70BD : 12;
	70BE : 17;
	70BF : 67;
	70C0 : 7F;
	70C1 : 40;
	70C2 : 98;
	70C3 : 98;
	70C4 : 88;
	70C5 : 8A;
	70C6 : 09;
	70C7 : 8A;
	70C8 : 09;
	70C9 : 99;
	70CA : 98;
	70CB : 99;
	70CC : 9F;
	70CD : FE;
	70CE : A8;
	70CF : 20;
	70D0 : 01;
	70D1 : 81;
	70D2 : 01;
	70D3 : 11;
	70D4 : 01;
	70D5 : 10;
	70D6 : 01;
	70D7 : 10;
	70D8 : 30;
	70D9 : 27;
	70DA : 77;
	70DB : 10;
	70DC : 90;
	70DD : 98;
	70DE : 98;
	70DF : 89;
	70E0 : 89;
	70E1 : 89;
	70E2 : 89;
	70E3 : 89;
	70E4 : 98;
	70E5 : 99;
	70E6 : AE;
	70E7 : FF;
	70E8 : A8;
	70E9 : 10;
	70EA : 18;
	70EB : 11;
	70EC : 01;
	70ED : 01;
	70EE : 11;
	70EF : 01;
	70F0 : 01;
	70F1 : 11;
	70F2 : 01;
	70F3 : 37;
	70F4 : 77;
	70F5 : 10;
	70F6 : 90;
	70F7 : 98;
	70F8 : 99;
	70F9 : 88;
	70FA : 98;
	70FB : 89;
	70FC : 98;
	70FD : 89;
	70FE : 89;
	70FF : FE;
	7100 : F8;
	7101 : 08;
	7102 : 00;
	7103 : 10;
	7104 : 00;
	7105 : 11;
	7106 : 81;
	7107 : 00;
	7108 : 10;
	7109 : 01;
	710A : 05;
	710B : 77;
	710C : 18;
	710D : 98;
	710E : 09;
	710F : 09;
	7110 : 89;
	7111 : 88;
	7112 : 89;
	7113 : 88;
	7114 : 98;
	7115 : A0;
	7116 : CF;
	7117 : FA;
	7118 : 80;
	7119 : 10;
	711A : 10;
	711B : 18;
	711C : 28;
	711D : 11;
	711E : 11;
	711F : 00;
	7120 : 02;
	7121 : 06;
	7122 : 57;
	7123 : 48;
	7124 : 98;
	7125 : 88;
	7126 : 89;
	7127 : 09;
	7128 : 88;
	7129 : 99;
	712A : 98;
	712B : 88;
	712C : 99;
	712D : CF;
	712E : FB;
	712F : 81;
	7130 : 10;
	7131 : 18;
	7132 : 10;
	7133 : 20;
	7134 : 01;
	7135 : 01;
	7136 : 11;
	7137 : 01;
	7138 : 14;
	7139 : 77;
	713A : 38;
	713B : 88;
	713C : 89;
	713D : 09;
	713E : 99;
	713F : 89;
	7140 : 7F;
	7141 : 89;
	7142 : 98;
	7143 : 98;
	7144 : 9A;
	7145 : EF;
	7146 : F9;
	7147 : 80;
	7148 : 18;
	7149 : 11;
	714A : 81;
	714B : 10;
	714C : 00;
	714D : 11;
	714E : 01;
	714F : 07;
	7150 : 67;
	7151 : 88;
	7152 : 09;
	7153 : 88;
	7154 : 09;
	7155 : 88;
	7156 : 88;
	7157 : 88;
	7158 : 89;
	7159 : 88;
	715A : CF;
	715B : D8;
	715C : 00;
	715D : 00;
	715E : 01;
	715F : 00;
	7160 : 10;
	7161 : 10;
	7162 : 00;
	7163 : 10;
	7164 : 47;
	7165 : 71;
	7166 : 88;
	7167 : 80;
	7168 : A0;
	7169 : 90;
	716A : 98;
	716B : 89;
	716C : 88;
	716D : 98;
	716E : BD;
	716F : FE;
	7170 : 08;
	7171 : 18;
	7172 : 00;
	7173 : 01;
	7174 : 00;
	7175 : 01;
	7176 : 01;
	7177 : 81;
	7178 : 12;
	7179 : 77;
	717A : 38;
	717B : 89;
	717C : 89;
	717D : 09;
	717E : 89;
	717F : 89;
	7180 : 98;
	7181 : 88;
	7182 : 9A;
	7183 : FF;
	7184 : F1;
	7185 : 81;
	7186 : 80;
	7187 : 81;
	7188 : 00;
	7189 : 00;
	718A : 00;
	718B : 00;
	718C : 01;
	718D : 17;
	718E : 60;
	718F : 80;
	7190 : 90;
	7191 : 90;
	7192 : 90;
	7193 : 99;
	7194 : 88;
	7195 : 89;
	7196 : 89;
	7197 : 9F;
	7198 : FC;
	7199 : 18;
	719A : 10;
	719B : 80;
	719C : 10;
	719D : 01;
	719E : 00;
	719F : 81;
	71A0 : 05;
	71A1 : 76;
	71A2 : 90;
	71A3 : 88;
	71A4 : 88;
	71A5 : 88;
	71A6 : 88;
	71A7 : 88;
	71A8 : 09;
	71A9 : 0C;
	71AA : DF;
	71AB : 08;
	71AC : 00;
	71AD : 81;
	71AE : 00;
	71AF : 00;
	71B0 : 01;
	71B1 : 00;
	71B2 : 02;
	71B3 : 37;
	71B4 : 69;
	71B5 : 08;
	71B6 : 08;
	71B7 : 89;
	71B8 : 88;
	71B9 : 88;
	71BA : 89;
	71BB : 0A;
	71BC : BF;
	71BD : F8;
	71BE : 01;
	71BF : 80;
	71C0 : 7F;
	71C1 : 18;
	71C2 : 00;
	71C3 : 01;
	71C4 : 00;
	71C5 : 01;
	71C6 : 27;
	71C7 : 70;
	71C8 : 08;
	71C9 : 90;
	71CA : 88;
	71CB : 98;
	71CC : 88;
	71CD : 98;
	71CE : 88;
	71CF : 9F;
	71D0 : FA;
	71D1 : 18;
	71D2 : 10;
	71D3 : 00;
	71D4 : 10;
	71D5 : 00;
	71D6 : 18;
	71D7 : 01;
	71D8 : 17;
	71D9 : 71;
	71DA : 88;
	71DB : 80;
	71DC : 98;
	71DD : 88;
	71DE : 89;
	71DF : 88;
	71E0 : 98;
	71E1 : 9C;
	71E2 : FF;
	71E3 : 08;
	71E4 : 01;
	71E5 : 00;
	71E6 : 00;
	71E7 : 81;
	71E8 : 81;
	71E9 : 81;
	71EA : 16;
	71EB : 71;
	71EC : 98;
	71ED : 08;
	71EE : 98;
	71EF : 88;
	71F0 : 88;
	71F1 : 09;
	71F2 : 8C;
	71F3 : FD;
	71F4 : 18;
	71F5 : 00;
	71F6 : 00;
	71F7 : 00;
	71F8 : 00;
	71F9 : 01;
	71FA : 02;
	71FB : 47;
	71FC : 38;
	71FD : 8A;
	71FE : 1A;
	71FF : 80;
	7200 : 98;
	7201 : 98;
	7202 : 8B;
	7203 : FF;
	7204 : A0;
	7205 : 82;
	7206 : 81;
	7207 : 81;
	7208 : 18;
	7209 : 10;
	720A : 00;
	720B : 67;
	720C : 39;
	720D : 09;
	720E : 09;
	720F : 88;
	7210 : 98;
	7211 : 90;
	7212 : 89;
	7213 : BF;
	7214 : F8;
	7215 : 88;
	7216 : 10;
	7217 : 10;
	7218 : 00;
	7219 : 18;
	721A : 00;
	721B : 27;
	721C : 60;
	721D : 80;
	721E : 90;
	721F : 90;
	7220 : 98;
	7221 : 09;
	7222 : 88;
	7223 : AB;
	7224 : FF;
	7225 : 08;
	7226 : 18;
	7227 : 00;
	7228 : 00;
	7229 : 00;
	722A : 10;
	722B : 01;
	722C : 77;
	722D : 90;
	722E : 88;
	722F : 80;
	7230 : 88;
	7231 : 88;
	7232 : 80;
	7233 : 89;
	7234 : FD;
	7235 : 10;
	7236 : 80;
	7237 : 81;
	7238 : 81;
	7239 : 00;
	723A : 00;
	723B : 02;
	723C : 76;
	723D : 88;
	723E : 89;
	723F : 08;
	7240 : 7F;
	7241 : 88;
	7242 : 80;
	7243 : 89;
	7244 : EE;
	7245 : 81;
	7246 : 81;
	7247 : 80;
	7248 : 00;
	7249 : 00;
	724A : 18;
	724B : 27;
	724C : 58;
	724D : 88;
	724E : 88;
	724F : 90;
	7250 : 88;
	7251 : 88;
	7252 : 9C;
	7253 : FA;
	7254 : 18;
	7255 : 10;
	7256 : 81;
	7257 : 00;
	7258 : 00;
	7259 : 04;
	725A : 74;
	725B : 88;
	725C : 89;
	725D : 08;
	725E : 88;
	725F : 89;
	7260 : 0A;
	7261 : BF;
	7262 : E1;
	7263 : 80;
	7264 : 81;
	7265 : 08;
	7266 : 10;
	7267 : 00;
	7268 : 27;
	7269 : 69;
	726A : 08;
	726B : 88;
	726C : 80;
	726D : 98;
	726E : 80;
	726F : 9C;
	7270 : F9;
	7271 : 18;
	7272 : 18;
	7273 : 00;
	7274 : 00;
	7275 : 00;
	7276 : 02;
	7277 : 76;
	7278 : 80;
	7279 : 90;
	727A : 88;
	727B : 88;
	727C : 89;
	727D : 09;
	727E : DE;
	727F : 91;
	7280 : 91;
	7281 : 01;
	7282 : 81;
	7283 : 00;
	7284 : 81;
	7285 : 27;
	7286 : 78;
	7287 : 88;
	7288 : 80;
	7289 : 88;
	728A : 88;
	728B : 88;
	728C : 9F;
	728D : C1;
	728E : 80;
	728F : 18;
	7290 : 00;
	7291 : 00;
	7292 : 02;
	7293 : 75;
	7294 : 88;
	7295 : 88;
	7296 : 88;
	7297 : 88;
	7298 : 88;
	7299 : AE;
	729A : D1;
	729B : 80;
	729C : 08;
	729D : 10;
	729E : 00;
	729F : 03;
	72A0 : 65;
	72A1 : 88;
	72A2 : 88;
	72A3 : 88;
	72A4 : 88;
	72A5 : 88;
	72A6 : BF;
	72A7 : C0;
	72A8 : 08;
	72A9 : 10;
	72AA : 00;
	72AB : 00;
	72AC : 03;
	72AD : 76;
	72AE : 91;
	72AF : 98;
	72B0 : 09;
	72B1 : 80;
	72B2 : 89;
	72B3 : AF;
	72B4 : B1;
	72B5 : 81;
	72B6 : 91;
	72B7 : 01;
	72B8 : 19;
	72B9 : 24;
	72BA : 73;
	72BB : A0;
	72BC : 89;
	72BD : 08;
	72BE : 88;
	72BF : 0A;
	72C0 : 7F;
	72C1 : BF;
	72C2 : F1;
	72C3 : 00;
	72C4 : 80;
	72C5 : 08;
	72C6 : 18;
	72C7 : 11;
	72C8 : 72;
	72C9 : 91;
	72CA : 90;
	72CB : 98;
	72CC : 88;
	72CD : 89;
	72CE : CF;
	72CF : B2;
	72D0 : 92;
	72D1 : 81;
	72D2 : 08;
	72D3 : 18;
	72D4 : 24;
	72D5 : 73;
	72D6 : A1;
	72D7 : 90;
	72D8 : A8;
	72D9 : 88;
	72DA : 89;
	72DB : FD;
	72DC : 88;
	72DD : 01;
	72DE : 80;
	72DF : 00;
	72E0 : 02;
	72E1 : 75;
	72E2 : 80;
	72E3 : 88;
	72E4 : 89;
	72E5 : 09;
	72E6 : 0B;
	72E7 : FB;
	72E8 : 10;
	72E9 : 00;
	72EA : 00;
	72EB : 00;
	72EC : 16;
	72ED : 78;
	72EE : 80;
	72EF : 80;
	72F0 : 98;
	72F1 : 88;
	72F2 : AE;
	72F3 : B1;
	72F4 : 00;
	72F5 : 00;
	72F6 : 00;
	72F7 : 10;
	72F8 : 57;
	72F9 : 08;
	72FA : 08;
	72FB : 88;
	72FC : 88;
	72FD : 8A;
	72FE : EC;
	72FF : 00;
	7300 : 00;
	7301 : 00;
	7302 : 00;
	7303 : 13;
	7304 : 73;
	7305 : 90;
	7306 : 90;
	7307 : 90;
	7308 : 98;
	7309 : AF;
	730A : F0;
	730B : 81;
	730C : 08;
	730D : 00;
	730E : 00;
	730F : 46;
	7310 : 88;
	7311 : 09;
	7312 : 08;
	7313 : 88;
	7314 : 89;
	7315 : FB;
	7316 : 10;
	7317 : 08;
	7318 : 01;
	7319 : 80;
	731A : 15;
	731B : 61;
	731C : 90;
	731D : 88;
	731E : 88;
	731F : 88;
	7320 : AF;
	7321 : D1;
	7322 : 08;
	7323 : 00;
	7324 : 00;
	7325 : 00;
	7326 : 37;
	7327 : 19;
	7328 : 19;
	7329 : 09;
	732A : 08;
	732B : 99;
	732C : FD;
	732D : 18;
	732E : 00;
	732F : 00;
	7330 : 81;
	7331 : 37;
	7332 : 09;
	7333 : 19;
	7334 : 09;
	7335 : 08;
	7336 : BE;
	7337 : A1;
	7338 : 81;
	7339 : 00;
	733A : 00;
	733B : 17;
	733C : 59;
	733D : 80;
	733E : 88;
	733F : 88;
	7340 : 7F;
	7341 : 8D;
	7342 : C1;
	7343 : 09;
	7344 : 10;
	7345 : 00;
	7346 : 04;
	7347 : 78;
	7348 : 08;
	7349 : 80;
	734A : 98;
	734B : 0A;
	734C : F9;
	734D : 08;
	734E : 18;
	734F : 01;
	7350 : 82;
	7351 : 63;
	7352 : 98;
	7353 : 08;
	7354 : 89;
	7355 : 89;
	7356 : EE;
	7357 : 00;
	7358 : 00;
	7359 : 80;
	735A : 01;
	735B : 37;
	735C : 09;
	735D : 19;
	735E : 08;
	735F : 89;
	7360 : AF;
	7361 : B2;
	7362 : 80;
	7363 : 01;
	7364 : 80;
	7365 : 27;
	7366 : 39;
	7367 : 00;
	7368 : 98;
	7369 : 80;
	736A : AE;
	736B : D8;
	736C : 08;
	736D : 10;
	736E : 00;
	736F : 14;
	7370 : 61;
	7371 : 90;
	7372 : 90;
	7373 : 88;
	7374 : 9A;
	7375 : FB;
	7376 : 29;
	7377 : 10;
	7378 : 80;
	7379 : 11;
	737A : 75;
	737B : 98;
	737C : 08;
	737D : 88;
	737E : 09;
	737F : EC;
	7380 : 10;
	7381 : 80;
	7382 : 00;
	7383 : 05;
	7384 : 48;
	7385 : 80;
	7386 : 90;
	7387 : 90;
	7388 : DC;
	7389 : 91;
	738A : 01;
	738B : 80;
	738C : 03;
	738D : 72;
	738E : 90;
	738F : 90;
	7390 : 89;
	7391 : AF;
	7392 : A1;
	7393 : 80;
	7394 : 00;
	7395 : 02;
	7396 : 73;
	7397 : A1;
	7398 : 90;
	7399 : 88;
	739A : AF;
	739B : B0;
	739C : 00;
	739D : 00;
	739E : 01;
	739F : 64;
	73A0 : 88;
	73A1 : 09;
	73A2 : 08;
	73A3 : 9C;
	73A4 : F0;
	73A5 : 08;
	73A6 : 18;
	73A7 : 00;
	73A8 : 37;
	73A9 : 88;
	73AA : 09;
	73AB : 08;
	73AC : 8A;
	73AD : F8;
	73AE : 00;
	73AF : 08;
	73B0 : 01;
	73B1 : 17;
	73B2 : 19;
	73B3 : 80;
	73B4 : 88;
	73B5 : 89;
	73B6 : F9;
	73B7 : 18;
	73B8 : 08;
	73B9 : 00;
	73BA : 17;
	73BB : 18;
	73BC : 08;
	73BD : A0;
	73BE : 88;
	73BF : DB;
	73C0 : 7E;
	73C1 : 01;
	73C2 : 81;
	73C3 : 00;
	73C4 : 06;
	73C5 : 48;
	73C6 : 08;
	73C7 : 90;
	73C8 : 88;
	73C9 : DC;
	73CA : 80;
	73CB : 81;
	73CC : 81;
	73CD : 04;
	73CE : 70;
	73CF : 80;
	73D0 : 90;
	73D1 : 90;
	73D2 : BF;
	73D3 : 80;
	73D4 : 81;
	73D5 : 80;
	73D6 : 15;
	73D7 : 49;
	73D8 : 80;
	73D9 : 88;
	73DA : 8A;
	73DB : F9;
	73DC : 18;
	73DD : 08;
	73DE : 10;
	73DF : 37;
	73E0 : 88;
	73E1 : 08;
	73E2 : 88;
	73E3 : 9D;
	73E4 : B2;
	73E5 : 80;
	73E6 : 80;
	73E7 : 13;
	73E8 : 71;
	73E9 : 80;
	73EA : 90;
	73EB : 89;
	73EC : ED;
	73ED : 10;
	73EE : 80;
	73EF : 00;
	73F0 : 14;
	73F1 : 39;
	73F2 : 18;
	73F3 : 90;
	73F4 : 9D;
	73F5 : F8;
	73F6 : 00;
	73F7 : 00;
	73F8 : 00;
	73F9 : 53;
	73FA : 90;
	73FB : 88;
	73FC : 89;
	73FD : AF;
	73FE : A1;
	73FF : 91;
	7400 : 00;
	7401 : 04;
	7402 : 70;
	7403 : 88;
	7404 : 88;
	7405 : 09;
	7406 : DB;
	7407 : 18;
	7408 : 00;
	7409 : 81;
	740A : 47;
	740B : 19;
	740C : 88;
	740D : 80;
	740E : 8C;
	740F : C8;
	7410 : 18;
	7411 : 00;
	7412 : 01;
	7413 : 72;
	7414 : 91;
	7415 : 90;
	7416 : 89;
	7417 : BF;
	7418 : 91;
	7419 : 80;
	741A : 01;
	741B : 05;
	741C : 38;
	741D : 88;
	741E : 88;
	741F : 8A;
	7420 : FB;
	7421 : 10;
	7422 : 00;
	7423 : 00;
	7424 : 08;
	7425 : 10;
	7426 : 01;
	7427 : 00;
	7428 : 81;
	7429 : 81;
	742A : 00;
	742B : 00;
	742C : 00;
	742D : 08;
	742E : 00;
	742F : 08;
	7430 : 00;
	7431 : 88;
	7432 : 00;
	7433 : 88;
	7434 : 08;
	7435 : 80;
	7436 : 88;
	7437 : 08;
	7438 : 80;
	7439 : 88;
	743A : 08;
	743B : 08;
	743C : 08;
	743D : 08;
	743E : 08;
	743F : 00;
	7440 : 7F;
	7441 : 00;
	7442 : 80;
	7443 : 80;
	7444 : 80;
	7445 : 80;
	7446 : 80;
	7447 : 80;
	7448 : 80;
	7449 : 80;
	744A : 80;
	744B : 80;
	744C : 80;
	744D : 80;
	744E : 80;
	744F : 80;
	7450 : 80;
	7451 : 80;
	7452 : 8B;
	7453 : 17;
	7454 : 3F;
	7455 : A7;
	7456 : 2F;
	7457 : 87;
	7458 : 8D;
	7459 : 13;
	745A : 9D;
	745B : 13;
	745C : 8E;
	745D : 04;
	745E : 8B;
	745F : 04;
	7460 : 8C;
	7461 : 03;
	7462 : 0E;
	7463 : 03;
	7464 : 0C;
	7465 : 02;
	7466 : 0C;
	7467 : 04;
	7468 : 8C;
	7469 : 03;
	746A : 0C;
	746B : 83;
	746C : 1D;
	746D : 83;
	746E : 1E;
	746F : 02;
	7470 : 1C;
	7471 : 02;
	7472 : 1D;
	7473 : 02;
	7474 : 0C;
	7475 : 84;
	7476 : 0B;
	7477 : 02;
	7478 : 1D;
	7479 : 83;
	747A : 1D;
	747B : 83;
	747C : 0C;
	747D : 83;
	747E : 1C;
	747F : 83;
	7480 : 1C;
	7481 : 94;
	7482 : 1C;
	7483 : 94;
	7484 : 0B;
	7485 : 83;
	7486 : 1C;
	7487 : 82;
	7488 : 3E;
	7489 : 82;
	748A : 2C;
	748B : 93;
	748C : 1C;
	748D : 93;
	748E : 2C;
	748F : 93;
	7490 : 3D;
	7491 : 93;
	7492 : 1B;
	7493 : B5;
	7494 : 2C;
	7495 : A3;
	7496 : 3C;
	7497 : 92;
	7498 : 2C;
	7499 : 93;
	749A : 3D;
	749B : A3;
	749C : 3B;
	749D : C3;
	749E : 3C;
	749F : A3;
	74A0 : 4C;
	74A1 : 92;
	74A2 : 3B;
	74A3 : C3;
	74A4 : 2B;
	74A5 : C3;
	74A6 : 4B;
	74A7 : B4;
	74A8 : 3C;
	74A9 : B3;
	74AA : 4B;
	74AB : B3;
	74AC : 5A;
	74AD : C2;
	74AE : 29;
	74AF : B2;
	74B0 : 4A;
	74B1 : B2;
	74B2 : 5A;
	74B3 : B2;
	74B4 : 4A;
	74B5 : C2;
	74B6 : 39;
	74B7 : D1;
	74B8 : 39;
	74B9 : C1;
	74BA : 49;
	74BB : C1;
	74BC : 38;
	74BD : D1;
	74BE : 20;
	74BF : E0;
	74C0 : 7F;
	74C1 : 48;
	74C2 : C0;
	74C3 : 48;
	74C4 : C8;
	74C5 : 50;
	74C6 : D8;
	74C7 : 50;
	74C8 : C8;
	74C9 : 41;
	74CA : E8;
	74CB : 50;
	74CC : C8;
	74CD : 32;
	74CE : D0;
	74CF : 20;
	74D0 : B9;
	74D1 : 41;
	74D2 : C8;
	74D3 : 30;
	74D4 : C8;
	74D5 : 31;
	74D6 : D9;
	74D7 : 41;
	74D8 : C9;
	74D9 : 23;
	74DA : BB;
	74DB : 43;
	74DC : DA;
	74DD : 34;
	74DE : C9;
	74DF : 24;
	74E0 : BB;
	74E1 : 35;
	74E2 : CA;
	74E3 : 34;
	74E4 : BA;
	74E5 : 33;
	74E6 : DA;
	74E7 : 24;
	74E8 : AA;
	74E9 : 23;
	74EA : BA;
	74EB : 14;
	74EC : AC;
	74ED : 23;
	74EE : AC;
	74EF : 14;
	74F0 : 9C;
	74F1 : 05;
	74F2 : 8C;
	74F3 : 04;
	74F4 : 8C;
	74F5 : 85;
	74F6 : 0D;
	74F7 : 85;
	74F8 : 8C;
	74F9 : 85;
	74FA : 0D;
	74FB : 85;
	74FC : 0D;
	74FD : 04;
	74FE : 0C;
	74FF : 03;
	7500 : 0D;
	7501 : 03;
	7502 : 8B;
	7503 : 84;
	7504 : 0B;
	7505 : 94;
	7506 : 1D;
	7507 : 83;
	7508 : 1C;
	7509 : A4;
	750A : 2C;
	750B : A4;
	750C : 2C;
	750D : A3;
	750E : 3C;
	750F : A3;
	7510 : 4C;
	7511 : 92;
	7512 : 3C;
	7513 : A3;
	7514 : 4C;
	7515 : A3;
	7516 : 3B;
	7517 : B3;
	7518 : 4B;
	7519 : A2;
	751A : 4B;
	751B : A2;
	751C : 5B;
	751D : B3;
	751E : 4A;
	751F : C1;
	7520 : 5A;
	7521 : B1;
	7522 : 59;
	7523 : B0;
	7524 : 59;
	7525 : B0;
	7526 : 59;
	7527 : C1;
	7528 : 48;
	7529 : C0;
	752A : 48;
	752B : C0;
	752C : 40;
	752D : D0;
	752E : 58;
	752F : C0;
	7530 : 38;
	7531 : C0;
	7532 : 48;
	7533 : B0;
	7534 : 38;
	7535 : C0;
	7536 : 30;
	7537 : D8;
	7538 : 48;
	7539 : B0;
	753A : 30;
	753B : C8;
	753C : 40;
	753D : B9;
	753E : 40;
	753F : C8;
	7540 : 7F;
	7541 : 40;
	7542 : B8;
	7543 : 31;
	7544 : D8;
	7545 : 31;
	7546 : C9;
	7547 : 41;
	7548 : C9;
	7549 : 31;
	754A : BA;
	754B : 51;
	754C : B9;
	754D : 41;
	754E : C9;
	754F : 31;
	7550 : BB;
	7551 : 61;
	7552 : B9;
	7553 : 32;
	7554 : D9;
	7555 : 32;
	7556 : CA;
	7557 : 41;
	7558 : AA;
	7559 : 33;
	755A : DA;
	755B : 41;
	755C : B9;
	755D : 32;
	755E : D9;
	755F : 32;
	7560 : CA;
	7561 : 42;
	7562 : BB;
	7563 : 35;
	7564 : BB;
	7565 : 34;
	7566 : BA;
	7567 : 24;
	7568 : BB;
	7569 : 43;
	756A : CB;
	756B : 42;
	756C : BA;
	756D : 34;
	756E : BC;
	756F : 24;
	7570 : BA;
	7571 : 24;
	7572 : AC;
	7573 : 24;
	7574 : AB;
	7575 : 24;
	7576 : AB;
	7577 : 24;
	7578 : AB;
	7579 : 25;
	757A : AB;
	757B : 24;
	757C : BA;
	757D : 24;
	757E : AC;
	757F : 24;
	7580 : AB;
	7581 : 15;
	7582 : AB;
	7583 : 24;
	7584 : AA;
	7585 : 14;
	7586 : AB;
	7587 : 16;
	7588 : 9B;
	7589 : 14;
	758A : 9B;
	758B : 14;
	758C : 9B;
	758D : 05;
	758E : 9B;
	758F : 05;
	7590 : 9A;
	7591 : 04;
	7592 : 8C;
	7593 : 04;
	7594 : 9A;
	7595 : 03;
	7596 : 8C;
	7597 : 04;
	7598 : 8B;
	7599 : 85;
	759A : 8B;
	759B : 04;
	759C : 8B;
	759D : 84;
	759E : 0C;
	759F : 84;
	75A0 : 8B;
	75A1 : 03;
	75A2 : 0D;
	75A3 : 84;
	75A4 : 0B;
	75A5 : 84;
	75A6 : 0C;
	75A7 : 83;
	75A8 : 1C;
	75A9 : 83;
	75AA : 0C;
	75AB : 95;
	75AC : 0B;
	75AD : 83;
	75AE : 0C;
	75AF : 84;
	75B0 : 1D;
	75B1 : 82;
	75B2 : 2D;
	75B3 : 83;
	75B4 : 1C;
	75B5 : 93;
	75B6 : 2C;
	75B7 : A3;
	75B8 : 4C;
	75B9 : 92;
	75BA : 3C;
	75BB : A3;
	75BC : 4B;
	75BD : B3;
	75BE : 4B;
	75BF : A2;
	75C0 : 7F;
	75C1 : 4B;
	75C2 : A2;
	75C3 : 5A;
	75C4 : B2;
	75C5 : 4A;
	75C6 : A1;
	75C7 : 4A;
	75C8 : C1;
	75C9 : 4A;
	75CA : B1;
	75CB : 59;
	75CC : B0;
	75CD : 69;
	75CE : C1;
	75CF : 49;
	75D0 : B8;
	75D1 : 69;
	75D2 : C1;
	75D3 : 49;
	75D4 : B0;
	75D5 : 59;
	75D6 : B1;
	75D7 : 48;
	75D8 : C0;
	75D9 : 38;
	75DA : B0;
	75DB : 48;
	75DC : B0;
	75DD : 48;
	75DE : C0;
	75DF : 38;
	75E0 : C8;
	75E1 : 40;
	75E2 : C8;
	75E3 : 32;
	75E4 : E9;
	75E5 : 32;
	75E6 : C9;
	75E7 : 32;
	75E8 : D9;
	75E9 : 41;
	75EA : BA;
	75EB : 42;
	75EC : CA;
	75ED : 33;
	75EE : BB;
	75EF : 51;
	75F0 : BA;
	75F1 : 41;
	75F2 : AA;
	75F3 : 32;
	75F4 : CA;
	75F5 : 34;
	75F6 : BB;
	75F7 : 34;
	75F8 : CA;
	75F9 : 33;
	75FA : BD;
	75FB : 33;
	75FC : BD;
	75FD : 14;
	75FE : 9C;
	75FF : 14;
	7600 : 9C;
	7601 : 14;
	7602 : 9B;
	7603 : 14;
	7604 : 8C;
	7605 : 04;
	7606 : 9B;
	7607 : 13;
	7608 : 8D;
	7609 : 13;
	760A : 8D;
	760B : 12;
	760C : 8B;
	760D : 04;
	760E : 8C;
	760F : 03;
	7610 : 0D;
	7611 : 83;
	7612 : 1D;
	7613 : 83;
	7614 : 1D;
	7615 : 83;
	7616 : 1C;
	7617 : 94;
	7618 : 1C;
	7619 : 82;
	761A : 2C;
	761B : 94;
	761C : 1C;
	761D : 83;
	761E : 1C;
	761F : 93;
	7620 : 3E;
	7621 : 82;
	7622 : 2C;
	7623 : 82;
	7624 : 1B;
	7625 : 93;
	7626 : 3D;
	7627 : 91;
	7628 : 4B;
	7629 : A3;
	762A : 4C;
	762B : A2;
	762C : 4B;
	762D : A3;
	762E : 2B;
	762F : B3;
	7630 : 6B;
	7631 : B3;
	7632 : 5B;
	7633 : A2;
	7634 : 4A;
	7635 : B1;
	7636 : 5A;
	7637 : A2;
	7638 : 2A;
	7639 : B2;
	763A : 6A;
	763B : A1;
	763C : 4A;
	763D : B2;
	763E : 5B;
	763F : B2;
	7640 : 7F;
	7641 : 4A;
	7642 : A1;
	7643 : 59;
	7644 : C1;
	7645 : 4A;
	7646 : B2;
	7647 : 39;
	7648 : C1;
	7649 : 49;
	764A : C1;
	764B : 49;
	764C : C1;
	764D : 28;
	764E : B1;
	764F : 48;
	7650 : C0;
	7651 : 39;
	7652 : C1;
	7653 : 49;
	7654 : A0;
	7655 : 38;
	7656 : D1;
	7657 : 49;
	7658 : C1;
	7659 : 38;
	765A : C0;
	765B : 30;
	765C : D0;
	765D : 20;
	765E : D0;
	765F : 30;
	7660 : C0;
	7661 : 38;
	7662 : C0;
	7663 : 48;
	7664 : C0;
	7665 : 30;
	7666 : C0;
	7667 : 38;
	7668 : C0;
	7669 : 30;
	766A : D0;
	766B : 21;
	766C : D8;
	766D : 31;
	766E : D8;
	766F : 31;
	7670 : C0;
	7671 : 20;
	7672 : B9;
	7673 : 40;
	7674 : B9;
	7675 : 41;
	7676 : C9;
	7677 : 41;
	7678 : C8;
	7679 : 31;
	767A : D0;
	767B : 20;
	767C : B9;
	767D : 41;
	767E : C9;
	767F : 32;
	7680 : C8;
	7681 : 23;
	7682 : E8;
	7683 : 21;
	7684 : B9;
	7685 : 33;
	7686 : E9;
	7687 : 23;
	7688 : C9;
	7689 : 31;
	768A : C9;
	768B : 41;
	768C : BA;
	768D : 42;
	768E : C9;
	768F : 22;
	7690 : BB;
	7691 : 43;
	7692 : CA;
	7693 : 42;
	7694 : C9;
	7695 : 22;
	7696 : BB;
	7697 : 43;
	7698 : CA;
	7699 : 41;
	769A : BA;
	769B : 34;
	769C : BC;
	769D : 34;
	769E : AC;
	769F : 22;
	76A0 : AA;
	76A1 : 24;
	76A2 : AD;
	76A3 : 24;
	76A4 : AC;
	76A5 : 14;
	76A6 : 9B;
	76A7 : 14;
	76A8 : 9C;
	76A9 : 14;
	76AA : 9C;
	76AB : 13;
	76AC : 8D;
	76AD : 13;
	76AE : 9B;
	76AF : 14;
	76B0 : 8C;
	76B1 : 13;
	76B2 : 9C;
	76B3 : 12;
	76B4 : 0C;
	76B5 : 12;
	76B6 : 8C;
	76B7 : 03;
	76B8 : 0E;
	76B9 : 03;
	76BA : 0D;
	76BB : 84;
	76BC : 8B;
	76BD : 83;
	76BE : 2E;
	76BF : 83;
	76C0 : 7F;
	76C1 : 1C;
	76C2 : 94;
	76C3 : 1C;
	76C4 : 82;
	76C5 : 2C;
	76C6 : 82;
	76C7 : 2D;
	76C8 : 82;
	76C9 : 2C;
	76CA : 82;
	76CB : 2B;
	76CC : 93;
	76CD : 2E;
	76CE : 81;
	76CF : 3C;
	76D0 : 81;
	76D1 : 3C;
	76D2 : 91;
	76D3 : 4C;
	76D4 : 91;
	76D5 : 4A;
	76D6 : A1;
	76D7 : 4B;
	76D8 : A1;
	76D9 : 6A;
	76DA : B2;
	76DB : 49;
	76DC : B1;
	76DD : 49;
	76DE : C1;
	76DF : 49;
	76E0 : B1;
	76E1 : 4A;
	76E2 : 90;
	76E3 : 39;
	76E4 : C1;
	76E5 : 49;
	76E6 : B1;
	76E7 : 49;
	76E8 : B0;
	76E9 : 48;
	76EA : C0;
	76EB : 48;
	76EC : B9;
	76ED : 50;
	76EE : C8;
	76EF : 40;
	76F0 : C0;
	76F1 : 38;
	76F2 : B9;
	76F3 : 51;
	76F4 : C9;
	76F5 : 40;
	76F6 : B8;
	76F7 : 31;
	76F8 : C9;
	76F9 : 42;
	76FA : C9;
	76FB : 31;
	76FC : BA;
	76FD : 42;
	76FE : C9;
	76FF : 32;
	7700 : C9;
	7701 : 31;
	7702 : CA;
	7703 : 33;
	7704 : DA;
	7705 : 33;
	7706 : BC;
	7707 : 26;
	7708 : BA;
	7709 : 24;
	770A : AB;
	770B : 15;
	770C : AB;
	770D : 24;
	770E : AB;
	770F : 34;
	7710 : AB;
	7711 : 24;
	7712 : AB;
	7713 : 24;
	7714 : AB;
	7715 : 24;
	7716 : 9C;
	7717 : 14;
	7718 : 9C;
	7719 : 13;
	771A : 9C;
	771B : 04;
	771C : 9B;
	771D : 14;
	771E : 8C;
	771F : 13;
	7720 : 9B;
	7721 : 85;
	7722 : 8C;
	7723 : 13;
	7724 : 9B;
	7725 : 05;
	7726 : 8C;
	7727 : 04;
	7728 : 8B;
	7729 : 84;
	772A : 8B;
	772B : 04;
	772C : 8B;
	772D : 85;
	772E : 8A;
	772F : 94;
	7730 : 0C;
	7731 : 03;
	7732 : 8B;
	7733 : 84;
	7734 : 0C;
	7735 : 84;
	7736 : 0B;
	7737 : 84;
	7738 : 0C;
	7739 : 83;
	773A : 1D;
	773B : 83;
	773C : 1C;
	773D : 83;
	773E : 1D;
	773F : 94;
	7740 : 7F;
	7741 : 0B;
	7742 : 83;
	7743 : 2D;
	7744 : 93;
	7745 : 2C;
	7746 : 93;
	7747 : 1C;
	7748 : 94;
	7749 : 1B;
	774A : A4;
	774B : 1C;
	774C : 94;
	774D : 1B;
	774E : 93;
	774F : 2D;
	7750 : 93;
	7751 : 2B;
	7752 : B4;
	7753 : 2C;
	7754 : 93;
	7755 : 3E;
	7756 : 93;
	7757 : 2C;
	7758 : 93;
	7759 : 1B;
	775A : B4;
	775B : 3C;
	775C : A3;
	775D : 3C;
	775E : A3;
	775F : 3D;
	7760 : A3;
	7761 : 4B;
	7762 : B3;
	7763 : 5B;
	7764 : B3;
	7765 : 4B;
	7766 : B3;
	7767 : 5A;
	7768 : C2;
	7769 : 3B;
	776A : B2;
	776B : 5A;
	776C : B2;
	776D : 5A;
	776E : B2;
	776F : 4A;
	7770 : B2;
	7771 : 4A;
	7772 : B2;
	7773 : 5A;
	7774 : B2;
	7775 : 4A;
	7776 : B1;
	7777 : 6A;
	7778 : A1;
	7779 : 4A;
	777A : A1;
	777B : 4A;
	777C : B2;
	777D : 4A;
	777E : B1;
	777F : 69;
	7780 : B1;
	7781 : 49;
	7782 : C1;
	7783 : 49;
	7784 : B1;
	7785 : 39;
	7786 : C0;
	7787 : 59;
	7788 : A0;
	7789 : 49;
	778A : A0;
	778B : 49;
	778C : B0;
	778D : 58;
	778E : C0;
	778F : 38;
	7790 : B0;
	7791 : 48;
	7792 : C8;
	7793 : 58;
	7794 : A8;
	7795 : 30;
	7796 : D8;
	7797 : 48;
	7798 : B8;
	7799 : 50;
	779A : C8;
	779B : 48;
	779C : A9;
	779D : 41;
	779E : C8;
	779F : 31;
	77A0 : C9;
	77A1 : 40;
	77A2 : B8;
	77A3 : 32;
	77A4 : C9;
	77A5 : 31;
	77A6 : C8;
	77A7 : 22;
	77A8 : D8;
	77A9 : 22;
	77AA : C9;
	77AB : 22;
	77AC : C9;
	77AD : 33;
	77AE : DA;
	77AF : 24;
	77B0 : AC;
	77B1 : 24;
	77B2 : AB;
	77B3 : 34;
	77B4 : BC;
	77B5 : 23;
	77B6 : AB;
	77B7 : 35;
	77B8 : AB;
	77B9 : 24;
	77BA : BA;
	77BB : 24;
	77BC : BA;
	77BD : 24;
	77BE : AB;
	77BF : 23;
	77C0 : 7F;
	77C1 : 9E;
	77C2 : 13;
	77C3 : 9C;
	77C4 : 04;
	77C5 : 9B;
	77C6 : 05;
	77C7 : 0D;
	77C8 : 84;
	77C9 : 0C;
	77CA : 84;
	77CB : 8A;
	77CC : 83;
	77CD : 0C;
	77CE : 84;
	77CF : 0B;
	77D0 : 84;
	77D1 : 0C;
	77D2 : 83;
	77D3 : 0B;
	77D4 : 84;
	77D5 : 1C;
	77D6 : 83;
	77D7 : 1D;
	77D8 : 93;
	77D9 : 1C;
	77DA : 83;
	77DB : 1C;
	77DC : 82;
	77DD : 2D;
	77DE : 93;
	77DF : 3D;
	77E0 : A2;
	77E1 : 4B;
	77E2 : B3;
	77E3 : 5B;
	77E4 : B3;
	77E5 : 5B;
	77E6 : A3;
	77E7 : 2A;
	77E8 : C3;
	77E9 : 3C;
	77EA : A2;
	77EB : 4A;
	77EC : A2;
	77ED : 3B;
	77EE : C2;
	77EF : 49;
	77F0 : C2;
	77F1 : 2A;
	77F2 : B2;
	77F3 : 49;
	77F4 : E1;
	77F5 : 39;
	77F6 : C1;
	77F7 : 49;
	77F8 : C0;
	77F9 : 48;
	77FA : C0;
	77FB : 30;
	77FC : C8;
	77FD : 48;
	77FE : B0;
	77FF : 40;
	7800 : C0;
	7801 : 20;
	7802 : C0;
	7803 : 30;
	7804 : C0;
	7805 : 30;
	7806 : C0;
	7807 : 20;
	7808 : C8;
	7809 : 31;
	780A : C8;
	780B : 31;
	780C : D8;
	780D : 22;
	780E : D8;
	780F : 22;
	7810 : C9;
	7811 : 23;
	7812 : D8;
	7813 : 22;
	7814 : C9;
	7815 : 23;
	7816 : D8;
	7817 : 22;
	7818 : C9;
	7819 : 23;
	781A : D8;
	781B : 22;
	781C : C9;
	781D : 23;
	781E : C9;
	781F : 23;
	7820 : CA;
	7821 : 24;
	7822 : BA;
	7823 : 34;
	7824 : CA;
	7825 : 32;
	7826 : BB;
	7827 : 36;
	7828 : BA;
	7829 : 25;
	782A : BA;
	782B : 24;
	782C : BA;
	782D : 33;
	782E : DA;
	782F : 24;
	7830 : AB;
	7831 : 24;
	7832 : AB;
	7833 : 25;
	7834 : BA;
	7835 : 15;
	7836 : 9B;
	7837 : 23;
	7838 : AD;
	7839 : 14;
	783A : 9C;
	783B : 14;
	783C : 9B;
	783D : 22;
	783E : AB;
	783F : 25;
	7840 : 7F;
	7841 : 9B;
	7842 : 14;
	7843 : 9C;
	7844 : 13;
	7845 : 9D;
	7846 : 14;
	7847 : 9C;
	7848 : 14;
	7849 : 9A;
	784A : 03;
	784B : 9C;
	784C : 13;
	784D : 9C;
	784E : 14;
	784F : 8C;
	7850 : 03;
	7851 : 8C;
	7852 : 04;
	7853 : 8C;
	7854 : 03;
	7855 : 8B;
	7856 : 04;
	7857 : 8C;
	7858 : 04;
	7859 : 8B;
	785A : 84;
	785B : 0C;
	785C : 84;
	785D : 0C;
	785E : 11;
	785F : 0B;
	7860 : 84;
	7861 : 0C;
	7862 : 03;
	7863 : 8C;
	7864 : 84;
	7865 : 0C;
	7866 : 02;
	7867 : 1D;
	7868 : 02;
	7869 : 0B;
	786A : 84;
	786B : 0C;
	786C : 83;
	786D : 1C;
	786E : 83;
	786F : 1D;
	7870 : 83;
	7871 : 0B;
	7872 : 95;
	7873 : 1C;
	7874 : 93;
	7875 : 2D;
	7876 : 82;
	7877 : 2C;
	7878 : 82;
	7879 : 1B;
	787A : A5;
	787B : 1C;
	787C : 94;
	787D : 1C;
	787E : 82;
	787F : 1B;
	7880 : 94;
	7881 : 1B;
	7882 : A3;
	7883 : 3D;
	7884 : 93;
	7885 : 2C;
	7886 : 93;
	7887 : 3D;
	7888 : B4;
	7889 : 2C;
	788A : 92;
	788B : 3B;
	788C : C2;
	788D : 5A;
	788E : B3;
	788F : 2A;
	7890 : C3;
	7891 : 3B;
	7892 : C4;
	7893 : 2B;
	7894 : A2;
	7895 : 3B;
	7896 : B4;
	7897 : 4B;
	7898 : B2;
	7899 : 39;
	789A : D1;
	789B : 49;
	789C : C1;
	789D : 39;
	789E : D1;
	789F : 49;
	78A0 : B0;
	78A1 : 48;
	78A2 : C0;
	78A3 : 30;
	78A4 : E0;
	78A5 : 48;
	78A6 : B8;
	78A7 : 48;
	78A8 : B1;
	78A9 : 30;
	78AA : D0;
	78AB : 21;
	78AC : D0;
	78AD : 21;
	78AE : C0;
	78AF : 20;
	78B0 : B8;
	78B1 : 30;
	78B2 : C8;
	78B3 : 31;
	78B4 : D8;
	78B5 : 31;
	78B6 : E8;
	78B7 : 31;
	78B8 : C9;
	78B9 : 32;
	78BA : D9;
	78BB : 33;
	78BC : D9;
	78BD : 23;
	78BE : C9;
	78BF : 23;
	78C0 : 7F;
	78C1 : C9;
	78C2 : 23;
	78C3 : D9;
	78C4 : 32;
	78C5 : C9;
	78C6 : 23;
	78C7 : BB;
	78C8 : 34;
	78C9 : BB;
	78CA : 34;
	78CB : CA;
	78CC : 24;
	78CD : AA;
	78CE : 06;
	78CF : AA;
	78D0 : 13;
	78D1 : 9D;
	78D2 : 05;
	78D3 : 9B;
	78D4 : 05;
	78D5 : 9A;
	78D6 : 04;
	78D7 : 8B;
	78D8 : 85;
	78D9 : 8B;
	78DA : 04;
	78DB : 8B;
	78DC : 03;
	78DD : 0C;
	78DE : 84;
	78DF : 8A;
	78E0 : 84;
	78E1 : 8B;
	78E2 : 03;
	78E3 : 8C;
	78E4 : 85;
	78E5 : 8B;
	78E6 : 84;
	78E7 : 0B;
	78E8 : 95;
	78E9 : 0C;
	78EA : 83;
	78EB : 1C;
	78EC : 93;
	78ED : 3D;
	78EE : A4;
	78EF : 2B;
	78F0 : B5;
	78F1 : 1B;
	78F2 : 93;
	78F3 : 2B;
	78F4 : B4;
	78F5 : 2C;
	78F6 : 93;
	78F7 : 2C;
	78F8 : 93;
	78F9 : 2D;
	78FA : 93;
	78FB : 2C;
	78FC : A3;
	78FD : 3B;
	78FE : C2;
	78FF : 4B;
	7900 : B2;
	7901 : 69;
	7902 : C1;
	7903 : 49;
	7904 : B1;
	7905 : 39;
	7906 : C1;
	7907 : 49;
	7908 : C1;
	7909 : 39;
	790A : C1;
	790B : 49;
	790C : C1;
	790D : 39;
	790E : B0;
	790F : 59;
	7910 : B1;
	7911 : 49;
	7912 : B1;
	7913 : 49;
	7914 : B0;
	7915 : 59;
	7916 : B1;
	7917 : 48;
	7918 : C0;
	7919 : 48;
	791A : B8;
	791B : 58;
	791C : B0;
	791D : 48;
	791E : B0;
	791F : 48;
	7920 : C0;
	7921 : 38;
	7922 : C8;
	7923 : 58;
	7924 : A8;
	7925 : 30;
	7926 : D0;
	7927 : 30;
	7928 : C8;
	7929 : 48;
	792A : B8;
	792B : 40;
	792C : B8;
	792D : 40;
	792E : C8;
	792F : 31;
	7930 : D8;
	7931 : 30;
	7932 : B9;
	7933 : 50;
	7934 : B8;
	7935 : 40;
	7936 : C8;
	7937 : 30;
	7938 : B9;
	7939 : 51;
	793A : C9;
	793B : 40;
	793C : B8;
	793D : 31;
	793E : D8;
	793F : 31;
	7940 : 7F;
	7941 : C9;
	7942 : 41;
	7943 : C8;
	7944 : 21;
	7945 : BA;
	7946 : 51;
	7947 : BA;
	7948 : 41;
	7949 : B9;
	794A : 33;
	794B : E9;
	794C : 32;
	794D : C9;
	794E : 32;
	794F : CA;
	7950 : 41;
	7951 : B9;
	7952 : 33;
	7953 : E9;
	7954 : 32;
	7955 : BB;
	7956 : 35;
	7957 : C9;
	7958 : 23;
	7959 : CA;
	795A : 33;
	795B : CA;
	795C : 24;
	795D : BB;
	795E : 42;
	795F : BB;
	7960 : 42;
	7961 : BA;
	7962 : 35;
	7963 : C9;
	7964 : 14;
	7965 : BA;
	7966 : 24;
	7967 : AB;
	7968 : 24;
	7969 : AB;
	796A : 25;
	796B : AB;
	796C : 24;
	796D : AB;
	796E : 25;
	796F : AB;
	7970 : 15;
	7971 : AB;
	7972 : 25;
	7973 : AA;
	7974 : 13;
	7975 : AB;
	7976 : 17;
	7977 : 9B;
	7978 : 13;
	7979 : 9C;
	797A : 14;
	797B : 9C;
	797C : 13;
	797D : 9C;
	797E : 14;
	797F : 9B;
	7980 : 05;
	7981 : 8B;
	7982 : 04;
	7983 : 9B;
	7984 : 05;
	7985 : 8B;
	7986 : 04;
	7987 : 9A;
	7988 : 03;
	7989 : 8C;
	798A : 04;
	798B : 8B;
	798C : 84;
	798D : 8B;
	798E : 85;
	798F : 0B;
	7990 : 94;
	7991 : 1C;
	7992 : 94;
	7993 : 0B;
	7994 : 94;
	7995 : 1C;
	7996 : A5;
	7997 : 1C;
	7998 : 82;
	7999 : 2B;
	799A : A4;
	799B : 1B;
	799C : 93;
	799D : 3C;
	799E : B4;
	799F : 2C;
	79A0 : 93;
	79A1 : 1B;
	79A2 : 93;
	79A3 : 3D;
	79A4 : 92;
	79A5 : 3C;
	79A6 : A2;
	79A7 : 4B;
	79A8 : C3;
	79A9 : 2A;
	79AA : C1;
	79AB : 69;
	79AC : C1;
	79AD : 4A;
	79AE : A1;
	79AF : 49;
	79B0 : B0;
	79B1 : 48;
	79B2 : C1;
	79B3 : 38;
	79B4 : C0;
	79B5 : 38;
	79B6 : C1;
	79B7 : 39;
	79B8 : C1;
	79B9 : 38;
	79BA : C0;
	79BB : 38;
	79BC : C0;
	79BD : 48;
	79BE : C0;
	79BF : 30;
	79C0 : 7F;
	79C1 : C9;
	79C2 : 58;
	79C3 : B0;
	79C4 : 31;
	79C5 : D9;
	79C6 : 33;
	79C7 : E9;
	79C8 : 32;
	79C9 : C8;
	79CA : 21;
	79CB : BA;
	79CC : 51;
	79CD : C8;
	79CE : 31;
	79CF : B9;
	79D0 : 31;
	79D1 : C9;
	79D2 : 40;
	79D3 : AA;
	79D4 : 33;
	79D5 : D9;
	79D6 : 23;
	79D7 : CA;
	79D8 : 33;
	79D9 : CB;
	79DA : 35;
	79DB : BB;
	79DC : 25;
	79DD : AC;
	79DE : 23;
	79DF : AD;
	79E0 : 24;
	79E1 : AA;
	79E2 : 14;
	79E3 : AB;
	79E4 : 15;
	79E5 : 9A;
	79E6 : 04;
	79E7 : 9B;
	79E8 : 22;
	79E9 : 8D;
	79EA : 13;
	79EB : 9B;
	79EC : 14;
	79ED : 9C;
	79EE : 13;
	79EF : 8D;
	79F0 : 03;
	79F1 : 0D;
	79F2 : 84;
	79F3 : 0C;
	79F4 : 83;
	79F5 : 0B;
	79F6 : 84;
	79F7 : 0D;
	79F8 : 03;
	79F9 : 0C;
	79FA : 83;
	79FB : 1D;
	79FC : 83;
	79FD : 1C;
	79FE : 83;
	79FF : 1D;
	7A00 : 82;
	7A01 : 2C;
	7A02 : 93;
	7A03 : 2D;
	7A04 : 83;
	7A05 : 1C;
	7A06 : 93;
	7A07 : 2D;
	7A08 : 82;
	7A09 : 1B;
	7A0A : 94;
	7A0B : 1C;
	7A0C : 93;
	7A0D : 3E;
	7A0E : 82;
	7A0F : 2C;
	7A10 : 93;
	7A11 : 2D;
	7A12 : 82;
	7A13 : 2D;
	7A14 : 82;
	7A15 : 1B;
	7A16 : 92;
	7A17 : 4C;
	7A18 : 92;
	7A19 : 3C;
	7A1A : A3;
	7A1B : 3C;
	7A1C : 92;
	7A1D : 3D;
	7A1E : 92;
	7A1F : 3B;
	7A20 : C3;
	7A21 : 3C;
	7A22 : A2;
	7A23 : 4B;
	7A24 : B3;
	7A25 : 5A;
	7A26 : B2;
	7A27 : 5B;
	7A28 : A2;
	7A29 : 4B;
	7A2A : B3;
	7A2B : 5A;
	7A2C : B2;
	7A2D : 3B;
	7A2E : C3;
	7A2F : 4A;
	7A30 : B2;
	7A31 : 4A;
	7A32 : C2;
	7A33 : 4A;
	7A34 : C2;
	7A35 : 4A;
	7A36 : C2;
	7A37 : 29;
	7A38 : A1;
	7A39 : 4A;
	7A3A : B1;
	7A3B : 49;
	7A3C : C1;
	7A3D : 49;
	7A3E : B1;
	7A3F : 49;
	7A40 : 7F;
	7A41 : C1;
	7A42 : 49;
	7A43 : B1;
	7A44 : 49;
	7A45 : C2;
	7A46 : 29;
	7A47 : B1;
	7A48 : 38;
	7A49 : E1;
	7A4A : 39;
	7A4B : C0;
	7A4C : 48;
	7A4D : C0;
	7A4E : 48;
	7A4F : B1;
	7A50 : 28;
	7A51 : C0;
	7A52 : 48;
	7A53 : C0;
	7A54 : 30;
	7A55 : D1;
	7A56 : 28;
	7A57 : C1;
	7A58 : 20;
	7A59 : C8;
	7A5A : 40;
	7A5B : C8;
	7A5C : 30;
	7A5D : B0;
	7A5E : 30;
	7A5F : E0;
	7A60 : 30;
	7A61 : D0;
	7A62 : 21;
	7A63 : D0;
	7A64 : 20;
	7A65 : B8;
	7A66 : 40;
	7A67 : C0;
	7A68 : 30;
	7A69 : D0;
	7A6A : 20;
	7A6B : C0;
	7A6C : 30;
	7A6D : C8;
	7A6E : 30;
	7A6F : C8;
	7A70 : 32;
	7A71 : E8;
	7A72 : 31;
	7A73 : C9;
	7A74 : 40;
	7A75 : A9;
	7A76 : 31;
	7A77 : C8;
	7A78 : 30;
	7A79 : B8;
	7A7A : 22;
	7A7B : C9;
	7A7C : 33;
	7A7D : DA;
	7A7E : 32;
	7A7F : CB;
	7A80 : 43;
	7A81 : CA;
	7A82 : 24;
	7A83 : BB;
	7A84 : 35;
	7A85 : BB;
	7A86 : 35;
	7A87 : BB;
	7A88 : 35;
	7A89 : AB;
	7A8A : 15;
	7A8B : 9C;
	7A8C : 23;
	7A8D : AB;
	7A8E : 14;
	7A8F : AA;
	7A90 : 23;
	7A91 : 9D;
	7A92 : 14;
	7A93 : 9B;
	7A94 : 12;
	7A95 : 8C;
	7A96 : 04;
	7A97 : 8C;
	7A98 : 03;
	7A99 : 8C;
	7A9A : 04;
	7A9B : 0D;
	7A9C : 02;
	7A9D : 1D;
	7A9E : 83;
	7A9F : 1D;
	7AA0 : 83;
	7AA1 : 0B;
	7AA2 : 83;
	7AA3 : 2D;
	7AA4 : 82;
	7AA5 : 1C;
	7AA6 : 02;
	7AA7 : 2E;
	7AA8 : 83;
	7AA9 : 0B;
	7AAA : 83;
	7AAB : 1D;
	7AAC : 02;
	7AAD : 0B;
	7AAE : 93;
	7AAF : 4D;
	7AB0 : 82;
	7AB1 : 2C;
	7AB2 : A3;
	7AB3 : 3C;
	7AB4 : A2;
	7AB5 : 4B;
	7AB6 : B3;
	7AB7 : 5B;
	7AB8 : B3;
	7AB9 : 5B;
	7ABA : A2;
	7ABB : 4A;
	7ABC : B2;
	7ABD : 5A;
	7ABE : B1;
	7ABF : 5A;
	7AC0 : 7F;
	7AC1 : A1;
	7AC2 : 4A;
	7AC3 : A2;
	7AC4 : 3A;
	7AC5 : C1;
	7AC6 : 4A;
	7AC7 : A1;
	7AC8 : 4A;
	7AC9 : B0;
	7ACA : 68;
	7ACB : C0;
	7ACC : 48;
	7ACD : B8;
	7ACE : 48;
	7ACF : C0;
	7AD0 : 48;
	7AD1 : B8;
	7AD2 : 40;
	7AD3 : B8;
	7AD4 : 40;
	7AD5 : B9;
	7AD6 : 50;
	7AD7 : B8;
	7AD8 : 31;
	7AD9 : C9;
	7ADA : 40;
	7ADB : B8;
	7ADC : 40;
	7ADD : B8;
	7ADE : 30;
	7ADF : C9;
	7AE0 : 41;
	7AE1 : BA;
	7AE2 : 43;
	7AE3 : E9;
	7AE4 : 32;
	7AE5 : CA;
	7AE6 : 33;
	7AE7 : CB;
	7AE8 : 42;
	7AE9 : BA;
	7AEA : 34;
	7AEB : CA;
	7AEC : 33;
	7AED : CA;
	7AEE : 25;
	7AEF : AB;
	7AF0 : 33;
	7AF1 : CB;
	7AF2 : 42;
	7AF3 : BB;
	7AF4 : 42;
	7AF5 : BB;
	7AF6 : 43;
	7AF7 : BC;
	7AF8 : 24;
	7AF9 : BB;
	7AFA : 34;
	7AFB : AB;
	7AFC : 25;
	7AFD : AB;
	7AFE : 16;
	7AFF : AA;
	7B00 : 14;
	7B01 : 9B;
	7B02 : 14;
	7B03 : 9C;
	7B04 : 13;
	7B05 : 9C;
	7B06 : 14;
	7B07 : 9B;
	7B08 : 14;
	7B09 : 9C;
	7B0A : 14;
	7B0B : 9B;
	7B0C : 14;
	7B0D : 9C;
	7B0E : 13;
	7B0F : 9C;
	7B10 : 13;
	7B11 : 8C;
	7B12 : 04;
	7B13 : 9B;
	7B14 : 14;
	7B15 : 9C;
	7B16 : 04;
	7B17 : 8B;
	7B18 : 05;
	7B19 : 9A;
	7B1A : 03;
	7B1B : 8D;
	7B1C : 04;
	7B1D : 9A;
	7B1E : 85;
	7B1F : 8B;
	7B20 : 03;
	7B21 : 8B;
	7B22 : 85;
	7B23 : 8B;
	7B24 : 04;
	7B25 : 8C;
	7B26 : 04;
	7B27 : 8B;
	7B28 : 85;
	7B29 : 8A;
	7B2A : 94;
	7B2B : 8A;
	7B2C : 84;
	7B2D : 0C;
	7B2E : 83;
	7B2F : 1D;
	7B30 : 83;
	7B31 : 0B;
	7B32 : 84;
	7B33 : 1C;
	7B34 : 94;
	7B35 : 0B;
	7B36 : 94;
	7B37 : 0B;
	7B38 : 83;
	7B39 : 2D;
	7B3A : 94;
	7B3B : 1C;
	7B3C : 94;
	7B3D : 0A;
	7B3E : 93;
	7B3F : 1D;
	7B40 : 7F;
	7B41 : 83;
	7B42 : 1C;
	7B43 : 82;
	7B44 : 1B;
	7B45 : 94;
	7B46 : 1C;
	7B47 : 93;
	7B48 : 2C;
	7B49 : 93;
	7B4A : 3E;
	7B4B : 93;
	7B4C : 2D;
	7B4D : 93;
	7B4E : 2C;
	7B4F : 93;
	7B50 : 2C;
	7B51 : 92;
	7B52 : 3C;
	7B53 : A3;
	7B54 : 3D;
	7B55 : A3;
	7B56 : 3C;
	7B57 : 92;
	7B58 : 3C;
	7B59 : B4;
	7B5A : 3C;
	7B5B : 91;
	7B5C : 4B;
	7B5D : A2;
	7B5E : 4B;
	7B5F : A2;
	7B60 : 4A;
	7B61 : B2;
	7B62 : 5A;
	7B63 : B2;
	7B64 : 4A;
	7B65 : B2;
	7B66 : 5A;
	7B67 : B1;
	7B68 : 5A;
	7B69 : A2;
	7B6A : 3B;
	7B6B : B2;
	7B6C : 5A;
	7B6D : B2;
	7B6E : 4A;
	7B6F : B1;
	7B70 : 59;
	7B71 : B0;
	7B72 : 59;
	7B73 : B0;
	7B74 : 69;
	7B75 : B0;
	7B76 : 48;
	7B77 : B0;
	7B78 : 40;
	7B79 : D0;
	7B7A : 38;
	7B7B : C0;
	7B7C : 30;
	7B7D : C8;
	7B7E : 40;
	7B7F : C0;
	7B80 : 38;
	7B81 : B8;
	7B82 : 40;
	7B83 : B8;
	7B84 : 31;
	7B85 : D8;
	7B86 : 30;
	7B87 : B9;
	7B88 : 41;
	7B89 : BB;
	7B8A : 51;
	7B8B : BA;
	7B8C : 42;
	7B8D : CB;
	7B8E : 43;
	7B8F : D9;
	7B90 : 32;
	7B91 : CA;
	7B92 : 34;
	7B93 : BB;
	7B94 : 42;
	7B95 : BB;
	7B96 : 42;
	7B97 : BA;
	7B98 : 33;
	7B99 : BC;
	7B9A : 34;
	7B9B : BA;
	7B9C : 33;
	7B9D : BD;
	7B9E : 24;
	7B9F : BB;
	7BA0 : 34;
	7BA1 : AC;
	7BA2 : 15;
	7BA3 : 9B;
	7BA4 : 04;
	7BA5 : 8D;
	7BA6 : 13;
	7BA7 : 9C;
	7BA8 : 04;
	7BA9 : 8C;
	7BAA : 13;
	7BAB : 8D;
	7BAC : 03;
	7BAD : 0D;
	7BAE : 02;
	7BAF : 0B;
	7BB0 : 03;
	7BB1 : 0C;
	7BB2 : 03;
	7BB3 : 8B;
	7BB4 : 84;
	7BB5 : 0C;
	7BB6 : 03;
	7BB7 : 0D;
	7BB8 : 02;
	7BB9 : 1D;
	7BBA : 02;
	7BBB : 0C;
	7BBC : 93;
	7BBD : 2C;
	7BBE : 93;
	7BBF : 3E;
	7BC0 : 7F;
	7BC1 : 93;
	7BC2 : 2C;
	7BC3 : A4;
	7BC4 : 2B;
	7BC5 : A3;
	7BC6 : 3D;
	7BC7 : A3;
	7BC8 : 4B;
	7BC9 : A2;
	7BCA : 4B;
	7BCB : B4;
	7BCC : 2B;
	7BCD : A3;
	7BCE : 3C;
	7BCF : A3;
	7BD0 : 4C;
	7BD1 : 91;
	7BD2 : 3A;
	7BD3 : C2;
	7BD4 : 4A;
	7BD5 : D1;
	7BD6 : 49;
	7BD7 : B1;
	7BD8 : 49;
	7BD9 : C1;
	7BDA : 39;
	7BDB : C0;
	7BDC : 48;
	7BDD : C1;
	7BDE : 38;
	7BDF : D1;
	7BE0 : 39;
	7BE1 : C1;
	7BE2 : 38;
	7BE3 : D0;
	7BE4 : 48;
	7BE5 : B0;
	7BE6 : 30;
	7BE7 : D0;
	7BE8 : 38;
	7BE9 : C0;
	7BEA : 48;
	7BEB : C0;
	7BEC : 30;
	7BED : C8;
	7BEE : 48;
	7BEF : B0;
	7BF0 : 31;
	7BF1 : D8;
	7BF2 : 30;
	7BF3 : C0;
	7BF4 : 20;
	7BF5 : B9;
	7BF6 : 51;
	7BF7 : C8;
	7BF8 : 31;
	7BF9 : E0;
	7BFA : 21;
	7BFB : C8;
	7BFC : 20;
	7BFD : B8;
	7BFE : 32;
	7BFF : E8;
	7C00 : 31;
	7C01 : C8;
	7C02 : 22;
	7C03 : D8;
	7C04 : 22;
	7C05 : D8;
	7C06 : 22;
	7C07 : C8;
	7C08 : 21;
	7C09 : B9;
	7C0A : 41;
	7C0B : C9;
	7C0C : 41;
	7C0D : B9;
	7C0E : 23;
	7C0F : D9;
	7C10 : 32;
	7C11 : D9;
	7C12 : 32;
	7C13 : C9;
	7C14 : 23;
	7C15 : C9;
	7C16 : 32;
	7C17 : D9;
	7C18 : 32;
	7C19 : CA;
	7C1A : 41;
	7C1B : B9;
	7C1C : 24;
	7C1D : BB;
	7C1E : 42;
	7C1F : CA;
	7C20 : 33;
	7C21 : CB;
	7C22 : 43;
	7C23 : BB;
	7C24 : 35;
	7C25 : BB;
	7C26 : 33;
	7C27 : CB;
	7C28 : 44;
	7C29 : BA;
	7C2A : 23;
	7C2B : AD;
	7C2C : 23;
	7C2D : BC;
	7C2E : 24;
	7C2F : AA;
	7C30 : 24;
	7C31 : AC;
	7C32 : 22;
	7C33 : 9C;
	7C34 : 23;
	7C35 : AD;
	7C36 : 14;
	7C37 : 9B;
	7C38 : 23;
	7C39 : 9E;
	7C3A : 22;
	7C3B : 9C;
	7C3C : 14;
	7C3D : 9B;
	7C3E : 14;
	7C3F : 9C;
	7C40 : 7F;
	7C41 : 13;
	7C42 : 9C;
	7C43 : 14;
	7C44 : 9B;
	7C45 : 04;
	7C46 : 9A;
	7C47 : 13;
	7C48 : 9D;
	7C49 : 14;
	7C4A : 9B;
	7C4B : 13;
	7C4C : 9D;
	7C4D : 13;
	7C4E : 8D;
	7C4F : 13;
	7C50 : 9C;
	7C51 : 04;
	7C52 : 8C;
	7C53 : 13;
	7C54 : 9B;
	7C55 : 86;
	7C56 : 8B;
	7C57 : 04;
	7C58 : 8B;
	7C59 : 03;
	7C5A : 0D;
	7C5B : 03;
	7C5C : 8B;
	7C5D : 03;
	7C5E : 0D;
	7C5F : 02;
	7C60 : 1D;
	7C61 : 02;
	7C62 : 0C;
	7C63 : 02;
	7C64 : 1C;
	7C65 : 93;
	7C66 : 2D;
	7C67 : 93;
	7C68 : 3E;
	7C69 : 93;
	7C6A : 2C;
	7C6B : A4;
	7C6C : 1B;
	7C6D : A4;
	7C6E : 2B;
	7C6F : A3;
	7C70 : 4C;
	7C71 : 93;
	7C72 : 1B;
	7C73 : A3;
	7C74 : 4C;
	7C75 : 92;
	7C76 : 3B;
	7C77 : B2;
	7C78 : 4B;
	7C79 : B3;
	7C7A : 5B;
	7C7B : B2;
	7C7C : 59;
	7C7D : C1;
	7C7E : 4A;
	7C7F : B1;
	7C80 : 69;
	7C81 : B1;
	7C82 : 49;
	7C83 : C1;
	7C84 : 38;
	7C85 : D1;
	7C86 : 39;
	7C87 : B0;
	7C88 : 48;
	7C89 : C1;
	7C8A : 38;
	7C8B : C1;
	7C8C : 28;
	7C8D : C0;
	7C8E : 48;
	7C8F : B0;
	7C90 : 30;
	7C91 : D8;
	7C92 : 30;
	7C93 : C8;
	7C94 : 40;
	7C95 : B8;
	7C96 : 31;
	7C97 : E8;
	7C98 : 31;
	7C99 : D8;
	7C9A : 22;
	7C9B : C9;
	7C9C : 33;
	7C9D : E9;
	7C9E : 31;
	7C9F : B9;
	7CA0 : 42;
	7CA1 : D8;
	7CA2 : 22;
	7CA3 : C8;
	7CA4 : 12;
	7CA5 : B9;
	7CA6 : 32;
	7CA7 : C9;
	7CA8 : 22;
	7CA9 : BB;
	7CAA : 43;
	7CAB : CA;
	7CAC : 24;
	7CAD : BB;
	7CAE : 26;
	7CAF : AB;
	7CB0 : 16;
	7CB1 : AA;
	7CB2 : 14;
	7CB3 : AA;
	7CB4 : 14;
	7CB5 : 9C;
	7CB6 : 14;
	7CB7 : 9C;
	7CB8 : 13;
	7CB9 : 9B;
	7CBA : 14;
	7CBB : 9A;
	7CBC : 04;
	7CBD : 9A;
	7CBE : 04;
	7CBF : 9B;
	7CC0 : 7F;
	7CC1 : 04;
	7CC2 : 8C;
	7CC3 : 03;
	7CC4 : 0C;
	7CC5 : 84;
	7CC6 : 0C;
	7CC7 : 95;
	7CC8 : 0C;
	7CC9 : 02;
	7CCA : 1D;
	7CCB : 83;
	7CCC : 1C;
	7CCD : 94;
	7CCE : 0A;
	7CCF : 93;
	7CD0 : 1C;
	7CD1 : 94;
	7CD2 : 0B;
	7CD3 : 84;
	7CD4 : 0B;
	7CD5 : 93;
	7CD6 : 4C;
	7CD7 : A4;
	7CD8 : 1B;
	7CD9 : 93;
	7CDA : 2D;
	7CDB : 94;
	7CDC : 1B;
	7CDD : A3;
	7CDE : 3D;
	7CDF : A4;
	7CE0 : 1A;
	7CE1 : A3;
	7CE2 : 3D;
	7CE3 : A4;
	7CE4 : 2B;
	7CE5 : A3;
	7CE6 : 3D;
	7CE7 : A3;
	7CE8 : 2B;
	7CE9 : C4;
	7CEA : 2A;
	7CEB : B3;
	7CEC : 3D;
	7CED : A3;
	7CEE : 4B;
	7CEF : B3;
	7CF0 : 3B;
	7CF1 : D3;
	7CF2 : 4A;
	7CF3 : C2;
	7CF4 : 3B;
	7CF5 : B3;
	7CF6 : 4B;
	7CF7 : B2;
	7CF8 : 6A;
	7CF9 : B2;
	7CFA : 4A;
	7CFB : B2;
	7CFC : 4A;
	7CFD : C2;
	7CFE : 3A;
	7CFF : C2;
	7D00 : 4A;
	7D01 : B1;
	7D02 : 5A;
	7D03 : A1;
	7D04 : 4A;
	7D05 : A1;
	7D06 : 59;
	7D07 : B1;
	7D08 : 49;
	7D09 : C1;
	7D0A : 39;
	7D0B : C0;
	7D0C : 59;
	7D0D : A0;
	7D0E : 49;
	7D0F : B1;
	7D10 : 49;
	7D11 : C1;
	7D12 : 49;
	7D13 : B0;
	7D14 : 48;
	7D15 : B0;
	7D16 : 48;
	7D17 : B0;
	7D18 : 59;
	7D19 : B0;
	7D1A : 48;
	7D1B : B0;
	7D1C : 49;
	7D1D : B0;
	7D1E : 58;
	7D1F : B0;
	7D20 : 48;
	7D21 : C0;
	7D22 : 38;
	7D23 : C0;
	7D24 : 48;
	7D25 : C0;
	7D26 : 30;
	7D27 : C8;
	7D28 : 48;
	7D29 : B8;
	7D2A : 58;
	7D2B : A8;
	7D2C : 48;
	7D2D : B8;
	7D2E : 40;
	7D2F : B8;
	7D30 : 40;
	7D31 : C8;
	7D32 : 31;
	7D33 : C9;
	7D34 : 41;
	7D35 : C8;
	7D36 : 30;
	7D37 : C8;
	7D38 : 31;
	7D39 : C9;
	7D3A : 41;
	7D3B : C8;
	7D3C : 21;
	7D3D : BA;
	7D3E : 51;
	7D3F : B9;
	7D40 : 7F;
	7D41 : 32;
	7D42 : D9;
	7D43 : 32;
	7D44 : C9;
	7D45 : 32;
	7D46 : D9;
	7D47 : 32;
	7D48 : C9;
	7D49 : 23;
	7D4A : C9;
	7D4B : 32;
	7D4C : D9;
	7D4D : 32;
	7D4E : C9;
	7D4F : 32;
	7D50 : C9;
	7D51 : 23;
	7D52 : CA;
	7D53 : 24;
	7D54 : BA;
	7D55 : 24;
	7D56 : BB;
	7D57 : 25;
	7D58 : BB;
	7D59 : 36;
	7D5A : BA;
	7D5B : 15;
	7D5C : AA;
	7D5D : 15;
	7D5E : AB;
	7D5F : 24;
	7D60 : 9C;
	7D61 : 13;
	7D62 : 9B;
	7D63 : 06;
	7D64 : 9A;
	7D65 : 03;
	7D66 : 8B;
	7D67 : 04;
	7D68 : 8B;
	7D69 : 04;
	7D6A : 8D;
	7D6B : 03;
	7D6C : 8B;
	7D6D : 85;
	7D6E : 8B;
	7D6F : 84;
	7D70 : 0B;
	7D71 : A5;
	7D72 : 0B;
	7D73 : 96;
	7D74 : 0B;
	7D75 : 94;
	7D76 : 1C;
	7D77 : 83;
	7D78 : 0B;
	7D79 : 94;
	7D7A : 1B;
	7D7B : 94;
	7D7C : 1C;
	7D7D : 93;
	7D7E : 2C;
	7D7F : 93;
	7D80 : 2C;
	7D81 : 93;
	7D82 : 2C;
	7D83 : A3;
	7D84 : 2C;
	7D85 : A3;
	7D86 : 3C;
	7D87 : B4;
	7D88 : 3B;
	7D89 : D2;
	7D8A : 4A;
	7D8B : C2;
	7D8C : 3A;
	7D8D : C2;
	7D8E : 4A;
	7D8F : C2;
	7D90 : 39;
	7D91 : D1;
	7D92 : 39;
	7D93 : B2;
	7D94 : 4A;
	7D95 : B1;
	7D96 : 49;
	7D97 : B1;
	7D98 : 49;
	7D99 : B2;
	7D9A : 39;
	7D9B : E1;
	7D9C : 39;
	7D9D : C1;
	7D9E : 48;
	7D9F : D0;
	7DA0 : 38;
	7DA1 : C0;
	7DA2 : 30;
	7DA3 : D8;
	7DA4 : 40;
	7DA5 : C8;
	7DA6 : 31;
	7DA7 : D8;
	7DA8 : 31;
	7DA9 : C8;
	7DAA : 30;
	7DAB : B8;
	7DAC : 32;
	7DAD : D9;
	7DAE : 41;
	7DAF : C8;
	7DB0 : 21;
	7DB1 : B8;
	7DB2 : 22;
	7DB3 : D8;
	7DB4 : 22;
	7DB5 : C9;
	7DB6 : 23;
	7DB7 : CA;
	7DB8 : 33;
	7DB9 : CB;
	7DBA : 35;
	7DBB : C9;
	7DBC : 24;
	7DBD : BB;
	7DBE : 35;
	7DBF : BB;
	7DC0 : 7F;
	7DC1 : 25;
	7DC2 : AB;
	7DC3 : 33;
	7DC4 : AD;
	7DC5 : 23;
	7DC6 : AB;
	7DC7 : 15;
	7DC8 : AB;
	7DC9 : 25;
	7DCA : AB;
	7DCB : 24;
	7DCC : 9C;
	7DCD : 14;
	7DCE : AA;
	7DCF : 14;
	7DD0 : AB;
	7DD1 : 15;
	7DD2 : 9B;
	7DD3 : 22;
	7DD4 : 9C;
	7DD5 : 13;
	7DD6 : 8D;
	7DD7 : 04;
	7DD8 : 9B;
	7DD9 : 14;
	7DDA : 8C;
	7DDB : 04;
	7DDC : 9A;
	7DDD : 03;
	7DDE : 8D;
	7DDF : 04;
	7DE0 : 8B;
	7DE1 : 04;
	7DE2 : 8C;
	7DE3 : 03;
	7DE4 : 0D;
	7DE5 : 03;
	7DE6 : 0C;
	7DE7 : 02;
	7DE8 : 0D;
	7DE9 : 03;
	7DEA : 0C;
	7DEB : 03;
	7DEC : 8C;
	7DED : 03;
	7DEE : 0D;
	7DEF : 03;
	7DF0 : 8C;
	7DF1 : 84;
	7DF2 : 0B;
	7DF3 : 84;
	7DF4 : 0C;
	7DF5 : 83;
	7DF6 : 1D;
	7DF7 : 83;
	7DF8 : 1C;
	7DF9 : 83;
	7DFA : 0C;
	7DFB : 83;
	7DFC : 1D;
	7DFD : 83;
	7DFE : 1D;
	7DFF : 02;
	7E00 : 1C;
	7E01 : 83;
	7E02 : 0C;
	7E03 : 83;
	7E04 : 1C;
	7E05 : 93;
	7E06 : 2D;
	7E07 : 83;
	7E08 : 1C;
	7E09 : 94;
	7E0A : 0B;
	7E0B : 93;
	7E0C : 3D;
	7E0D : 82;
	7E0E : 2D;
	7E0F : 82;
	7E10 : 1B;
	7E11 : 94;
	7E12 : 1C;
	7E13 : 92;
	7E14 : 4C;
	7E15 : 82;
	7E16 : 1C;
	7E17 : 93;
	7E18 : 2C;
	7E19 : 93;
	7E1A : 3D;
	7E1B : 92;
	7E1C : 2B;
	7E1D : B4;
	7E1E : 3C;
	7E1F : A4;
	7E20 : 2B;
	7E21 : B3;
	7E22 : 3C;
	7E23 : B4;
	7E24 : 3C;
	7E25 : A3;
	7E26 : 3B;
	7E27 : C3;
	7E28 : 4C;
	7E29 : 92;
	7E2A : 3C;
	7E2B : A2;
	7E2C : 4A;
	7E2D : C2;
	7E2E : 3B;
	7E2F : B3;
	7E30 : 4A;
	7E31 : B3;
	7E32 : 4B;
	7E33 : C3;
	7E34 : 4B;
	7E35 : C2;
	7E36 : 3A;
	7E37 : C2;
	7E38 : 4A;
	7E39 : B2;
	7E3A : 49;
	7E3B : C1;
	7E3C : 39;
	7E3D : B1;
	7E3E : 59;
	7E3F : C1;
	7E40 : 7F;
	7E41 : 39;
	7E42 : B1;
	7E43 : 49;
	7E44 : C1;
	7E45 : 39;
	7E46 : C1;
	7E47 : 38;
	7E48 : D0;
	7E49 : 30;
	7E4A : D8;
	7E4B : 40;
	7E4C : C8;
	7E4D : 31;
	7E4E : D8;
	7E4F : 31;
	7E50 : D0;
	7E51 : 20;
	7E52 : B8;
	7E53 : 40;
	7E54 : C0;
	7E55 : 21;
	7E56 : C8;
	7E57 : 30;
	7E58 : C0;
	7E59 : 21;
	7E5A : B8;
	7E5B : 32;
	7E5C : E8;
	7E5D : 21;
	7E5E : C8;
	7E5F : 22;
	7E60 : D9;
	7E61 : 23;
	7E62 : BC;
	7E63 : 34;
	7E64 : BA;
	7E65 : 24;
	7E66 : CA;
	7E67 : 25;
	7E68 : AB;
	7E69 : 34;
	7E6A : BB;
	7E6B : 34;
	7E6C : AB;
	7E6D : 24;
	7E6E : BB;
	7E6F : 25;
	7E70 : AA;
	7E71 : 14;
	7E72 : 9B;
	7E73 : 23;
	7E74 : BC;
	7E75 : 24;
	7E76 : 9C;
	7E77 : 04;
	7E78 : 9B;
	7E79 : 05;
	7E7A : 8C;
	7E7B : 04;
	7E7C : 8C;
	7E7D : 03;
	7E7E : 8C;
	7E7F : 04;
	7E80 : 8B;
	7E81 : 85;
	7E82 : 0C;
	7E83 : 02;
	7E84 : 0B;
	7E85 : 03;
	7E86 : 0C;
	7E87 : 84;
	7E88 : 0B;
	7E89 : 83;
	7E8A : 0C;
	7E8B : 84;
	7E8C : 0B;
	7E8D : 93;
	7E8E : 2D;
	7E8F : 93;
	7E90 : 2C;
	7E91 : A3;
	7E92 : 3E;
	7E93 : 93;
	7E94 : 2C;
	7E95 : 92;
	7E96 : 4C;
	7E97 : 92;
	7E98 : 4B;
	7E99 : B3;
	7E9A : 4B;
	7E9B : B3;
	7E9C : 4B;
	7E9D : B3;
	7E9E : 4A;
	7E9F : B2;
	7EA0 : 4A;
	7EA1 : B2;
	7EA2 : 4A;
	7EA3 : C2;
	7EA4 : 3A;
	7EA5 : C2;
	7EA6 : 4A;
	7EA7 : B1;
	7EA8 : 5A;
	7EA9 : A0;
	7EAA : 59;
	7EAB : B0;
	7EAC : 59;
	7EAD : B1;
	7EAE : 58;
	7EAF : C8;
	7EB0 : 48;
	7EB1 : B0;
	7EB2 : 48;
	7EB3 : B0;
	7EB4 : 48;
	7EB5 : B8;
	7EB6 : 40;
	7EB7 : C8;
	7EB8 : 48;
	7EB9 : A8;
	7EBA : 48;
	7EBB : B8;
	7EBC : 50;
	7EBD : C0;
	7EBE : 20;
	7EBF : C8;
	7EC0 : 7F;
	7EC1 : 40;
	7EC2 : B8;
	7EC3 : 31;
	7EC4 : C9;
	7EC5 : 41;
	7EC6 : C9;
	7EC7 : 41;
	7EC8 : C8;
	7EC9 : 30;
	7ECA : B9;
	7ECB : 40;
	7ECC : B9;
	7ECD : 41;
	7ECE : C8;
	7ECF : 31;
	7ED0 : C9;
	7ED1 : 40;
	7ED2 : B9;
	7ED3 : 50;
	7ED4 : B9;
	7ED5 : 41;
	7ED6 : BA;
	7ED7 : 41;
	7ED8 : AB;
	7ED9 : 51;
	7EDA : B9;
	7EDB : 32;
	7EDC : D9;
	7EDD : 32;
	7EDE : CA;
	7EDF : 33;
	7EE0 : D9;
	7EE1 : 32;
	7EE2 : C9;
	7EE3 : 24;
	7EE4 : C9;
	7EE5 : 22;
	7EE6 : BA;
	7EE7 : 34;
	7EE8 : CA;
	7EE9 : 34;
	7EEA : BB;
	7EEB : 42;
	7EEC : C9;
	7EED : 23;
	7EEE : CA;
	7EEF : 33;
	7EF0 : CA;
	7EF1 : 25;
	7EF2 : BA;
	7EF3 : 24;
	7EF4 : AB;
	7EF5 : 24;
	7EF6 : AC;
	7EF7 : 23;
	7EF8 : BB;
	7EF9 : 35;
	7EFA : BB;
	7EFB : 34;
	7EFC : BB;
	7EFD : 36;
	7EFE : BA;
	7EFF : 24;
	7F00 : AB;
	7F01 : 24;
	7F02 : AB;
	7F03 : 15;
	7F04 : AA;
	7F05 : 14;
	7F06 : AB;
	7F07 : 25;
	7F08 : AB;
	7F09 : 24;
	7F0A : AB;
	7F0B : 15;
	7F0C : 9B;
	7F0D : 14;
	7F0E : 9B;
	7F0F : 05;
	7F10 : 9B;
	7F11 : 14;
	7F12 : 9C;
	7F13 : 14;
	7F14 : 9B;
	7F15 : 05;
	7F16 : 8C;
	7F17 : 03;
	7F18 : 9A;
	7F19 : 04;
	7F1A : 9B;
	7F1B : 06;
	7F1C : 9A;
	7F1D : 04;
	7F1E : 8C;
	7F1F : 03;
	7F20 : 8B;
	7F21 : 85;
	7F22 : 8A;
	7F23 : 84;
	7F24 : 8C;
	7F25 : 03;
	7F26 : 8B;
	7F27 : 04;
	7F28 : 8B;
	7F29 : 85;
	7F2A : 8C;
	7F2B : 03;
	7F2C : 0C;
	7F2D : 03;
	7F2E : 0C;
	7F2F : 83;
	7F30 : 1D;
	7F31 : 02;
	7F32 : 0B;
	7F33 : 02;
	7F34 : 0C;
	7F35 : 83;
	7F36 : 1C;
	7F37 : 94;
	7F38 : 2D;
	7F39 : 93;
	7F3A : 1B;
	7F3B : B4;
	7F3C : 3D;
	7F3D : A4;
	7F3E : 2C;
	7F3F : 92;
	7F40 : 7F;
	7F41 : 3C;
	7F42 : 92;
	7F43 : 3C;
	7F44 : A3;
	7F45 : 3C;
	7F46 : A3;
	7F47 : 3B;
	7F48 : C2;
	7F49 : 4A;
	7F4A : A1;
	7F4B : 4A;
	7F4C : A1;
	7F4D : 4A;
	7F4E : B2;
	7F4F : 4A;
	7F50 : B1;
	7F51 : 6A;
	7F52 : A0;
	7F53 : 5A;
	7F54 : A1;
	7F55 : 48;
	7F56 : D0;
	7F57 : 48;
	7F58 : B8;
	7F59 : 48;
	7F5A : B0;
	7F5B : 48;
	7F5C : B0;
	7F5D : 48;
	7F5E : B8;
	7F5F : 58;
	7F60 : A8;
	7F61 : 48;
	7F62 : B0;
	7F63 : 30;
	7F64 : D0;
	7F65 : 38;
	7F66 : C8;
	7F67 : 40;
	7F68 : B8;
	7F69 : 40;
	7F6A : C9;
	7F6B : 32;
	7F6C : D9;
	7F6D : 41;
	7F6E : BA;
	7F6F : 42;
	7F70 : C9;
	7F71 : 32;
	7F72 : D9;
	7F73 : 23;
	7F74 : BC;
	7F75 : 41;
	7F76 : AA;
	7F77 : 32;
	7F78 : BA;
	7F79 : 42;
	7F7A : CA;
	7F7B : 33;
	7F7C : BB;
	7F7D : 24;
	7F7E : AC;
	7F7F : 32;
	7F80 : BB;
	7F81 : 35;
	7F82 : AD;
	7F83 : 14;
	7F84 : 9C;
	7F85 : 13;
	7F86 : 8D;
	7F87 : 04;
	7F88 : 8C;
	7F89 : 04;
	7F8A : 9A;
	7F8B : 12;
	7F8C : 0D;
	7F8D : 03;
	7F8E : 8C;
	7F8F : 13;
	7F90 : 9B;
	7F91 : 04;
	7F92 : 8C;
	7F93 : 12;
	7F94 : 8B;
	7F95 : 13;
	7F96 : 0E;
	7F97 : 03;
	7F98 : 0D;
	7F99 : 83;
	7F9A : 1D;
	7F9B : 82;
	7F9C : 2C;
	7F9D : 93;
	7F9E : 2D;
	7F9F : 93;
	7FA0 : 3E;
	7FA1 : 82;
	7FA2 : 2C;
	7FA3 : 93;
	7FA4 : 2D;
	7FA5 : 82;
	7FA6 : 1B;
	7FA7 : 92;
	7FA8 : 3C;
	7FA9 : 92;
	7FAA : 3C;
	7FAB : A3;
	7FAC : 3D;
	7FAD : 92;
	7FAE : 3B;
	7FAF : C3;
	7FB0 : 4C;
	7FB1 : 92;
	7FB2 : 3B;
	7FB3 : B3;
	7FB4 : 4B;
	7FB5 : B4;
	7FB6 : 3D;
	7FB7 : A3;
	7FB8 : 4B;
	7FB9 : A2;
	7FBA : 4B;
	7FBB : B2;
	7FBC : 6A;
	7FBD : B2;
	7FBE : 3A;
	7FBF : B3;
	7FC0 : 7F;
	7FC1 : 5B;
	7FC2 : B2;
	7FC3 : 4A;
	7FC4 : C2;
	7FC5 : 4A;
	7FC6 : B3;
	7FC7 : 3B;
	7FC8 : D2;
	7FC9 : 4A;
	7FCA : B2;
	7FCB : 5A;
	7FCC : B3;
	7FCD : 2A;
	7FCE : C2;
	7FCF : 3A;
	7FD0 : C1;
	7FD1 : 59;
	7FD2 : C1;
	7FD3 : 38;
	7FD4 : C1;
	7FD5 : 3A;
	7FD6 : B1;
	7FD7 : 49;
	7FD8 : C2;
	7FD9 : 39;
	7FDA : D1;
	7FDB : 38;
	7FDC : D0;
	7FDD : 48;
	7FDE : B1;
	7FDF : 29;
	7FE0 : C1;
	7FE1 : 49;
	7FE2 : C1;
	7FE3 : 30;
	7FE4 : D0;
	7FE5 : 39;
	7FE6 : B1;
	7FE7 : 48;
	7FE8 : C0;
	7FE9 : 30;
	7FEA : E1;
	7FEB : 10;
	7FEC : C1;
	7FED : 20;
	7FEE : C0;
	7FEF : 38;
	7FF0 : C0;
	7FF1 : 30;
	7FF2 : D0;
	7FF3 : 30;
	7FF4 : D0;
	7FF5 : 38;
	7FF6 : B0;
	7FF7 : 30;
	7FF8 : D0;
	7FF9 : 30;
	7FFA : D0;
	7FFB : 38;
	7FFC : C0;
	7FFD : 30;
	7FFE : C8;
	7FFF : 48;
	8000 : B8;
	8001 : 40;
	8002 : B9;
	8003 : 50;
	8004 : C8;
	8005 : 40;
	8006 : B8;
	8007 : 31;
	8008 : D8;
	8009 : 30;
	800A : C8;
	800B : 31;
	800C : BA;
	800D : 50;
	800E : B9;
	800F : 51;
	8010 : C9;
	8011 : 31;
	8012 : BA;
	8013 : 51;
	8014 : B9;
	8015 : 32;
	8016 : D9;
	8017 : 32;
	8018 : CA;
	8019 : 42;
	801A : BA;
	801B : 33;
	801C : DA;
	801D : 32;
	801E : BA;
	801F : 42;
	8020 : C9;
	8021 : 31;
	8022 : BA;
	8023 : 42;
	8024 : BB;
	8025 : 33;
	8026 : BC;
	8027 : 34;
	8028 : BB;
	8029 : 25;
	802A : AD;
	802B : 24;
	802C : AC;
	802D : 15;
	802E : 9C;
	802F : 13;
	8030 : 9B;
	8031 : 13;
	8032 : 9D;
	8033 : 14;
	8034 : 8C;
	8035 : 03;
	8036 : 8C;
	8037 : 13;
	8038 : 8C;
	8039 : 12;
	803A : 8C;
	803B : 13;
	803C : 8C;
	803D : 03;
	803E : 0D;
	803F : 03;
	8040 : 7F;
	8041 : 8C;
	8042 : 02;
	8043 : 2E;
	8044 : 82;
	8045 : 2D;
	8046 : 82;
	8047 : 1B;
	8048 : 82;
	8049 : 2D;
	804A : 83;
	804B : 1C;
	804C : 93;
	804D : 3E;
	804E : 82;
	804F : 1B;
	8050 : 82;
	8051 : 2D;
	8052 : 82;
	8053 : 2C;
	8054 : 81;
	8055 : 3B;
	8056 : A3;
	8057 : 3D;
	8058 : A3;
	8059 : 4B;
	805A : B2;
	805B : 5B;
	805C : A1;
	805D : 5A;
	805E : A1;
	805F : 4A;
	8060 : B1;
	8061 : 79;
	8062 : B1;
	8063 : 49;
	8064 : B1;
	8065 : 49;
	8066 : B1;
	8067 : 49;
	8068 : C1;
	8069 : 39;
	806A : B0;
	806B : 58;
	806C : B0;
	806D : 49;
	806E : B0;
	806F : 59;
	8070 : 90;
	8071 : 10;
	8072 : B0;
	8073 : 38;
	8074 : D8;
	8075 : 50;
	8076 : C8;
	8077 : 30;
	8078 : C8;
	8079 : 32;
	807A : D9;
	807B : 41;
	807C : C8;
	807D : 22;
	807E : C9;
	807F : 32;
	8080 : C9;
	8081 : 31;
	8082 : B9;
	8083 : 41;
	8084 : B9;
	8085 : 41;
	8086 : C9;
	8087 : 23;
	8088 : C9;
	8089 : 22;
	808A : C9;
	808B : 23;
	808C : CB;
	808D : 36;
	808E : BA;
	808F : 24;
	8090 : BB;
	8091 : 25;
	8092 : AB;
	8093 : 16;
	8094 : AA;
	8095 : 14;
	8096 : 9B;
	8097 : 15;
	8098 : 9A;
	8099 : 02;
	809A : 8B;
	809B : 13;
	809C : 9B;
	809D : 15;
	809E : AB;
	809F : 15;
	80A0 : 9B;
	80A1 : 15;
	80A2 : AA;
	80A3 : 14;
	80A4 : 9A;
	80A5 : 04;
	80A6 : 9B;
	80A7 : 05;
	80A8 : 9B;
	80A9 : 14;
	80AA : 9B;
	80AB : 04;
	80AC : 8C;
	80AD : 85;
	80AE : 9A;
	80AF : 04;
	80B0 : 8B;
	80B1 : 04;
	80B2 : 9B;
	80B3 : 85;
	80B4 : 8B;
	80B5 : 03;
	80B6 : 8B;
	80B7 : 97;
	80B8 : 8A;
	80B9 : 84;
	80BA : 8B;
	80BB : 84;
	80BC : 0B;
	80BD : 84;
	80BE : 0C;
	80BF : 93;
	80C0 : 2C;
	80C1 : 1A;
	80C2 : 01;
	80C3 : 0B;
	80C4 : 84;
	80C5 : 8B;
	80C6 : 84;
	80C7 : 8A;
	80C8 : 93;
	80C9 : 1B;
	80CA : 83;
	80CB : 0B;
	80CC : 82;
	80CD : 1C;
	80CE : 84;
	80CF : 8A;
	80D0 : 92;
	80D1 : 1A;
	80D2 : 92;
	80D3 : 1A;
	80D4 : 92;
	80D5 : 1A;
	80D6 : 92;
	80D7 : 1A;
	80D8 : 92;
	80D9 : 1A;
	80DA : 81;
	80DB : 1A;
	80DC : 81;
	80DD : 1A;
	80DE : 81;
	80DF : 09;
	80E0 : 80;
	80E1 : 19;
	80E2 : 00;
	80E3 : 08;
	80E4 : 80;
	80E5 : 80;
	80E6 : 80;
	80E7 : 80;
	80E8 : 80;
	80E9 : 80;
	80EA : 80;
	80EB : 80;
	80EC : 80;
	80ED : 00;
	80EE : 00;
	80EF : 00;
	80F0 : 7F;
	80F1 : 00;
	80F2 : 80;
	80F3 : 80;
	80F4 : 80;
	80F5 : 80;
	80F6 : 80;
	80F7 : 80;
	80F8 : 80;
	80F9 : 80;
	80FA : 80;
	80FB : 80;
	80FC : 80;
	80FD : 08;
	80FE : 08;
	80FF : 08;
	8100 : 08;
	8101 : 08;
	8102 : 80;
	8103 : 09;
	8104 : 00;
	8105 : 08;
	8106 : 00;
	8107 : 88;
	8108 : 18;
	8109 : 90;
	810A : 00;
	810B : 88;
	810C : 00;
	810D : 80;
	810E : 88;
	810F : 00;
	8110 : 09;
	8111 : 00;
	8112 : 80;
	8113 : 08;
	8114 : 80;
	8115 : 08;
	8116 : 09;
	8117 : 18;
	8118 : 80;
	8119 : 80;
	811A : A1;
	811B : 1A;
	811C : 10;
	811D : 80;
	811E : 89;
	811F : 10;
	8120 : 88;
	8121 : 00;
	8122 : 88;
	8123 : 81;
	8124 : 09;
	8125 : 18;
	8126 : 80;
	8127 : 91;
	8128 : 29;
	8129 : 09;
	812A : 80;
	812B : 82;
	812C : 9B;
	812D : 02;
	812E : 2B;
	812F : 00;
	8130 : 03;
	8131 : D0;
	8132 : 93;
	8133 : 2D;
	8134 : 20;
	8135 : 0C;
	8136 : B7;
	8137 : 1A;
	8138 : 9D;
	8139 : 42;
	813A : A0;
	813B : 83;
	813C : BB;
	813D : 20;
	813E : 08;
	813F : 20;
	8140 : C5;
	8141 : 8C;
	8142 : 94;
	8143 : 1D;
	8144 : 12;
	8145 : 99;
	8146 : 19;
	8147 : 29;
	8148 : 20;
	8149 : F8;
	814A : 00;
	814B : 02;
	814C : AA;
	814D : 48;
	814E : 01;
	814F : C0;
	8150 : 18;
	8151 : 2A;
	8152 : 29;
	8153 : A2;
	8154 : A1;
	8155 : 00;
	8156 : B0;
	8157 : 22;
	8158 : 2D;
	8159 : 03;
	815A : 8C;
	815B : 19;
	815C : 25;
	815D : F8;
	815E : 28;
	815F : 00;
	8160 : A3;
	8161 : 1B;
	8162 : A8;
	8163 : 58;
	8164 : C2;
	8165 : 18;
	8166 : 20;
	8167 : AD;
	8168 : 21;
	8169 : A8;
	816A : 91;
	816B : 08;
	816C : C0;
	816D : 7A;
	816E : 82;
	816F : 99;
	8170 : 7F;
	8171 : 96;
	8172 : 0D;
	8173 : 21;
	8174 : A2;
	8175 : AA;
	8176 : 69;
	8177 : 93;
	8178 : 1D;
	8179 : 00;
	817A : 91;
	817B : 11;
	817C : 6E;
	817D : A5;
	817E : 98;
	817F : 1C;
	8180 : 21;
	8181 : 90;
	8182 : A0;
	8183 : 40;
	8184 : 9B;
	8185 : 32;
	8186 : B1;
	8187 : D0;
	8188 : 49;
	8189 : E3;
	818A : 1C;
	818B : 11;
	818C : 18;
	818D : A8;
	818E : 08;
	818F : 08;
	8190 : 10;
	8191 : 91;
	8192 : C2;
	8193 : 59;
	8194 : 9A;
	8195 : 15;
	8196 : 0D;
	8197 : 02;
	8198 : 02;
	8199 : AF;
	819A : 85;
	819B : B1;
	819C : 0B;
	819D : 58;
	819E : 8C;
	819F : 10;
	81A0 : 04;
	81A1 : 9A;
	81A2 : 13;
	81A3 : BB;
	81A4 : 83;
	81A5 : 0D;
	81A6 : 05;
	81A7 : 88;
	81A8 : 3F;
	81A9 : 00;
	81AA : A1;
	81AB : 29;
	81AC : 25;
	81AD : AA;
	81AE : 1B;
	81AF : C4;
	81B0 : 19;
	81B1 : 04;
	81B2 : 9B;
	81B3 : 12;
	81B4 : C4;
	81B5 : 1E;
	81B6 : 09;
	81B7 : 11;
	81B8 : C2;
	81B9 : 08;
	81BA : 09;
	81BB : 15;
	81BC : 0B;
	81BD : 81;
	81BE : 90;
	81BF : 99;
	81C0 : 08;
	81C1 : 6B;
	81C2 : A4;
	81C3 : 01;
	81C4 : 9A;
	81C5 : 29;
	81C6 : 52;
	81C7 : F1;
	81C8 : 2C;
	81C9 : 92;
	81CA : 1A;
	81CB : B4;
	81CC : 90;
	81CD : 18;
	81CE : 08;
	81CF : 02;
	81D0 : 1B;
	81D1 : F1;
	81D2 : 49;
	81D3 : B3;
	81D4 : 0B;
	81D5 : 09;
	81D6 : 04;
	81D7 : 1E;
	81D8 : 92;
	81D9 : 18;
	81DA : B7;
	81DB : 4D;
	81DC : 80;
	81DD : 92;
	81DE : 80;
	81DF : 91;
	81E0 : 00;
	81E1 : 0D;
	81E2 : 39;
	81E3 : 29;
	81E4 : A0;
	81E5 : 10;
	81E6 : 16;
	81E7 : B8;
	81E8 : 2E;
	81E9 : 22;
	81EA : F0;
	81EB : 09;
	81EC : 12;
	81ED : C8;
	81EE : 6B;
	81EF : 03;
	81F0 : 7F;
	81F1 : C0;
	81F2 : 2B;
	81F3 : 22;
	81F4 : A8;
	81F5 : 02;
	81F6 : 8C;
	81F7 : 83;
	81F8 : 2F;
	81F9 : 2A;
	81FA : 87;
	81FB : AC;
	81FC : 22;
	81FD : B2;
	81FE : 18;
	81FF : 09;
	8200 : 19;
	8201 : 81;
	8202 : B2;
	8203 : 3A;
	8204 : B9;
	8205 : 40;
	8206 : 84;
	8207 : F9;
	8208 : 13;
	8209 : 0F;
	820A : 10;
	820B : A5;
	820C : A8;
	820D : 3A;
	820E : 88;
	820F : 01;
	8210 : 8B;
	8211 : 13;
	8212 : 21;
	8213 : F1;
	8214 : 4B;
	8215 : B2;
	8216 : 30;
	8217 : 2F;
	8218 : A3;
	8219 : 19;
	821A : 93;
	821B : 60;
	821C : F9;
	821D : 5A;
	821E : B4;
	821F : 1A;
	8220 : 82;
	8221 : 98;
	8222 : 38;
	8223 : C8;
	8224 : 00;
	8225 : 99;
	8226 : 4A;
	8227 : 90;
	8228 : 50;
	8229 : B2;
	822A : 09;
	822B : 24;
	822C : DA;
	822D : 1B;
	822E : A2;
	822F : 29;
	8230 : 30;
	8231 : 03;
	8232 : B3;
	8233 : AF;
	8234 : 94;
	8235 : 1F;
	8236 : 12;
	8237 : A8;
	8238 : 60;
	8239 : 80;
	823A : 89;
	823B : 01;
	823C : 8C;
	823D : 85;
	823E : 09;
	823F : 98;
	8240 : 93;
	8241 : 69;
	8242 : B3;
	8243 : DA;
	8244 : 78;
	8245 : 80;
	8246 : B4;
	8247 : A9;
	8248 : 79;
	8249 : 80;
	824A : 81;
	824B : 90;
	824C : 89;
	824D : A9;
	824E : 40;
	824F : 89;
	8250 : 94;
	8251 : 98;
	8252 : AB;
	8253 : 70;
	8254 : A0;
	8255 : 85;
	8256 : 1C;
	8257 : 82;
	8258 : 2B;
	8259 : 80;
	825A : 81;
	825B : A5;
	825C : AA;
	825D : 06;
	825E : 0B;
	825F : 49;
	8260 : 82;
	8261 : C8;
	8262 : 0A;
	8263 : 86;
	8264 : 80;
	8265 : 88;
	8266 : 3F;
	8267 : 00;
	8268 : A2;
	8269 : 3A;
	826A : CA;
	826B : 25;
	826C : 90;
	826D : 99;
	826E : 18;
	826F : 81;
	8270 : 7F;
	8271 : 18;
	8272 : 29;
	8273 : 4D;
	8274 : B2;
	8275 : 13;
	8276 : C9;
	8277 : 13;
	8278 : 38;
	8279 : BF;
	827A : 41;
	827B : 83;
	827C : AA;
	827D : 8B;
	827E : 96;
	827F : C9;
	8280 : 33;
	8281 : A2;
	8282 : 00;
	8283 : 7E;
	8284 : B4;
	8285 : 08;
	8286 : 00;
	8287 : 9B;
	8288 : 28;
	8289 : A1;
	828A : 43;
	828B : 2D;
	828C : B3;
	828D : BB;
	828E : 14;
	828F : 0A;
	8290 : 1F;
	8291 : 29;
	8292 : B7;
	8293 : 0A;
	8294 : 49;
	8295 : 8B;
	8296 : 24;
	8297 : AB;
	8298 : 31;
	8299 : B4;
	829A : B1;
	829B : 0A;
	829C : 49;
	829D : 2A;
	829E : 0A;
	829F : 81;
	82A0 : C2;
	82A1 : B2;
	82A2 : 82;
	82A3 : 3F;
	82A4 : 17;
	82A5 : CB;
	82A6 : 23;
	82A7 : B3;
	82A8 : 2B;
	82A9 : 09;
	82AA : A8;
	82AB : 5A;
	82AC : 05;
	82AD : B9;
	82AE : 49;
	82AF : A2;
	82B0 : 09;
	82B1 : 01;
	82B2 : 52;
	82B3 : B0;
	82B4 : 5B;
	82B5 : 92;
	82B6 : 12;
	82B7 : B9;
	82B8 : 5B;
	82B9 : 0E;
	82BA : 03;
	82BB : 88;
	82BC : 40;
	82BD : D3;
	82BE : A9;
	82BF : A0;
	82C0 : 49;
	82C1 : 19;
	82C2 : 20;
	82C3 : A7;
	82C4 : 9C;
	82C5 : 98;
	82C6 : 14;
	82C7 : 01;
	82C8 : AA;
	82C9 : 12;
	82CA : FA;
	82CB : 7A;
	82CC : 83;
	82CD : E1;
	82CE : 2B;
	82CF : 93;
	82D0 : 93;
	82D1 : 0A;
	82D2 : 2E;
	82D3 : 23;
	82D4 : C8;
	82D5 : B4;
	82D6 : 2A;
	82D7 : B4;
	82D8 : 09;
	82D9 : 28;
	82DA : 9A;
	82DB : 2A;
	82DC : 92;
	82DD : 08;
	82DE : 81;
	82DF : B9;
	82E0 : 46;
	82E1 : 0F;
	82E2 : 82;
	82E3 : 10;
	82E4 : 8B;
	82E5 : 04;
	82E6 : 99;
	82E7 : 92;
	82E8 : 0A;
	82E9 : 2A;
	82EA : 1C;
	82EB : 07;
	82EC : 0C;
	82ED : A6;
	82EE : 0A;
	82EF : 08;
	82F0 : 7F;
	82F1 : 98;
	82F2 : 24;
	82F3 : 9B;
	82F4 : 1A;
	82F5 : C5;
	82F6 : 09;
	82F7 : 2B;
	82F8 : 78;
	82F9 : A2;
	82FA : A2;
	82FB : 0A;
	82FC : 3A;
	82FD : 93;
	82FE : 01;
	82FF : 0F;
	8300 : C0;
	8301 : 40;
	8302 : 92;
	8303 : 0B;
	8304 : 97;
	8305 : 8A;
	8306 : 89;
	8307 : 28;
	8308 : 85;
	8309 : 0E;
	830A : 11;
	830B : A2;
	830C : 08;
	830D : A8;
	830E : 39;
	830F : 1A;
	8310 : D0;
	8311 : 28;
	8312 : 0B;
	8313 : D7;
	8314 : 0A;
	8315 : 1A;
	8316 : 29;
	8317 : 81;
	8318 : 99;
	8319 : 48;
	831A : B1;
	831B : 2E;
	831C : 01;
	831D : A3;
	831E : 18;
	831F : 89;
	8320 : 62;
	8321 : C0;
	8322 : 95;
	8323 : 8C;
	8324 : 28;
	8325 : 90;
	8326 : 1B;
	8327 : 32;
	8328 : 90;
	8329 : 94;
	832A : 00;
	832B : DC;
	832C : 16;
	832D : 88;
	832E : 0C;
	832F : 58;
	8330 : A2;
	8331 : 89;
	8332 : 08;
	8333 : A0;
	8334 : 11;
	8335 : 81;
	8336 : AC;
	8337 : 29;
	8338 : 34;
	8339 : F1;
	833A : 09;
	833B : 09;
	833C : 00;
	833D : 3A;
	833E : B0;
	833F : 79;
	8340 : 01;
	8341 : E1;
	8342 : 98;
	8343 : 3B;
	8344 : 23;
	8345 : A8;
	8346 : 6A;
	8347 : F1;
	8348 : 3C;
	8349 : 81;
	834A : 80;
	834B : 10;
	834C : 91;
	834D : C0;
	834E : 38;
	834F : 92;
	8350 : 1B;
	8351 : A3;
	8352 : 1B;
	8353 : 71;
	8354 : B3;
	8355 : 1D;
	8356 : 78;
	8357 : C1;
	8358 : 08;
	8359 : 88;
	835A : 12;
	835B : 9F;
	835C : 92;
	835D : 33;
	835E : BA;
	835F : 94;
	8360 : 5C;
	8361 : 81;
	8362 : 3A;
	8363 : F1;
	8364 : 09;
	8365 : 1B;
	8366 : 82;
	8367 : B5;
	8368 : 0A;
	8369 : A8;
	836A : 78;
	836B : A3;
	836C : 99;
	836D : 7A;
	836E : 93;
	836F : 0C;
	8370 : 7F;
	8371 : 02;
	8372 : A1;
	8373 : 0C;
	8374 : 12;
	8375 : D2;
	8376 : 2C;
	8377 : 29;
	8378 : 18;
	8379 : 2A;
	837A : 82;
	837B : B9;
	837C : 15;
	837D : 99;
	837E : 39;
	837F : A5;
	8380 : 9D;
	8381 : 21;
	8382 : A1;
	8383 : 0A;
	8384 : A6;
	8385 : A8;
	8386 : 3D;
	8387 : 11;
	8388 : 8A;
	8389 : A4;
	838A : 99;
	838B : 38;
	838C : 83;
	838D : 2B;
	838E : 23;
	838F : 29;
	8390 : BF;
	8391 : 81;
	8392 : 8A;
	8393 : 32;
	8394 : 38;
	8395 : F0;
	8396 : 92;
	8397 : 69;
	8398 : D0;
	8399 : 19;
	839A : A3;
	839B : 8E;
	839C : 48;
	839D : 84;
	839E : 8B;
	839F : 81;
	83A0 : C4;
	83A1 : 3B;
	83A2 : 0A;
	83A3 : 91;
	83A4 : 80;
	83A5 : 91;
	83A6 : DB;
	83A7 : 70;
	83A8 : 90;
	83A9 : 00;
	83AA : 91;
	83AB : 99;
	83AC : 73;
	83AD : AC;
	83AE : 10;
	83AF : 3B;
	83B0 : 30;
	83B1 : C3;
	83B2 : E1;
	83B3 : 2E;
	83B4 : 82;
	83B5 : 90;
	83B6 : 09;
	83B7 : 0B;
	83B8 : 23;
	83B9 : 09;
	83BA : A2;
	83BB : 1B;
	83BC : 19;
	83BD : 81;
	83BE : 91;
	83BF : 79;
	83C0 : E6;
	83C1 : 98;
	83C2 : 1D;
	83C3 : 4A;
	83C4 : 83;
	83C5 : 99;
	83C6 : 00;
	83C7 : 90;
	83C8 : 14;
	83C9 : DA;
	83CA : 41;
	83CB : B0;
	83CC : 7A;
	83CD : 98;
	83CE : 23;
	83CF : C8;
	83D0 : 02;
	83D1 : 8F;
	83D2 : 13;
	83D3 : AA;
	83D4 : 00;
	83D5 : 30;
	83D6 : B9;
	83D7 : 14;
	83D8 : BA;
	83D9 : 23;
	83DA : 2F;
	83DB : 94;
	83DC : 91;
	83DD : 0A;
	83DE : 2A;
	83DF : 13;
	83E0 : A9;
	83E1 : 08;
	83E2 : A0;
	83E3 : 01;
	83E4 : 81;
	83E5 : AA;
	83E6 : 53;
	83E7 : EB;
	83E8 : 20;
	83E9 : 89;
	83EA : 87;
	83EB : 0C;
	83EC : 82;
	83ED : 88;
	83EE : AB;
	83EF : 17;
	83F0 : 7F;
	83F1 : 8B;
	83F2 : 42;
	83F3 : D0;
	83F4 : 4B;
	83F5 : A3;
	83F6 : 92;
	83F7 : A1;
	83F8 : 19;
	83F9 : 2F;
	83FA : 30;
	83FB : C5;
	83FC : 99;
	83FD : 7B;
	83FE : A3;
	83FF : 3B;
	8400 : 88;
	8401 : 12;
	8402 : F3;
	8403 : 08;
	8404 : 88;
	8405 : 00;
	8406 : 7C;
	8407 : 91;
	8408 : 88;
	8409 : 90;
	840A : 2B;
	840B : 95;
	840C : 8A;
	840D : 22;
	840E : A1;
	840F : 0C;
	8410 : 84;
	8411 : A8;
	8412 : 31;
	8413 : B9;
	8414 : 39;
	8415 : CB;
	8416 : 72;
	8417 : A8;
	8418 : CB;
	8419 : 75;
	841A : C9;
	841B : 49;
	841C : A4;
	841D : 98;
	841E : 81;
	841F : 1D;
	8420 : 20;
	8421 : B5;
	8422 : A8;
	8423 : 29;
	8424 : 80;
	8425 : 29;
	8426 : D2;
	8427 : 81;
	8428 : 99;
	8429 : 49;
	842A : A5;
	842B : 99;
	842C : 39;
	842D : B1;
	842E : 2A;
	842F : 3D;
	8430 : D5;
	8431 : 8A;
	8432 : 09;
	8433 : 45;
	8434 : 9A;
	8435 : 21;
	8436 : AA;
	8437 : 11;
	8438 : A0;
	8439 : 2A;
	843A : A1;
	843B : 4A;
	843C : B6;
	843D : 9A;
	843E : 19;
	843F : 90;
	8440 : 4C;
	8441 : 27;
	8442 : B8;
	8443 : 40;
	8444 : 9B;
	8445 : 95;
	8446 : 8A;
	8447 : 08;
	8448 : 29;
	8449 : 00;
	844A : 83;
	844B : 9A;
	844C : 48;
	844D : A0;
	844E : C0;
	844F : 20;
	8450 : 0B;
	8451 : 48;
	8452 : D2;
	8453 : 08;
	8454 : 1B;
	8455 : A3;
	8456 : 25;
	8457 : E9;
	8458 : 3A;
	8459 : 83;
	845A : 9F;
	845B : 51;
	845C : C1;
	845D : 0A;
	845E : 22;
	845F : E8;
	8460 : 10;
	8461 : 92;
	8462 : 0A;
	8463 : 3A;
	8464 : 93;
	8465 : B4;
	8466 : A9;
	8467 : 3B;
	8468 : A0;
	8469 : 04;
	846A : 5D;
	846B : 10;
	846C : 00;
	846D : B0;
	846E : 4B;
	846F : 94;
	8470 : 7F;
	8471 : B3;
	8472 : 9E;
	8473 : 32;
	8474 : A9;
	8475 : 0B;
	8476 : 75;
	8477 : E1;
	8478 : 8A;
	8479 : 5A;
	847A : 83;
	847B : E2;
	847C : 2C;
	847D : 29;
	847E : 92;
	847F : 93;
	8480 : 0B;
	8481 : 08;
	8482 : 32;
	8483 : D8;
	8484 : 28;
	8485 : 19;
	8486 : A8;
	8487 : 89;
	8488 : A4;
	8489 : 29;
	848A : A4;
	848B : 3F;
	848C : 13;
	848D : D0;
	848E : 19;
	848F : 18;
	8490 : 00;
	8491 : 90;
	8492 : 8A;
	8493 : 42;
	8494 : C0;
	8495 : A2;
	8496 : 1D;
	8497 : 22;
	8498 : E0;
	8499 : 28;
	849A : 1C;
	849B : 96;
	849C : 08;
	849D : B8;
	849E : 70;
	849F : B8;
	84A0 : B4;
	84A1 : 3C;
	84A2 : 1A;
	84A3 : 84;
	84A4 : 91;
	84A5 : A9;
	84A6 : 5A;
	84A7 : 82;
	84A8 : B2;
	84A9 : 88;
	84AA : 81;
	84AB : 5E;
	84AC : 84;
	84AD : 8A;
	84AE : 00;
	84AF : 80;
	84B0 : 09;
	84B1 : 10;
	84B2 : E2;
	84B3 : 1B;
	84B4 : 12;
	84B5 : A9;
	84B6 : 69;
	84B7 : 08;
	84B8 : 91;
	84B9 : 29;
	84BA : C8;
	84BB : 18;
	84BC : 34;
	84BD : F0;
	84BE : 91;
	84BF : 5B;
	84C0 : A4;
	84C1 : 90;
	84C2 : 83;
	84C3 : B0;
	84C4 : 0A;
	84C5 : 81;
	84C6 : 59;
	84C7 : 89;
	84C8 : 82;
	84C9 : 8D;
	84CA : 13;
	84CB : A2;
	84CC : 9A;
	84CD : 4A;
	84CE : 10;
	84CF : F0;
	84D0 : 5A;
	84D1 : 00;
	84D2 : 83;
	84D3 : D8;
	84D4 : 29;
	84D5 : AA;
	84D6 : 02;
	84D7 : 41;
	84D8 : 19;
	84D9 : 89;
	84DA : 0A;
	84DB : 28;
	84DC : E5;
	84DD : C8;
	84DE : 20;
	84DF : A2;
	84E0 : 6D;
	84E1 : 02;
	84E2 : 90;
	84E3 : 0B;
	84E4 : 84;
	84E5 : 08;
	84E6 : 91;
	84E7 : 1C;
	84E8 : 90;
	84E9 : 13;
	84EA : 2B;
	84EB : E5;
	84EC : 80;
	84ED : 9C;
	84EE : 38;
	84EF : 92;
	84F0 : 7F;
	84F1 : D0;
	84F2 : 30;
	84F3 : 29;
	84F4 : 88;
	84F5 : D2;
	84F6 : 20;
	84F7 : 2F;
	84F8 : 83;
	84F9 : 8D;
	84FA : 02;
	84FB : 82;
	84FC : 98;
	84FD : 20;
	84FE : D8;
	84FF : 58;
	8500 : C1;
	8501 : 5B;
	8502 : B4;
	8503 : C0;
	8504 : 4A;
	8505 : 18;
	8506 : A2;
	8507 : D2;
	8508 : 6A;
	8509 : 83;
	850A : E1;
	850B : 1A;
	850C : 81;
	850D : 01;
	850E : 9A;
	850F : 21;
	8510 : 99;
	8511 : 88;
	8512 : 1A;
	8513 : 38;
	8514 : 88;
	8515 : 83;
	8516 : C8;
	8517 : 5D;
	8518 : 25;
	8519 : D0;
	851A : 3A;
	851B : A2;
	851C : 8A;
	851D : B6;
	851E : 19;
	851F : 89;
	8520 : A3;
	8521 : 32;
	8522 : 8D;
	8523 : 42;
	8524 : CA;
	8525 : 30;
	8526 : 98;
	8527 : 1A;
	8528 : 87;
	8529 : BB;
	852A : 32;
	852B : 04;
	852C : CD;
	852D : 79;
	852E : A2;
	852F : 09;
	8530 : 00;
	8531 : 99;
	8532 : 48;
	8533 : 91;
	8534 : 0D;
	8535 : 03;
	8536 : 00;
	8537 : 9A;
	8538 : 1D;
	8539 : 26;
	853A : B9;
	853B : 10;
	853C : 00;
	853D : 99;
	853E : 95;
	853F : 1D;
	8540 : 10;
	8541 : 00;
	8542 : B4;
	8543 : 9F;
	8544 : 40;
	8545 : A1;
	8546 : 19;
	8547 : A1;
	8548 : 08;
	8549 : B2;
	854A : 02;
	854B : 10;
	854C : 3F;
	854D : 96;
	854E : 9A;
	854F : 2A;
	8550 : 98;
	8551 : 33;
	8552 : E1;
	8553 : 1B;
	8554 : 01;
	8555 : 09;
	8556 : A2;
	8557 : 6A;
	8558 : 00;
	8559 : 08;
	855A : 94;
	855B : 9A;
	855C : 2A;
	855D : 11;
	855E : 02;
	855F : 49;
	8560 : 8F;
	8561 : C5;
	8562 : 98;
	8563 : 99;
	8564 : 84;
	8565 : 82;
	8566 : 8B;
	8567 : 30;
	8568 : 93;
	8569 : E9;
	856A : 2A;
	856B : 32;
	856C : AA;
	856D : D1;
	856E : 50;
	856F : A0;
	8570 : 7F;
	8571 : 99;
	8572 : 01;
	8573 : 3D;
	8574 : A2;
	8575 : 7A;
	8576 : 14;
	8577 : D0;
	8578 : 39;
	8579 : 90;
	857A : A3;
	857B : 1D;
	857C : 12;
	857D : A2;
	857E : 99;
	857F : 08;
	8580 : 02;
	8581 : 08;
	8582 : DC;
	8583 : 21;
	8584 : 4A;
	8585 : B4;
	8586 : A9;
	8587 : 6A;
	8588 : 94;
	8589 : B2;
	858A : 1F;
	858B : 81;
	858C : 90;
	858D : 08;
	858E : 10;
	858F : 89;
	8590 : 2A;
	8591 : 86;
	8592 : 90;
	8593 : 3A;
	8594 : A1;
	8595 : 28;
	8596 : E3;
	8597 : 11;
	8598 : 1F;
	8599 : 11;
	859A : 88;
	859B : 91;
	859C : 8A;
	859D : 03;
	859E : D9;
	859F : 68;
	85A0 : 88;
	85A1 : 83;
	85A2 : B3;
	85A3 : 1F;
	85A4 : DA;
	85A5 : 72;
	85A6 : 98;
	85A7 : 90;
	85A8 : 98;
	85A9 : 39;
	85AA : 2B;
	85AB : B7;
	85AC : 99;
	85AD : 20;
	85AE : 09;
	85AF : 89;
	85B0 : 1B;
	85B1 : 10;
	85B2 : D4;
	85B3 : 39;
	85B4 : B8;
	85B5 : 93;
	85B6 : E8;
	85B7 : 48;
	85B8 : B2;
	85B9 : 7B;
	85BA : A6;
	85BB : 8C;
	85BC : 48;
	85BD : 91;
	85BE : A8;
	85BF : 38;
	85C0 : 98;
	85C1 : 28;
	85C2 : 9A;
	85C3 : 13;
	85C4 : 8B;
	85C5 : 20;
	85C6 : 86;
	85C7 : D3;
	85C8 : 2E;
	85C9 : 18;
	85CA : 82;
	85CB : C0;
	85CC : 19;
	85CD : 39;
	85CE : C5;
	85CF : AB;
	85D0 : 51;
	85D1 : B1;
	85D2 : 3E;
	85D3 : 28;
	85D4 : B0;
	85D5 : 16;
	85D6 : B9;
	85D7 : 01;
	85D8 : 3B;
	85D9 : 92;
	85DA : 88;
	85DB : 5B;
	85DC : 04;
	85DD : C9;
	85DE : 1A;
	85DF : 22;
	85E0 : 91;
	85E1 : B2;
	85E2 : 4C;
	85E3 : 18;
	85E4 : B6;
	85E5 : 0B;
	85E6 : 09;
	85E7 : 51;
	85E8 : B2;
	85E9 : D4;
	85EA : 0D;
	85EB : 3A;
	85EC : 08;
	85ED : 81;
	85EE : 08;
	85EF : D4;
	85F0 : 7F;
	85F1 : 8A;
	85F2 : 28;
	85F3 : 22;
	85F4 : D9;
	85F5 : 00;
	85F6 : 2D;
	85F7 : 83;
	85F8 : 98;
	85F9 : 3A;
	85FA : 10;
	85FB : 91;
	85FC : 0A;
	85FD : A7;
	85FE : 99;
	85FF : 2B;
	8600 : 43;
	8601 : D9;
	8602 : 01;
	8603 : A0;
	8604 : 29;
	8605 : 21;
	8606 : B0;
	8607 : D9;
	8608 : 8A;
	8609 : 53;
	860A : 8F;
	860B : 95;
	860C : B0;
	860D : 21;
	860E : 98;
	860F : 2C;
	8610 : 2A;
	8611 : 28;
	8612 : 30;
	8613 : E5;
	8614 : A8;
	8615 : 29;
	8616 : 38;
	8617 : E9;
	8618 : 40;
	8619 : E8;
	861A : 7A;
	861B : B4;
	861C : 8A;
	861D : 28;
	861E : 81;
	861F : A1;
	8620 : 01;
	8621 : 88;
	8622 : 99;
	8623 : 22;
	8624 : AC;
	8625 : 03;
	8626 : 5C;
	8627 : 10;
	8628 : B1;
	8629 : 8B;
	862A : B7;
	862B : 80;
	862C : 8A;
	862D : 51;
	862E : A0;
	862F : 2A;
	8630 : 39;
	8631 : AA;
	8632 : A1;
	8633 : 84;
	8634 : A8;
	8635 : 9A;
	8636 : 71;
	8637 : D8;
	8638 : 02;
	8639 : 9E;
	863A : 15;
	863B : E8;
	863C : 38;
	863D : 08;
	863E : A2;
	863F : 11;
	8640 : 0C;
	8641 : 82;
	8642 : 98;
	8643 : 2B;
	8644 : 01;
	8645 : 90;
	8646 : 87;
	8647 : 8E;
	8648 : 84;
	8649 : 3C;
	864A : 91;
	864B : 00;
	864C : A1;
	864D : 08;
	864E : 00;
	864F : 2C;
	8650 : 95;
	8651 : 88;
	8652 : 09;
	8653 : 05;
	8654 : 8B;
	8655 : 08;
	8656 : 98;
	8657 : 79;
	8658 : A4;
	8659 : B8;
	865A : 00;
	865B : 1A;
	865C : 03;
	865D : 1F;
	865E : A6;
	865F : 88;
	8660 : 2B;
	8661 : 81;
	8662 : B4;
	8663 : 8C;
	8664 : 31;
	8665 : C9;
	8666 : 24;
	8667 : AC;
	8668 : 05;
	8669 : AB;
	866A : 21;
	866B : 10;
	866C : D9;
	866D : 52;
	866E : 80;
	866F : AD;
	8670 : 7F;
	8671 : 22;
	8672 : BB;
	8673 : 52;
	8674 : A8;
	8675 : A0;
	8676 : 28;
	8677 : B2;
	8678 : 79;
	8679 : B5;
	867A : 91;
	867B : 1D;
	867C : 11;
	867D : 92;
	867E : D1;
	867F : 1A;
	8680 : 38;
	8681 : 1C;
	8682 : 82;
	8683 : B9;
	8684 : 21;
	8685 : 96;
	8686 : BA;
	8687 : 72;
	8688 : F0;
	8689 : 3A;
	868A : 1A;
	868B : 85;
	868C : AA;
	868D : 13;
	868E : 0B;
	868F : 08;
	8690 : 00;
	8691 : B2;
	8692 : 09;
	8693 : AB;
	8694 : 55;
	8695 : CB;
	8696 : 50;
	8697 : A1;
	8698 : 00;
	8699 : 08;
	869A : 80;
	869B : 02;
	869C : AB;
	869D : 23;
	869E : DC;
	869F : 40;
	86A0 : 94;
	86A1 : BB;
	86A2 : 60;
	86A3 : B0;
	86A4 : 2F;
	86A5 : 05;
	86A6 : A8;
	86A7 : 0B;
	86A8 : 17;
	86A9 : 99;
	86AA : 5A;
	86AB : 91;
	86AC : 9A;
	86AD : 79;
	86AE : 80;
	86AF : D1;
	86B0 : 2A;
	86B1 : 10;
	86B2 : 91;
	86B3 : 29;
	86B4 : 89;
	86B5 : C1;
	86B6 : 39;
	86B7 : B4;
	86B8 : 0A;
	86B9 : 1A;
	86BA : 44;
	86BB : 8B;
	86BC : A4;
	86BD : 3A;
	86BE : FB;
	86BF : 40;
	86C0 : A0;
	86C1 : 20;
	86C2 : 90;
	86C3 : 92;
	86C4 : 19;
	86C5 : 90;
	86C6 : 80;
	86C7 : 19;
	86C8 : 18;
	86C9 : 4C;
	86CA : 23;
	86CB : F0;
	86CC : 1A;
	86CD : 20;
	86CE : B4;
	86CF : 3C;
	86D0 : 00;
	86D1 : E0;
	86D2 : 1B;
	86D3 : 50;
	86D4 : C2;
	86D5 : 80;
	86D6 : 5B;
	86D7 : B3;
	86D8 : 09;
	86D9 : 29;
	86DA : 0B;
	86DB : 87;
	86DC : A9;
	86DD : 16;
	86DE : AA;
	86DF : 39;
	86E0 : 81;
	86E1 : 62;
	86E2 : FA;
	86E3 : 40;
	86E4 : 9A;
	86E5 : 21;
	86E6 : A9;
	86E7 : 82;
	86E8 : 00;
	86E9 : 2C;
	86EA : A0;
	86EB : 03;
	86EC : C1;
	86ED : A2;
	86EE : 5D;
	86EF : 20;
	86F0 : 7F;
	86F1 : 98;
	86F2 : 29;
	86F3 : 80;
	86F4 : B7;
	86F5 : 88;
	86F6 : 48;
	86F7 : E9;
	86F8 : 48;
	86F9 : 89;
	86FA : 85;
	86FB : 9A;
	86FC : 41;
	86FD : 9B;
	86FE : 24;
	86FF : D0;
	8700 : 08;
	8701 : 08;
	8702 : A0;
	8703 : 12;
	8704 : 0C;
	8705 : 99;
	8706 : 2C;
	8707 : 95;
	8708 : B1;
	8709 : 6C;
	870A : 13;
	870B : 8A;
	870C : 10;
	870D : 1D;
	870E : 81;
	870F : 80;
	8710 : 09;
	8711 : 39;
	8712 : A7;
	8713 : AA;
	8714 : 38;
	8715 : B3;
	8716 : 08;
	8717 : 2B;
	8718 : 31;
	8719 : FA;
	871A : 51;
	871B : B9;
	871C : 32;
	871D : A9;
	871E : 82;
	871F : 1A;
	8720 : 99;
	8721 : 20;
	8722 : 1A;
	8723 : C4;
	8724 : A3;
	8725 : 0B;
	8726 : A6;
	8727 : 7A;
	8728 : 98;
	8729 : A5;
	872A : B1;
	872B : 0C;
	872C : 50;
	872D : A8;
	872E : 10;
	872F : 08;
	8730 : 09;
	8731 : 88;
	8732 : 91;
	8733 : 1C;
	8734 : 31;
	8735 : 94;
	8736 : 99;
	8737 : 98;
	8738 : 20;
	8739 : 95;
	873A : 1D;
	873B : 22;
	873C : EA;
	873D : 39;
	873E : A3;
	873F : AA;
	8740 : 62;
	8741 : 0C;
	8742 : 8A;
	8743 : 07;
	8744 : 90;
	8745 : 0A;
	8746 : 19;
	8747 : 01;
	8748 : 10;
	8749 : E0;
	874A : 2D;
	874B : 39;
	874C : B5;
	874D : 89;
	874E : 02;
	874F : 8C;
	8750 : 38;
	8751 : 28;
	8752 : C2;
	8753 : 18;
	8754 : AA;
	8755 : 94;
	8756 : B4;
	8757 : 1F;
	8758 : 31;
	8759 : AB;
	875A : 83;
	875B : 9B;
	875C : 33;
	875D : FA;
	875E : 43;
	875F : 9B;
	8760 : 26;
	8761 : AA;
	8762 : 40;
	8763 : 8C;
	8764 : 28;
	8765 : 13;
	8766 : E8;
	8767 : 28;
	8768 : 92;
	8769 : 0A;
	876A : BA;
	876B : 25;
	876C : 98;
	876D : 2B;
	876E : 93;
	876F : A9;
	8770 : 7F;
	8771 : 63;
	8772 : CA;
	8773 : 89;
	8774 : 6A;
	8775 : 11;
	8776 : D2;
	8777 : 1A;
	8778 : 08;
	8779 : 19;
	877A : 95;
	877B : B1;
	877C : 1A;
	877D : 6A;
	877E : A1;
	877F : 89;
	8780 : 51;
	8781 : E8;
	8782 : 11;
	8783 : 1B;
	8784 : 91;
	8785 : 80;
	8786 : 3A;
	8787 : C4;
	8788 : 8A;
	8789 : 50;
	878A : B1;
	878B : 4A;
	878C : C3;
	878D : 08;
	878E : 0B;
	878F : 05;
	8790 : C0;
	8791 : 49;
	8792 : 1B;
	8793 : 83;
	8794 : A2;
	8795 : 1C;
	8796 : B6;
	8797 : 49;
	8798 : B0;
	8799 : 29;
	879A : A1;
	879B : 6A;
	879C : D9;
	879D : 72;
	879E : C8;
	879F : 11;
	87A0 : B9;
	87A1 : 48;
	87A2 : A0;
	87A3 : 08;
	87A4 : A1;
	87A5 : 4B;
	87A6 : B5;
	87A7 : 1A;
	87A8 : 01;
	87A9 : 08;
	87AA : C4;
	87AB : A8;
	87AC : 3A;
	87AD : 19;
	87AE : 02;
	87AF : A0;
	87B0 : 08;
	87B1 : 2C;
	87B2 : C5;
	87B3 : 09;
	87B4 : 0D;
	87B5 : 10;
	87B6 : 06;
	87B7 : BA;
	87B8 : 79;
	87B9 : A2;
	87BA : 10;
	87BB : 0B;
	87BC : 92;
	87BD : 83;
	87BE : 9B;
	87BF : 4E;
	87C0 : 41;
	87C1 : D0;
	87C2 : 3B;
	87C3 : A1;
	87C4 : 11;
	87C5 : 19;
	87C6 : A8;
	87C7 : 21;
	87C8 : D2;
	87C9 : 82;
	87CA : 98;
	87CB : 89;
	87CC : 5A;
	87CD : 02;
	87CE : 8E;
	87CF : 38;
	87D0 : B1;
	87D1 : 01;
	87D2 : B1;
	87D3 : 36;
	87D4 : AF;
	87D5 : 84;
	87D6 : 88;
	87D7 : 0A;
	87D8 : 01;
	87D9 : 11;
	87DA : AB;
	87DB : 23;
	87DC : 1E;
	87DD : 83;
	87DE : BD;
	87DF : 23;
	87E0 : 1E;
	87E1 : 03;
	87E2 : 98;
	87E3 : 20;
	87E4 : E8;
	87E5 : 92;
	87E6 : 29;
	87E7 : 88;
	87E8 : 2C;
	87E9 : A8;
	87EA : 27;
	87EB : 01;
	87EC : CA;
	87ED : 32;
	87EE : E0;
	87EF : 1C;
	87F0 : 7F;
	87F1 : 30;
	87F2 : 88;
	87F3 : 93;
	87F4 : 29;
	87F5 : 98;
	87F6 : A2;
	87F7 : 2F;
	87F8 : 21;
	87F9 : C1;
	87FA : 3D;
	87FB : 20;
	87FC : D2;
	87FD : 88;
	87FE : 18;
	87FF : B5;
	8800 : 89;
	8801 : 18;
	8802 : 98;
	8803 : 31;
	8804 : C0;
	8805 : 4C;
	8806 : 04;
	8807 : A0;
	8808 : 09;
	8809 : 93;
	880A : 9E;
	880B : 32;
	880C : 88;
	880D : 8A;
	880E : 8A;
	880F : A7;
	8810 : 99;
	8811 : 14;
	8812 : D0;
	8813 : 01;
	8814 : 0A;
	8815 : 28;
	8816 : 18;
	8817 : A8;
	8818 : 48;
	8819 : C8;
	881A : 21;
	881B : 8A;
	881C : 20;
	881D : A3;
	881E : E3;
	881F : 8E;
	8820 : 48;
	8821 : B1;
	8822 : 69;
	8823 : 98;
	8824 : 91;
	8825 : 82;
	8826 : C1;
	8827 : 3A;
	8828 : 18;
	8829 : 99;
	882A : 32;
	882B : AB;
	882C : 38;
	882D : 85;
	882E : 8A;
	882F : B0;
	8830 : 14;
	8831 : 03;
	8832 : 8F;
	8833 : 97;
	8834 : D8;
	8835 : 3A;
	8836 : 22;
	8837 : B9;
	8838 : 21;
	8839 : F2;
	883A : 99;
	883B : 22;
	883C : 8F;
	883D : 11;
	883E : A0;
	883F : 12;
	8840 : 99;
	8841 : 05;
	8842 : A8;
	8843 : 3F;
	8844 : 10;
	8845 : A3;
	8846 : BB;
	8847 : 70;
	8848 : 99;
	8849 : 20;
	884A : A1;
	884B : 0A;
	884C : 81;
	884D : B6;
	884E : 2A;
	884F : B6;
	8850 : 0B;
	8851 : 1B;
	8852 : 28;
	8853 : 94;
	8854 : 00;
	8855 : 8E;
	8856 : 11;
	8857 : 98;
	8858 : 80;
	8859 : 0A;
	885A : D3;
	885B : 18;
	885C : 02;
	885D : 9A;
	885E : 3C;
	885F : 05;
	8860 : C0;
	8861 : 08;
	8862 : 79;
	8863 : 02;
	8864 : C1;
	8865 : D0;
	8866 : 19;
	8867 : 83;
	8868 : 4A;
	8869 : B2;
	886A : 00;
	886B : 2F;
	886C : 38;
	886D : 89;
	886E : 00;
	886F : 81;
	8870 : 6B;
	8871 : 88;
	8872 : 80;
	8873 : 80;
	8874 : 80;
	8875 : 09;
	8876 : 1A;
	8877 : 21;
	8878 : 98;
	8879 : 00;
	887A : B1;
	887B : 82;
	887C : 9A;
	887D : 21;
	887E : A9;
	887F : 18;
	8880 : 09;
	8881 : 08;
	8882 : 0A;
	8883 : 85;
	8884 : 89;
	8885 : 10;
	8886 : A0;
	8887 : 81;
	8888 : 89;
	8889 : 18;
	888A : 18;
	888B : 80;
	888C : 00;
	888D : B1;
	888E : 1A;
	888F : 10;
	8890 : 88;
	8891 : 10;
	8892 : A0;
	8893 : 98;
	8894 : 28;
	8895 : 00;
	8896 : 88;
	8897 : 08;
	8898 : 81;
	8899 : A0;
	889A : 01;
	889B : 1A;
	889C : 08;
	889D : 08;
	889E : 08;
	889F : 80;
	88A0 : 80;
	88A1 : 08;
	88A2 : 18;
	88A3 : 80;
	88A4 : 88;
	88A5 : 08;
	88A6 : 08;
	88A7 : 08;
	88A8 : 80;
	88A9 : 00;
	88AA : 88;
	88AB : 80;
	88AC : 08;
	88AD : 80;
	88AE : 81;
	88AF : 89;
	88B0 : 01;
	88B1 : 89;
	88B2 : 18;
	88B3 : 08;
	88B4 : 92;
	88B5 : 89;
	88B6 : 08;
	88B7 : 18;
	88B8 : 80;
	88B9 : 88;
	88BA : 00;
	88BB : 80;
	88BC : 80;
	88BD : 08;
	88BE : 08;
	88BF : 08;
	88C0 : 80;
	88C1 : 08;
	88C2 : 08;
	88C3 : 80;
	88C4 : 80;
	88C5 : 08;
	88C6 : 80;
	88C7 : 80;
	88C8 : 80;
	88C9 : 80;
	88CA : 80;
	88CB : 88;
	88CC : 00;
	88CD : 80;
	88CE : 80;
	88CF : 80;
	88D0 : 88;
	88D1 : 08;
	88D2 : 08;
	88D3 : 08;
	88D4 : 08;
	88D5 : 08;
	88D6 : 08;
	88D7 : 08;
	88D8 : 08;
	88D9 : 08;
	88DA : 08;
	88DB : 08;
	88DC : 00;
	88DD : 00;
	88DE : 00;
	88DF : 00;
	88E0 : 7F;
	88E1 : 00;
	88E2 : 80;
	88E3 : 80;
	88E4 : 80;
	88E5 : 80;
	88E6 : 80;
	88E7 : 80;
	88E8 : 80;
	88E9 : 80;
	88EA : 80;
	88EB : 80;
	88EC : 80;
	88ED : 80;
	88EE : 80;
	88EF : 80;
	88F0 : 80;
	88F1 : 22;
	88F2 : 62;
	88F3 : 14;
	88F4 : 21;
	88F5 : 0F;
	88F6 : FF;
	88F7 : B0;
	88F8 : 00;
	88F9 : 00;
	88FA : 82;
	88FB : 94;
	88FC : 47;
	88FD : 7A;
	88FE : 19;
	88FF : 88;
	8900 : 19;
	8901 : 81;
	8902 : AD;
	8903 : F8;
	8904 : 18;
	8905 : 18;
	8906 : 18;
	8907 : 08;
	8908 : 02;
	8909 : 76;
	890A : 8A;
	890B : 08;
	890C : 08;
	890D : 09;
	890E : 09;
	890F : 8F;
	8910 : D2;
	8911 : 08;
	8912 : 18;
	8913 : 08;
	8914 : 18;
	8915 : 01;
	8916 : 74;
	8917 : A9;
	8918 : 09;
	8919 : 08;
	891A : 08;
	891B : 88;
	891C : AF;
	891D : A2;
	891E : 80;
	891F : 18;
	8920 : 18;
	8921 : 14;
	8922 : 70;
	8923 : A1;
	8924 : 98;
	8925 : 08;
	8926 : 88;
	8927 : ED;
	8928 : 10;
	8929 : 81;
	892A : 08;
	892B : 10;
	892C : 06;
	892D : 5A;
	892E : 80;
	892F : 90;
	8930 : 88;
	8931 : 8A;
	8932 : F8;
	8933 : 18;
	8934 : 10;
	8935 : 80;
	8936 : 81;
	8937 : 47;
	8938 : 89;
	8939 : 09;
	893A : 00;
	893B : 88;
	893C : AB;
	893D : F0;
	893E : 18;
	893F : 18;
	8940 : 00;
	8941 : 02;
	8942 : 73;
	8943 : B8;
	8944 : 09;
	8945 : 09;
	8946 : 08;
	8947 : DF;
	8948 : 82;
	8949 : 80;
	894A : 08;
	894B : 00;
	894C : 13;
	894D : 78;
	894E : 90;
	894F : 91;
	8950 : 88;
	8951 : 89;
	8952 : FC;
	8953 : 20;
	8954 : 00;
	8955 : 80;
	8956 : 81;
	8957 : 27;
	8958 : 2B;
	8959 : 08;
	895A : 80;
	895B : 90;
	895C : 9B;
	895D : F9;
	895E : 29;
	895F : 18;
	8960 : 7F;
	8961 : 01;
	8962 : 27;
	8963 : 3B;
	8964 : 1A;
	8965 : 81;
	8966 : 99;
	8967 : FC;
	8968 : 38;
	8969 : 00;
	896A : 80;
	896B : 07;
	896C : 29;
	896D : 90;
	896E : 80;
	896F : A0;
	8970 : DC;
	8971 : 11;
	8972 : 81;
	8973 : 91;
	8974 : 05;
	8975 : 58;
	8976 : A0;
	8977 : 91;
	8978 : 88;
	8979 : BF;
	897A : 93;
	897B : 91;
	897C : 80;
	897D : 02;
	897E : 71;
	897F : A1;
	8980 : A0;
	8981 : 08;
	8982 : 9F;
	8983 : A1;
	8984 : 00;
	8985 : 08;
	8986 : 10;
	8987 : 63;
	8988 : 99;
	8989 : 09;
	898A : 09;
	898B : 0E;
	898C : E1;
	898D : 00;
	898E : 00;
	898F : 80;
	8990 : 37;
	8991 : 89;
	8992 : 09;
	8993 : 00;
	8994 : 8A;
	8995 : F8;
	8996 : 18;
	8997 : 10;
	8998 : 88;
	8999 : 17;
	899A : 1A;
	899B : 08;
	899C : 80;
	899D : 88;
	899E : EA;
	899F : 10;
	89A0 : 00;
	89A1 : 01;
	89A2 : 44;
	89A3 : 98;
	89A4 : 98;
	89A5 : 09;
	89A6 : DD;
	89A7 : 11;
	89A8 : 00;
	89A9 : 92;
	89AA : 37;
	89AB : 99;
	89AC : 08;
	89AD : 09;
	89AE : BE;
	89AF : 10;
	89B0 : 00;
	89B1 : 81;
	89B2 : 46;
	89B3 : 99;
	89B4 : 09;
	89B5 : 19;
	89B6 : AE;
	89B7 : 01;
	89B8 : 81;
	89B9 : 91;
	89BA : 37;
	89BB : 8A;
	89BC : 19;
	89BD : 19;
	89BE : AE;
	89BF : 01;
	89C0 : 80;
	89C1 : 81;
	89C2 : 27;
	89C3 : 0A;
	89C4 : 09;
	89C5 : 19;
	89C6 : 9F;
	89C7 : 82;
	89C8 : 80;
	89C9 : 80;
	89CA : 35;
	89CB : 8A;
	89CC : 19;
	89CD : 18;
	89CE : BF;
	89CF : 92;
	89D0 : 81;
	89D1 : 80;
	89D2 : 37;
	89D3 : 89;
	89D4 : 08;
	89D5 : 88;
	89D6 : 9E;
	89D7 : 81;
	89D8 : 81;
	89D9 : 80;
	89DA : 27;
	89DB : 0A;
	89DC : 19;
	89DD : 19;
	89DE : AD;
	89DF : 92;
	89E0 : 7F;
	89E1 : 81;
	89E2 : 85;
	89E3 : 39;
	89E4 : 88;
	89E5 : 8A;
	89E6 : F8;
	89E7 : 18;
	89E8 : 00;
	89E9 : 43;
	89EA : A8;
	89EB : 19;
	89EC : BF;
	89ED : 82;
	89EE : 90;
	89EF : 16;
	89F0 : 2B;
	89F1 : 00;
	89F2 : 9A;
	89F3 : F1;
	89F4 : 08;
	89F5 : 01;
	89F6 : 41;
	89F7 : A0;
	89F8 : 88;
	89F9 : BF;
	89FA : 10;
	89FB : 81;
	89FC : 06;
	89FD : 0A;
	89FE : 08;
	89FF : 0C;
	8A00 : A1;
	8A01 : 08;
	8A02 : 12;
	8A03 : 78;
	8A04 : 91;
	8A05 : 98;
	8A06 : D9;
	8A07 : 28;
	8A08 : 81;
	8A09 : 25;
	8A0A : 89;
	8A0B : 08;
	8A0C : 9F;
	8A0D : 81;
	8A0E : 80;
	8A0F : 04;
	8A10 : 3B;
	8A11 : 81;
	8A12 : 99;
	8A13 : F8;
	8A14 : 29;
	8A15 : 00;
	8A16 : 52;
	8A17 : A8;
	8A18 : 08;
	8A19 : AF;
	8A1A : 01;
	8A1B : 80;
	8A1C : 04;
	8A1D : 2B;
	8A1E : 00;
	8A1F : 8C;
	8A20 : D1;
	8A21 : 18;
	8A22 : 15;
	8A23 : 1B;
	8A24 : 19;
	8A25 : CA;
	8A26 : 28;
	8A27 : 84;
	8A28 : 48;
	8A29 : 91;
	8A2A : AD;
	8A2B : 92;
	8A2C : 80;
	8A2D : 43;
	8A2E : 99;
	8A2F : 1C;
	8A30 : D8;
	8A31 : 18;
	8A32 : 15;
	8A33 : 2A;
	8A34 : 80;
	8A35 : CC;
	8A36 : 11;
	8A37 : 82;
	8A38 : 60;
	8A39 : A0;
	8A3A : 9B;
	8A3B : B2;
	8A3C : 00;
	8A3D : 63;
	8A3E : 99;
	8A3F : 1B;
	8A40 : F8;
	8A41 : 18;
	8A42 : 14;
	8A43 : 2A;
	8A44 : 80;
	8A45 : CC;
	8A46 : 02;
	8A47 : A3;
	8A48 : 51;
	8A49 : A1;
	8A4A : 9D;
	8A4B : A1;
	8A4C : 08;
	8A4D : 44;
	8A4E : 8A;
	8A4F : 19;
	8A50 : E9;
	8A51 : 28;
	8A52 : 04;
	8A53 : 29;
	8A54 : 80;
	8A55 : BE;
	8A56 : 01;
	8A57 : 92;
	8A58 : 51;
	8A59 : A0;
	8A5A : 8C;
	8A5B : B1;
	8A5C : 19;
	8A5D : 45;
	8A5E : 0A;
	8A5F : 09;
	8A60 : 66;
	8A61 : CA;
	8A62 : 28;
	8A63 : 27;
	8A64 : 89;
	8A65 : 1C;
	8A66 : A2;
	8A67 : 00;
	8A68 : 40;
	8A69 : 90;
	8A6A : CB;
	8A6B : 20;
	8A6C : 06;
	8A6D : 09;
	8A6E : 0A;
	8A6F : C0;
	8A70 : 18;
	8A71 : 51;
	8A72 : 88;
	8A73 : 9E;
	8A74 : 82;
	8A75 : 83;
	8A76 : 29;
	8A77 : 88;
	8A78 : F8;
	8A79 : 19;
	8A7A : 34;
	8A7B : 98;
	8A7C : 8C;
	8A7D : A2;
	8A7E : 81;
	8A7F : 78;
	8A80 : 80;
	8A81 : BB;
	8A82 : 20;
	8A83 : 05;
	8A84 : 19;
	8A85 : 8A;
	8A86 : E1;
	8A87 : 08;
	8A88 : 51;
	8A89 : A0;
	8A8A : 8D;
	8A8B : 81;
	8A8C : 02;
	8A8D : 3A;
	8A8E : 09;
	8A8F : F8;
	8A90 : 18;
	8A91 : 33;
	8A92 : 98;
	8A93 : 8E;
	8A94 : A2;
	8A95 : 82;
	8A96 : 69;
	8A97 : 80;
	8A98 : BB;
	8A99 : 20;
	8A9A : 17;
	8A9B : 09;
	8A9C : 0B;
	8A9D : B1;
	8A9E : 00;
	8A9F : 60;
	8AA0 : 80;
	8AA1 : AC;
	8AA2 : 00;
	8AA3 : 03;
	8AA4 : 19;
	8AA5 : 89;
	8AA6 : 98;
	8AA7 : 18;
	8AA8 : 10;
	8AA9 : 80;
	8AAA : 80;
	8AAB : 80;
	8AAC : 88;
	8AAD : 08;
	8AAE : 08;
	8AAF : 08;
	8AB0 : 80;
	8AB1 : 80;
	8AB2 : 80;
	8AB3 : 88;
	8AB4 : 08;
	8AB5 : 08;
	8AB6 : 08;
	8AB7 : 08;
	8AB8 : 80;
	8AB9 : 80;
	8ABA : 88;
	8ABB : 08;
	8ABC : 08;
	8ABD : 08;
	8ABE : 08;
	8ABF : 08;
	8AC0 : 08;
	8AC1 : 08;
	8AC2 : 08;
	8AC3 : 08;
	8AC4 : 08;
	8AC5 : 08;
	8AC6 : 08;
	8AC7 : 00;
	8AC8 : 00;
	8AC9 : 00;
	8ACA : 00;
	8ACB : 00;
	8ACC : 00;
	8ACD : 00;
	8ACE : 00;
	8ACF : 00;
	8AD0 : 7F;
	8AD1 : 00;
	8AD2 : 80;
	8AD3 : 80;
	8AD4 : 80;
	8AD5 : 80;
	8AD6 : 80;
	8AD7 : 80;
	8AD8 : 80;
	8AD9 : 80;
	8ADA : 80;
	8ADB : 80;
	8ADC : 80;
	8ADD : 80;
	8ADE : 80;
	8ADF : 80;
	8AE0 : 80;
	8AE1 : 80;
	8AE2 : 16;
	8AE3 : 0A;
	8AE4 : 73;
	8AE5 : D8;
	8AE6 : 00;
	8AE7 : F8;
	8AE8 : 55;
	8AE9 : 9D;
	8AEA : 20;
	8AEB : AB;
	8AEC : 83;
	8AED : 3C;
	8AEE : 07;
	8AEF : AB;
	8AF0 : 60;
	8AF1 : C8;
	8AF2 : 31;
	8AF3 : 8D;
	8AF4 : 81;
	8AF5 : 10;
	8AF6 : 94;
	8AF7 : A9;
	8AF8 : 99;
	8AF9 : 78;
	8AFA : A8;
	8AFB : 10;
	8AFC : 20;
	8AFD : 89;
	8AFE : 0F;
	8AFF : 81;
	8B00 : 92;
	8B01 : 91;
	8B02 : 91;
	8B03 : 81;
	8B04 : 80;
	8B05 : 00;
	8B06 : 08;
	8B07 : 18;
	8B08 : 18;
	8B09 : 00;
	8B0A : 80;
	8B0B : 00;
	8B0C : 00;
	8B0D : 00;
	8B0E : 08;
	8B0F : 00;
	8B10 : 00;
	8B11 : 00;
	8B12 : 00;
	8B13 : 00;
	8B14 : 08;
	8B15 : 08;
	8B16 : 00;
	8B17 : 80;
	8B18 : 80;
	8B19 : 88;
	8B1A : 08;
	8B1B : 08;
	8B1C : 09;
	8B1D : 00;
	8B1E : 90;
	8B1F : 80;
	8B20 : 88;
	8B21 : 08;
	8B22 : 80;
	8B23 : 88;
	8B24 : 08;
	8B25 : 08;
	8B26 : 80;
	8B27 : 80;
	8B28 : 88;
	8B29 : 08;
	8B2A : 80;
	8B2B : 88;
	8B2C : 08;
	8B2D : 80;
	8B2E : 80;
	8B2F : 80;
	8B30 : 90;
	8B31 : 80;
	8B32 : 08;
	8B33 : 09;
	8B34 : 08;
	8B35 : 08;
	8B36 : 08;
	8B37 : 00;
	8B38 : 90;
	8B39 : 80;
	8B3A : 80;
	8B3B : 80;
	8B3C : 09;
	8B3D : 00;
	8B3E : 88;
	8B3F : 00;
	8B40 : 88;
	8B41 : 80;
	8B42 : 80;
	8B43 : 88;
	8B44 : 00;
	8B45 : 88;
	8B46 : 00;
	8B47 : 01;
	8B48 : 94;
	8B49 : 57;
	8B4A : 77;
	8B4B : 79;
	8B4C : E1;
	8B4D : 59;
	8B4E : 88;
	8B4F : C8;
	8B50 : 7F;
	8B51 : 1A;
	8B52 : 06;
	8B53 : 98;
	8B54 : 1C;
	8B55 : 95;
	8B56 : 88;
	8B57 : 08;
	8B58 : 98;
	8B59 : 1B;
	8B5A : 33;
	8B5B : B2;
	8B5C : D9;
	8B5D : 00;
	8B5E : 03;
	8B5F : 3F;
	8B60 : 13;
	8B61 : D2;
	8B62 : 1A;
	8B63 : 98;
	8B64 : 50;
	8B65 : 8B;
	8B66 : 26;
	8B67 : A9;
	8B68 : 08;
	8B69 : 91;
	8B6A : E4;
	8B6B : 8A;
	8B6C : 2B;
	8B6D : 03;
	8B6E : 2D;
	8B6F : 91;
	8B70 : 80;
	8B71 : 29;
	8B72 : 00;
	8B73 : 89;
	8B74 : 10;
	8B75 : F0;
	8B76 : 11;
	8B77 : 90;
	8B78 : 58;
	8B79 : 90;
	8B7A : 0A;
	8B7B : 01;
	8B7C : 20;
	8B7D : E3;
	8B7E : 09;
	8B7F : A8;
	8B80 : 1A;
	8B81 : 9B;
	8B82 : 38;
	8B83 : 37;
	8B84 : 1A;
	8B85 : 58;
	8B86 : D2;
	8B87 : 1B;
	8B88 : 92;
	8B89 : 83;
	8B8A : AE;
	8B8B : 23;
	8B8C : D9;
	8B8D : 3A;
	8B8E : 83;
	8B8F : 9A;
	8B90 : 36;
	8B91 : 9D;
	8B92 : 02;
	8B93 : 19;
	8B94 : 89;
	8B95 : 81;
	8B96 : 90;
	8B97 : A3;
	8B98 : 0A;
	8B99 : 05;
	8B9A : B8;
	8B9B : 79;
	8B9C : 98;
	8B9D : 12;
	8B9E : 0C;
	8B9F : 80;
	8BA0 : 01;
	8BA1 : 29;
	8BA2 : 88;
	8BA3 : B7;
	8BA4 : A8;
	8BA5 : 4A;
	8BA6 : 09;
	8BA7 : B4;
	8BA8 : 29;
	8BA9 : 12;
	8BAA : F2;
	8BAB : 0C;
	8BAC : 83;
	8BAD : 9B;
	8BAE : 60;
	8BAF : A0;
	8BB0 : 08;
	8BB1 : 2C;
	8BB2 : 03;
	8BB3 : 9A;
	8BB4 : 80;
	8BB5 : D3;
	8BB6 : 4A;
	8BB7 : 9B;
	8BB8 : 11;
	8BB9 : 1A;
	8BBA : A1;
	8BBB : 14;
	8BBC : AA;
	8BBD : 21;
	8BBE : 2B;
	8BBF : 60;
	8BC0 : 80;
	8BC1 : 9A;
	8BC2 : D1;
	8BC3 : 04;
	8BC4 : 19;
	8BC5 : 0B;
	8BC6 : B1;
	8BC7 : 6A;
	8BC8 : 01;
	8BC9 : B7;
	8BCA : 9A;
	8BCB : 30;
	8BCC : B8;
	8BCD : 2B;
	8BCE : 4C;
	8BCF : 93;
	8BD0 : 7F;
	8BD1 : 05;
	8BD2 : 90;
	8BD3 : 9C;
	8BD4 : 28;
	8BD5 : 92;
	8BD6 : D0;
	8BD7 : 08;
	8BD8 : 19;
	8BD9 : 10;
	8BDA : 03;
	8BDB : 72;
	8BDC : A9;
	8BDD : C8;
	8BDE : 82;
	8BDF : 8A;
	8BE0 : 03;
	8BE1 : 9B;
	8BE2 : 23;
	8BE3 : AC;
	8BE4 : 33;
	8BE5 : CC;
	8BE6 : 81;
	8BE7 : 24;
	8BE8 : C2;
	8BE9 : 49;
	8BEA : 8C;
	8BEB : A4;
	8BEC : 10;
	8BED : BA;
	8BEE : 01;
	8BEF : 40;
	8BF0 : C4;
	8BF1 : AB;
	8BF2 : 42;
	8BF3 : 1A;
	8BF4 : 9C;
	8BF5 : 39;
	8BF6 : 96;
	8BF7 : D0;
	8BF8 : 01;
	8BF9 : 2C;
	8BFA : 80;
	8BFB : 12;
	8BFC : A0;
	8BFD : 49;
	8BFE : 00;
	8BFF : 90;
	8C00 : C2;
	8C01 : 77;
	8C02 : 70;
	8C03 : 25;
	8C04 : 0C;
	8C05 : D8;
	8C06 : 8D;
	8C07 : 10;
	8C08 : 10;
	8C09 : 33;
	8C0A : C3;
	8C0B : AA;
	8C0C : D1;
	8C0D : AD;
	8C0E : 38;
	8C0F : 01;
	8C10 : 68;
	8C11 : 93;
	8C12 : AA;
	8C13 : A2;
	8C14 : E8;
	8C15 : 28;
	8C16 : 02;
	8C17 : 6A;
	8C18 : 10;
	8C19 : AA;
	8C1A : 92;
	8C1B : F1;
	8C1C : 00;
	8C1D : 03;
	8C1E : 2C;
	8C1F : 38;
	8C20 : AC;
	8C21 : 1A;
	8C22 : C3;
	8C23 : 00;
	8C24 : 07;
	8C25 : 09;
	8C26 : 1B;
	8C27 : 8B;
	8C28 : 3C;
	8C29 : 82;
	8C2A : 81;
	8C2B : 26;
	8C2C : A2;
	8C2D : 1A;
	8C2E : C8;
	8C2F : 0D;
	8C30 : 11;
	8C31 : 00;
	8C32 : 32;
	8C33 : A3;
	8C34 : 8A;
	8C35 : F0;
	8C36 : 8D;
	8C37 : 20;
	8C38 : 00;
	8C39 : 68;
	8C3A : 82;
	8C3B : A9;
	8C3C : B2;
	8C3D : D8;
	8C3E : 28;
	8C3F : 11;
	8C40 : 7A;
	8C41 : 11;
	8C42 : AA;
	8C43 : 80;
	8C44 : E1;
	8C45 : 00;
	8C46 : 12;
	8C47 : 3B;
	8C48 : 3B;
	8C49 : CA;
	8C4A : 88;
	8C4B : D3;
	8C4C : 01;
	8C4D : 06;
	8C4E : 88;
	8C4F : 2A;
	8C50 : 7F;
	8C51 : 9B;
	8C52 : 2E;
	8C53 : 82;
	8C54 : 00;
	8C55 : 25;
	8C56 : A2;
	8C57 : 89;
	8C58 : BA;
	8C59 : 1F;
	8C5A : 10;
	8C5B : 00;
	8C5C : 42;
	8C5D : B3;
	8C5E : 8B;
	8C5F : C0;
	8C60 : 9E;
	8C61 : 20;
	8C62 : 10;
	8C63 : 60;
	8C64 : 92;
	8C65 : 9A;
	8C66 : C2;
	8C67 : C9;
	8C68 : 28;
	8C69 : 21;
	8C6A : 69;
	8C6B : 10;
	8C6C : AA;
	8C6D : A1;
	8C6E : F2;
	8C6F : 09;
	8C70 : 83;
	8C71 : 4A;
	8C72 : 3A;
	8C73 : AA;
	8C74 : 1A;
	8C75 : D2;
	8C76 : 10;
	8C77 : 96;
	8C78 : 08;
	8C79 : 3B;
	8C7A : 9A;
	8C7B : 2D;
	8C7C : B4;
	8C7D : 02;
	8C7E : 03;
	8C7F : C3;
	8C80 : 3D;
	8C81 : 98;
	8C82 : 9F;
	8C83 : 10;
	8C84 : 10;
	8C85 : 13;
	8C86 : 92;
	8C87 : 99;
	8C88 : D1;
	8C89 : AC;
	8C8A : 29;
	8C8B : 28;
	8C8C : 72;
	8C8D : 90;
	8C8E : B8;
	8C8F : A2;
	8C90 : E9;
	8C91 : 40;
	8C92 : 12;
	8C93 : 54;
	8C94 : 9D;
	8C95 : 8A;
	8C96 : C3;
	8C97 : 82;
	8C98 : 58;
	8C99 : 1A;
	8C9A : C8;
	8C9B : BA;
	8C9C : 40;
	8C9D : 34;
	8C9E : 91;
	8C9F : 9E;
	8CA0 : 0A;
	8CA1 : 93;
	8CA2 : 85;
	8CA3 : 19;
	8CA4 : 2A;
	8CA5 : D0;
	8CA6 : B8;
	8CA7 : 49;
	8CA8 : 42;
	8CA9 : 92;
	8CAA : CA;
	8CAB : 0D;
	8CAC : 02;
	8CAD : 04;
	8CAE : 18;
	8CAF : 1D;
	8CB0 : 98;
	8CB1 : C1;
	8CB2 : 20;
	8CB3 : 58;
	8CB4 : 00;
	8CB5 : C8;
	8CB6 : 8B;
	8CB7 : 21;
	8CB8 : 95;
	8CB9 : 00;
	8CBA : 0C;
	8CBB : 89;
	8CBC : A3;
	8CBD : 02;
	8CBE : 68;
	8CBF : 08;
	8CC0 : C0;
	8CC1 : AA;
	8CC2 : 38;
	8CC3 : 44;
	8CC4 : 81;
	8CC5 : 9D;
	8CC6 : 8A;
	8CC7 : 93;
	8CC8 : 85;
	8CC9 : 39;
	8CCA : 2A;
	8CCB : E8;
	8CCC : A0;
	8CCD : 39;
	8CCE : 51;
	8CCF : 81;
	8CD0 : 7F;
	8CD1 : BC;
	8CD2 : 0C;
	8CD3 : 03;
	8CD4 : 85;
	8CD5 : 18;
	8CD6 : 1C;
	8CD7 : 98;
	8CD8 : D1;
	8CD9 : 10;
	8CDA : 58;
	8CDB : 82;
	8CDC : C9;
	8CDD : 8B;
	8CDE : 11;
	8CDF : 05;
	8CE0 : 80;
	8CE1 : 0B;
	8CE2 : 8A;
	8CE3 : B3;
	8CE4 : 22;
	8CE5 : 78;
	8CE6 : 00;
	8CE7 : D0;
	8CE8 : AA;
	8CE9 : 48;
	8CEA : 23;
	8CEB : 92;
	8CEC : AD;
	8CED : 8A;
	8CEE : 93;
	8CEF : 04;
	8CF0 : 48;
	8CF1 : 1A;
	8CF2 : D0;
	8CF3 : C8;
	8CF4 : 38;
	8CF5 : 42;
	8CF6 : 92;
	8CF7 : BC;
	8CF8 : 0E;
	8CF9 : 02;
	8CFA : 03;
	8CFB : 2A;
	8CFC : 2B;
	8CFD : D8;
	8CFE : B0;
	8CFF : 38;
	8D00 : 78;
	8D01 : 81;
	8D02 : B9;
	8D03 : 8B;
	8D04 : 21;
	8D05 : 17;
	8D06 : 80;
	8D07 : 1C;
	8D08 : 98;
	8D09 : A2;
	8D0A : 01;
	8D0B : 78;
	8D0C : 00;
	8D0D : C8;
	8D0E : 8A;
	8D0F : 20;
	8D10 : 25;
	8D11 : 91;
	8D12 : 8D;
	8D13 : 89;
	8D14 : A3;
	8D15 : 03;
	8D16 : 49;
	8D17 : 2A;
	8D18 : D8;
	8D19 : B9;
	8D1A : 48;
	8D1B : 43;
	8D1C : A4;
	8D1D : BC;
	8D1E : 0C;
	8D1F : 02;
	8D20 : 84;
	8D21 : 29;
	8D22 : 2C;
	8D23 : B8;
	8D24 : B3;
	8D25 : 77;
	8D26 : 18;
	8D27 : 8D;
	8D28 : 8B;
	8D29 : 12;
	8D2A : 24;
	8D2B : 98;
	8D2C : D8;
	8D2D : B0;
	8D2E : 32;
	8D2F : 49;
	8D30 : 1D;
	8D31 : AA;
	8D32 : 95;
	8D33 : 14;
	8D34 : 88;
	8D35 : BB;
	8D36 : 99;
	8D37 : 60;
	8D38 : 38;
	8D39 : 0A;
	8D3A : C8;
	8D3B : B4;
	8D3C : 05;
	8D3D : 00;
	8D3E : 9C;
	8D3F : 8C;
	8D40 : 30;
	8D41 : 41;
	8D42 : 98;
	8D43 : D8;
	8D44 : 91;
	8D45 : 23;
	8D46 : 29;
	8D47 : 8F;
	8D48 : 8A;
	8D49 : 11;
	8D4A : 13;
	8D4B : 80;
	8D4C : E8;
	8D4D : 88;
	8D4E : 21;
	8D4F : 48;
	8D50 : 7F;
	8D51 : 0D;
	8D52 : 89;
	8D53 : 83;
	8D54 : 14;
	8D55 : 80;
	8D56 : BB;
	8D57 : 9A;
	8D58 : 50;
	8D59 : 60;
	8D5A : 8A;
	8D5B : B8;
	8D5C : A4;
	8D5D : 06;
	8D5E : 88;
	8D5F : 9A;
	8D60 : 8A;
	8D61 : 30;
	8D62 : 60;
	8D63 : 09;
	8D64 : D8;
	8D65 : 92;
	8D66 : 12;
	8D67 : 28;
	8D68 : 9F;
	8D69 : 0B;
	8D6A : 22;
	8D6B : 22;
	8D6C : 91;
	8D6D : F9;
	8D6E : 90;
	8D6F : 21;
	8D70 : 39;
	8D71 : 0D;
	8D72 : 0A;
	8D73 : 83;
	8D74 : 14;
	8D75 : 81;
	8D76 : CA;
	8D77 : 99;
	8D78 : 40;
	8D79 : 58;
	8D7A : 0A;
	8D7B : B8;
	8D7C : A4;
	8D7D : 06;
	8D7E : 88;
	8D7F : 8C;
	8D80 : 8A;
	8D81 : 31;
	8D82 : 50;
	8D83 : 98;
	8D84 : C8;
	8D85 : B4;
	8D86 : 04;
	8D87 : 09;
	8D88 : 0C;
	8D89 : 8B;
	8D8A : 31;
	8D8B : 34;
	8D8C : A0;
	8D8D : E8;
	8D8E : A1;
	8D8F : 21;
	8D90 : 58;
	8D91 : 8D;
	8D92 : 89;
	8D93 : 82;
	8D94 : 04;
	8D95 : 80;
	8D96 : B9;
	8D97 : 99;
	8D98 : 40;
	8D99 : 58;
	8D9A : 0B;
	8D9B : A9;
	8D9C : 84;
	8D9D : 06;
	8D9E : 80;
	8D9F : AB;
	8DA0 : 8B;
	8DA1 : 50;
	8DA2 : 48;
	8DA3 : 09;
	8DA4 : C8;
	8DA5 : A3;
	8DA6 : 05;
	8DA7 : 19;
	8DA8 : 8D;
	8DA9 : 0A;
	8DAA : 20;
	8DAB : 33;
	8DAC : 90;
	8DAD : F8;
	8DAE : B2;
	8DAF : 13;
	8DB0 : 49;
	8DB1 : 0E;
	8DB2 : 89;
	8DB3 : 82;
	8DB4 : 24;
	8DB5 : 9A;
	8DB6 : C8;
	8DB7 : 47;
	8DB8 : 39;
	8DB9 : CB;
	8DBA : 82;
	8DBB : 51;
	8DBC : AB;
	8DBD : C8;
	8DBE : 35;
	8DBF : 09;
	8DC0 : CA;
	8DC1 : 12;
	8DC2 : 40;
	8DC3 : AD;
	8DC4 : 91;
	8DC5 : 24;
	8DC6 : 0B;
	8DC7 : BA;
	8DC8 : 24;
	8DC9 : 48;
	8DCA : BC;
	8DCB : 92;
	8DCC : 42;
	8DCD : 9B;
	8DCE : B9;
	8DCF : 37;
	8DD0 : 7F;
	8DD1 : 19;
	8DD2 : BB;
	8DD3 : 84;
	8DD4 : 40;
	8DD5 : 9C;
	8DD6 : 90;
	8DD7 : 33;
	8DD8 : 1B;
	8DD9 : DA;
	8DDA : 14;
	8DDB : 30;
	8DDC : BE;
	8DDD : 91;
	8DDE : 22;
	8DDF : 8A;
	8DE0 : B8;
	8DE1 : 25;
	8DE2 : 28;
	8DE3 : CB;
	8DE4 : 02;
	8DE5 : 41;
	8DE6 : 9B;
	8DE7 : B8;
	8DE8 : 53;
	8DE9 : 1A;
	8DEA : DA;
	8DEB : 13;
	8DEC : 41;
	8DED : AC;
	8DEE : A0;
	8DEF : 43;
	8DF0 : 0B;
	8DF1 : D9;
	8DF2 : 14;
	8DF3 : 38;
	8DF4 : CB;
	8DF5 : 92;
	8DF6 : 51;
	8DF7 : 8B;
	8DF8 : B9;
	8DF9 : 43;
	8DFA : 3A;
	8DFB : DB;
	8DFC : 03;
	8DFD : 51;
	8DFE : 9D;
	8DFF : 98;
	8E00 : 23;
	8E01 : 0A;
	8E02 : BA;
	8E03 : 05;
	8E04 : 21;
	8E05 : BC;
	8E06 : 91;
	8E07 : 52;
	8E08 : 8B;
	8E09 : B9;
	8E0A : 35;
	8E0B : 28;
	8E0C : CB;
	8E0D : 93;
	8E0E : 51;
	8E0F : 9B;
	8E10 : B8;
	8E11 : 44;
	8E12 : 19;
	8E13 : DA;
	8E14 : 12;
	8E15 : 41;
	8E16 : AD;
	8E17 : 90;
	8E18 : 33;
	8E19 : 0B;
	8E1A : D9;
	8E1B : 14;
	8E1C : 28;
	8E1D : AC;
	8E1E : A2;
	8E1F : 52;
	8E20 : 8C;
	8E21 : A9;
	8E22 : 25;
	8E23 : 19;
	8E24 : BB;
	8E25 : 83;
	8E26 : 31;
	8E27 : 9C;
	8E28 : B0;
	8E29 : 44;
	8E2A : 1A;
	8E2B : C9;
	8E2C : 04;
	8E2D : 38;
	8E2E : AC;
	8E2F : A2;
	8E30 : 42;
	8E31 : 0B;
	8E32 : D9;
	8E33 : 24;
	8E34 : 29;
	8E35 : BB;
	8E36 : 82;
	8E37 : 61;
	8E38 : 9B;
	8E39 : B8;
	8E3A : 36;
	8E3B : 19;
	8E3C : CA;
	8E3D : 03;
	8E3E : 41;
	8E3F : BB;
	8E40 : C1;
	8E41 : 42;
	8E42 : 1B;
	8E43 : CA;
	8E44 : 15;
	8E45 : 20;
	8E46 : BB;
	8E47 : B1;
	8E48 : 23;
	8E49 : 6A;
	8E4A : 0B;
	8E4B : A8;
	8E4C : B6;
	8E4D : 04;
	8E4E : 88;
	8E4F : 9A;
	8E50 : 7F;
	8E51 : 8B;
	8E52 : 40;
	8E53 : 58;
	8E54 : 09;
	8E55 : C8;
	8E56 : A4;
	8E57 : 03;
	8E58 : 18;
	8E59 : 9E;
	8E5A : 8A;
	8E5B : 30;
	8E5C : 42;
	8E5D : 90;
	8E5E : F8;
	8E5F : 91;
	8E60 : 12;
	8E61 : 3A;
	8E62 : 1E;
	8E63 : 8A;
	8E64 : 02;
	8E65 : 23;
	8E66 : 80;
	8E67 : F8;
	8E68 : A0;
	8E69 : 21;
	8E6A : 58;
	8E6B : 0C;
	8E6C : 99;
	8E6D : 93;
	8E6E : 15;
	8E6F : 98;
	8E70 : AA;
	8E71 : 89;
	8E72 : 40;
	8E73 : 48;
	8E74 : 0A;
	8E75 : C8;
	8E76 : 93;
	8E77 : 06;
	8E78 : 00;
	8E79 : 9C;
	8E7A : 0C;
	8E7B : 21;
	8E7C : 32;
	8E7D : A8;
	8E7E : D0;
	8E7F : B1;
	8E80 : 23;
	8E81 : 58;
	8E82 : 8E;
	8E83 : 8A;
	8E84 : 12;
	8E85 : 14;
	8E86 : 91;
	8E87 : E8;
	8E88 : 98;
	8E89 : 30;
	8E8A : 59;
	8E8B : 0B;
	8E8C : A8;
	8E8D : 94;
	8E8E : 14;
	8E8F : 80;
	8E90 : CA;
	8E91 : 9A;
	8E92 : 40;
	8E93 : 48;
	8E94 : 0A;
	8E95 : A8;
	8E96 : B5;
	8E97 : 03;
	8E98 : 08;
	8E99 : 8E;
	8E9A : 8A;
	8E9B : 31;
	8E9C : 31;
	8E9D : 08;
	8E9E : F8;
	8E9F : A2;
	8EA0 : 13;
	8EA1 : 2A;
	8EA2 : 1F;
	8EA3 : 8A;
	8EA4 : 11;
	8EA5 : 33;
	8EA6 : A2;
	8EA7 : F8;
	8EA8 : B0;
	8EA9 : 32;
	8EAA : 49;
	8EAB : 0C;
	8EAC : 9B;
	8EAD : 03;
	8EAE : 17;
	8EAF : 80;
	8EB0 : BA;
	8EB1 : 8A;
	8EB2 : 41;
	8EB3 : 58;
	8EB4 : 8A;
	8EB5 : B9;
	8EB6 : A5;
	8EB7 : 83;
	8EB8 : 00;
	8EB9 : 9C;
	8EBA : 8B;
	8EBB : 40;
	8EBC : 40;
	8EBD : 88;
	8EBE : C8;
	8EBF : B4;
	8EC0 : 04;
	8EC1 : 19;
	8EC2 : 8D;
	8EC3 : 0A;
	8EC4 : 11;
	8EC5 : 33;
	8EC6 : A1;
	8EC7 : F8;
	8EC8 : A0;
	8EC9 : 32;
	8ECA : 39;
	8ECB : 1F;
	8ECC : 99;
	8ECD : 82;
	8ECE : 25;
	8ECF : 80;
	8ED0 : 7F;
	8ED1 : C9;
	8ED2 : A8;
	8ED3 : 40;
	8ED4 : 59;
	8ED5 : 09;
	8ED6 : AA;
	8ED7 : A4;
	8ED8 : 14;
	8ED9 : 09;
	8EDA : AD;
	8EDB : 01;
	8EDC : 65;
	8EDD : 1D;
	8EDE : A8;
	8EDF : 23;
	8EE0 : 19;
	8EE1 : E9;
	8EE2 : 02;
	8EE3 : 21;
	8EE4 : AD;
	8EE5 : A0;
	8EE6 : 42;
	8EE7 : 0A;
	8EE8 : CA;
	8EE9 : 15;
	8EEA : 10;
	8EEB : BC;
	8EEC : 92;
	8EED : 51;
	8EEE : 8B;
	8EEF : B8;
	8EF0 : 25;
	8EF1 : 18;
	8EF2 : CB;
	8EF3 : 03;
	8EF4 : 42;
	8EF5 : BC;
	8EF6 : A0;
	8EF7 : 43;
	8EF8 : 1B;
	8EF9 : CB;
	8EFA : 14;
	8EFB : 40;
	8EFC : BB;
	8EFD : A1;
	8EFE : 53;
	8EFF : 8B;
	8F00 : D9;
	8F01 : 13;
	8F02 : 28;
	8F03 : BC;
	8F04 : 82;
	8F05 : 51;
	8F06 : 8B;
	8F07 : A8;
	8F08 : 35;
	8F09 : 1A;
	8F0A : BB;
	8F0B : 04;
	8F0C : 51;
	8F0D : AC;
	8F0E : A0;
	8F0F : 43;
	8F10 : 8A;
	8F11 : BA;
	8F12 : 07;
	8F13 : 10;
	8F14 : AB;
	8F15 : 92;
	8F16 : 42;
	8F17 : 8C;
	8F18 : B8;
	8F19 : 25;
	8F1A : 18;
	8F1B : CB;
	8F1C : 03;
	8F1D : 51;
	8F1E : AB;
	8F1F : B0;
	8F20 : 44;
	8F21 : 09;
	8F22 : D9;
	8F23 : 02;
	8F24 : 20;
	8F25 : AB;
	8F26 : A1;
	8F27 : 52;
	8F28 : 0B;
	8F29 : BA;
	8F2A : 36;
	8F2B : 18;
	8F2C : BB;
	8F2D : 82;
	8F2E : 62;
	8F2F : AB;
	8F30 : B8;
	8F31 : 36;
	8F32 : 2A;
	8F33 : C9;
	8F34 : 83;
	8F35 : 41;
	8F36 : AC;
	8F37 : A0;
	8F38 : 43;
	8F39 : 0B;
	8F3A : CA;
	8F3B : 15;
	8F3C : 38;
	8F3D : CA;
	8F3E : 91;
	8F3F : 52;
	8F40 : 8C;
	8F41 : A9;
	8F42 : 33;
	8F43 : 28;
	8F44 : DB;
	8F45 : 83;
	8F46 : 42;
	8F47 : 9D;
	8F48 : A8;
	8F49 : 23;
	8F4A : 09;
	8F4B : CA;
	8F4C : 04;
	8F4D : 31;
	8F4E : BD;
	8F4F : 91;
	8F50 : 40;
	8F51 : 42;
	8F52 : 8B;
	8F53 : B9;
	8F54 : 26;
	8F55 : 10;
	8F56 : BB;
	8F57 : 92;
	8F58 : 52;
	8F59 : 8D;
	8F5A : A8;
	8F5B : 34;
	8F5C : 19;
	8F5D : CB;
	8F5E : 04;
	8F5F : 30;
	8F60 : AC;
	8F61 : A0;
	8F62 : 43;
	8F63 : 0A;
	8F64 : D9;
	8F65 : 04;
	8F66 : 38;
	8F67 : AE;
	8F68 : 92;
	8F69 : 23;
	8F6A : 8C;
	8F6B : BA;
	8F6C : 01;
	8F6D : 00;
	8F6E : 01;
	8F6F : 00;
	8F70 : 00;
	8F71 : 00;
	8F72 : 00;
	8F73 : 00;
	8F74 : 00;
	8F75 : 00;
	8F76 : 88;
	8F77 : 00;
	8F78 : 80;
	8F79 : 08;
	8F7A : 08;
	8F7B : 00;
	8F7C : 88;
	8F7D : 08;
	8F7E : 08;
	8F7F : 08;
	8F80 : 08;
	8F81 : 08;
	8F82 : 80;
	8F83 : 80;
	8F84 : 80;
	8F85 : 88;
	8F86 : 08;
	8F87 : 08;
	8F88 : 08;
	8F89 : 80;
	8F8A : 80;
	8F8B : 80;
	8F8C : 80;
	8F8D : 80;
	8F8E : 80;
	8F8F : 80;
	8F90 : 80;
	8F91 : 00;
	8F92 : 00;
	8F93 : 00;
	8F94 : 00;
	8F95 : 00;
	8F96 : 00;
	8F97 : 00;
	8F98 : 00;
	8F99 : 00;
	8F9A : 00;
	8F9B : 00;
	8F9C : 00;
	8F9D : 00;
	8F9E : 00;
	8F9F : 00;
	8FA0 : 7F;
	8FA1 : 00;
	8FA2 : 80;
	8FA3 : 80;
	8FA4 : 80;
	8FA5 : 80;
	8FA6 : 80;
	8FA7 : 80;
	8FA8 : 80;
	8FA9 : 80;
	8FAA : 80;
	8FAB : 80;
	8FAC : 80;
	8FAD : 80;
	8FAE : 80;
	8FAF : 80;
	8FB0 : 80;
	8FB1 : 09;
	8FB2 : A9;
	8FB3 : 16;
	8FB4 : 4A;
	8FB5 : D9;
	8FB6 : 29;
	8FB7 : D4;
	8FB8 : 52;
	8FB9 : 20;
	8FBA : 9C;
	8FBB : FF;
	8FBC : 00;
	8FBD : 18;
	8FBE : A9;
	8FBF : 81;
	8FC0 : 00;
	8FC1 : 26;
	8FC2 : 32;
	8FC3 : 8B;
	8FC4 : FC;
	8FC5 : 80;
	8FC6 : 21;
	8FC7 : 98;
	8FC8 : 24;
	8FC9 : 36;
	8FCA : 22;
	8FCB : 21;
	8FCC : 08;
	8FCD : DE;
	8FCE : A9;
	8FCF : 11;
	8FD0 : 09;
	8FD1 : BD;
	8FD2 : 98;
	8FD3 : 10;
	8FD4 : 00;
	8FD5 : 23;
	8FD6 : 52;
	8FD7 : 20;
	8FD8 : 9C;
	8FD9 : CA;
	8FDA : 90;
	8FDB : 34;
	8FDC : 09;
	8FDD : B9;
	8FDE : 14;
	8FDF : 34;
	8FE0 : 22;
	8FE1 : 21;
	8FE2 : 09;
	8FE3 : 81;
	8FE4 : 9D;
	8FE5 : FF;
	8FE6 : B9;
	8FE7 : 81;
	8FE8 : 11;
	8FE9 : 88;
	8FEA : 9A;
	8FEB : 99;
	8FEC : 01;
	8FED : 13;
	8FEE : 20;
	8FEF : 01;
	8FF0 : 45;
	8FF1 : 53;
	8FF2 : 33;
	8FF3 : 31;
	8FF4 : 8A;
	8FF5 : EC;
	8FF6 : CA;
	8FF7 : B9;
	8FF8 : 81;
	8FF9 : 35;
	8FFA : 21;
	8FFB : 8A;
	8FFC : A9;
	8FFD : 02;
	8FFE : 44;
	8FFF : 34;
	9000 : 42;
	9001 : 33;
	9002 : 20;
	9003 : 08;
	9004 : 98;
	9005 : 98;
	9006 : A9;
	9007 : A9;
	9008 : BE;
	9009 : BD;
	900A : CC;
	900B : CB;
	900C : CB;
	900D : BA;
	900E : 99;
	900F : 90;
	9010 : 01;
	9011 : 23;
	9012 : 42;
	9013 : 34;
	9014 : 12;
	9015 : 00;
	9016 : 9A;
	9017 : DC;
	9018 : BC;
	9019 : CA;
	901A : BB;
	901B : 91;
	901C : 11;
	901D : 31;
	901E : 22;
	901F : 33;
	9020 : 7F;
	9021 : 24;
	9022 : 23;
	9023 : 34;
	9024 : 33;
	9025 : 42;
	9026 : 42;
	9027 : 24;
	9028 : 22;
	9029 : 33;
	902A : 34;
	902B : 23;
	902C : 33;
	902D : 43;
	902E : 24;
	902F : 22;
	9030 : 33;
	9031 : 22;
	9032 : 22;
	9033 : 14;
	9034 : 22;
	9035 : 10;
	9036 : 89;
	9037 : A9;
	9038 : 98;
	9039 : 00;
	903A : 02;
	903B : 34;
	903C : 44;
	903D : 35;
	903E : 33;
	903F : 43;
	9040 : 33;
	9041 : 32;
	9042 : 32;
	9043 : 20;
	9044 : 09;
	9045 : AC;
	9046 : DB;
	9047 : FB;
	9048 : BD;
	9049 : BB;
	904A : DA;
	904B : BC;
	904C : CC;
	904D : AA;
	904E : 98;
	904F : 81;
	9050 : 34;
	9051 : 43;
	9052 : 33;
	9053 : 31;
	9054 : 09;
	9055 : CB;
	9056 : CC;
	9057 : 99;
	9058 : 00;
	9059 : 24;
	905A : 35;
	905B : 33;
	905C : 42;
	905D : 33;
	905E : 33;
	905F : 23;
	9060 : 22;
	9061 : 00;
	9062 : 0A;
	9063 : BE;
	9064 : BB;
	9065 : BA;
	9066 : 98;
	9067 : BF;
	9068 : FF;
	9069 : CC;
	906A : BB;
	906B : AB;
	906C : 88;
	906D : 02;
	906E : 34;
	906F : 41;
	9070 : 22;
	9071 : 00;
	9072 : 9A;
	9073 : A9;
	9074 : B9;
	9075 : 12;
	9076 : 45;
	9077 : 23;
	9078 : 21;
	9079 : 00;
	907A : 35;
	907B : 55;
	907C : 35;
	907D : 33;
	907E : 20;
	907F : 8C;
	9080 : CD;
	9081 : CB;
	9082 : A9;
	9083 : 82;
	9084 : 43;
	9085 : 12;
	9086 : 89;
	9087 : 88;
	9088 : 14;
	9089 : 34;
	908A : 43;
	908B : 42;
	908C : 23;
	908D : 21;
	908E : 10;
	908F : 10;
	9090 : 8B;
	9091 : FE;
	9092 : DB;
	9093 : BB;
	9094 : A0;
	9095 : 01;
	9096 : 22;
	9097 : 1A;
	9098 : DD;
	9099 : BB;
	909A : A0;
	909B : 13;
	909C : 31;
	909D : 14;
	909E : 45;
	909F : 32;
	90A0 : 7F;
	90A1 : 31;
	90A2 : 8A;
	90A3 : DC;
	90A4 : BA;
	90A5 : 91;
	90A6 : 42;
	90A7 : 29;
	90A8 : A9;
	90A9 : 92;
	90AA : 44;
	90AB : 34;
	90AC : 32;
	90AD : 28;
	90AE : 99;
	90AF : 80;
	90B0 : BF;
	90B1 : FF;
	90B2 : A8;
	90B3 : 00;
	90B4 : 10;
	90B5 : 08;
	90B6 : 9A;
	90B7 : 90;
	90B8 : 12;
	90B9 : 12;
	90BA : 35;
	90BB : 53;
	90BC : 20;
	90BD : 8B;
	90BE : CD;
	90BF : B8;
	90C0 : 82;
	90C1 : 41;
	90C2 : 99;
	90C3 : 82;
	90C4 : 36;
	90C5 : 33;
	90C6 : 52;
	90C7 : 20;
	90C8 : 00;
	90C9 : BF;
	90CA : DA;
	90CB : 98;
	90CC : 11;
	90CD : 89;
	90CE : BD;
	90CF : 98;
	90D0 : 00;
	90D1 : 11;
	90D2 : 25;
	90D3 : 31;
	90D4 : 09;
	90D5 : CC;
	90D6 : 98;
	90D7 : 32;
	90D8 : 1B;
	90D9 : A8;
	90DA : 45;
	90DB : 23;
	90DC : 21;
	90DD : 08;
	90DE : 80;
	90DF : EF;
	90E0 : DA;
	90E1 : 81;
	90E2 : 10;
	90E3 : 0A;
	90E4 : 90;
	90E5 : 11;
	90E6 : 82;
	90E7 : 63;
	90E8 : 31;
	90E9 : 9D;
	90EA : DA;
	90EB : 03;
	90EC : 10;
	90ED : 81;
	90EE : 35;
	90EF : 33;
	90F0 : 42;
	90F1 : 11;
	90F2 : 9C;
	90F3 : FB;
	90F4 : 90;
	90F5 : 11;
	90F6 : AB;
	90F7 : E9;
	90F8 : 01;
	90F9 : 11;
	90FA : 34;
	90FB : 20;
	90FC : AD;
	90FD : A0;
	90FE : 21;
	90FF : A8;
	9100 : 23;
	9101 : 53;
	9102 : 28;
	9103 : 90;
	9104 : AF;
	9105 : FA;
	9106 : 80;
	9107 : 10;
	9108 : A9;
	9109 : 81;
	910A : 02;
	910B : 44;
	910C : 30;
	910D : 9C;
	910E : C9;
	910F : 03;
	9110 : 08;
	9111 : 02;
	9112 : 23;
	9113 : 18;
	9114 : 9A;
	9115 : BB;
	9116 : 88;
	9117 : 08;
	9118 : 80;
	9119 : 08;
	911A : 88;
	911B : 80;
	911C : 88;
	911D : 88;
	911E : 88;
	911F : 88;
	9120 : 7F;
	9121 : 08;
	9122 : 88;
	9123 : 80;
	9124 : 80;
	9125 : 88;
	9126 : 08;
	9127 : 08;
	9128 : 80;
	9129 : 88;
	912A : 08;
	912B : 08;
	912C : 08;
	912D : 08;
	912E : 00;
	912F : 88;
	9130 : 00;
	9131 : 88;
	9132 : 08;
	9133 : 00;
	9134 : 88;
	9135 : 08;
	9136 : 08;
	9137 : 08;
	9138 : 08;
	9139 : 08;
	913A : 08;
	913B : 08;
	913C : 08;
	913D : 08;
	913E : 08;
	913F : 08;
	9140 : 08;
	9141 : 08;
	9142 : 00;
	9143 : 57;
	9144 : 1C;
	9145 : 10;
	9146 : EA;
	9147 : 05;
	9148 : 2E;
	9149 : 92;
	914A : A6;
	914B : 20;
	914C : BF;
	914D : 90;
	914E : A9;
	914F : 24;
	9150 : 4C;
	9151 : C1;
	9152 : 00;
	9153 : 72;
	9154 : 10;
	9155 : C9;
	9156 : 09;
	9157 : B0;
	9158 : 13;
	9159 : 3C;
	915A : A2;
	915B : 81;
	915C : 71;
	915D : 09;
	915E : F9;
	915F : 19;
	9160 : A1;
	9161 : 13;
	9162 : 1D;
	9163 : 91;
	9164 : 01;
	9165 : 72;
	9166 : 09;
	9167 : C8;
	9168 : 1A;
	9169 : B8;
	916A : 02;
	916B : 38;
	916C : C8;
	916D : 19;
	916E : 06;
	916F : 11;
	9170 : 8C;
	9171 : D9;
	9172 : 18;
	9173 : 98;
	9174 : 13;
	9175 : 48;
	9176 : E9;
	9177 : 20;
	9178 : 15;
	9179 : 23;
	917A : 0B;
	917B : D8;
	917C : 0A;
	917D : B8;
	917E : 23;
	917F : 58;
	9180 : BA;
	9181 : 21;
	9182 : 93;
	9183 : 43;
	9184 : 00;
	9185 : CE;
	9186 : D0;
	9187 : 19;
	9188 : A0;
	9189 : 12;
	918A : 41;
	918B : 9D;
	918C : 92;
	918D : 08;
	918E : 43;
	918F : 42;
	9190 : 0B;
	9191 : F9;
	9192 : 18;
	9193 : AB;
	9194 : 00;
	9195 : 24;
	9196 : 0B;
	9197 : B1;
	9198 : 2A;
	9199 : 84;
	919A : 32;
	919B : 38;
	919C : 8D;
	919D : FD;
	919E : 01;
	919F : 88;
	91A0 : 7F;
	91A1 : 91;
	91A2 : 00;
	91A3 : 34;
	91A4 : 0A;
	91A5 : E8;
	91A6 : 20;
	91A7 : 81;
	91A8 : 43;
	91A9 : 33;
	91AA : 08;
	91AB : FB;
	91AC : 81;
	91AD : 8A;
	91AE : D8;
	91AF : 10;
	91B0 : 23;
	91B1 : 21;
	91B2 : BD;
	91B3 : 91;
	91B4 : 29;
	91B5 : 80;
	91B6 : 44;
	91B7 : 20;
	91B8 : 80;
	91B9 : 8F;
	91BA : DA;
	91BB : 01;
	91BC : 88;
	91BD : A9;
	91BE : 02;
	91BF : 14;
	91C0 : 42;
	91C1 : 0A;
	91C2 : DB;
	91C3 : 02;
	91C4 : 19;
	91C5 : 05;
	91C6 : 43;
	91C7 : 32;
	91C8 : 18;
	91C9 : AE;
	91CA : D9;
	91CB : 91;
	91CC : 00;
	91CD : AB;
	91CE : C9;
	91CF : 01;
	91D0 : 01;
	91D1 : 34;
	91D2 : 31;
	91D3 : 9C;
	91D4 : CA;
	91D5 : 13;
	91D6 : 2A;
	91D7 : B8;
	91D8 : 44;
	91D9 : 42;
	91DA : 20;
	91DB : 88;
	91DC : 0C;
	91DD : FF;
	91DE : 98;
	91DF : 11;
	91E0 : 88;
	91E1 : 88;
	91E2 : 80;
	91E3 : 11;
	91E4 : 80;
	91E5 : 13;
	91E6 : 54;
	91E7 : 20;
	91E8 : 8A;
	91E9 : DC;
	91EA : A8;
	91EB : 12;
	91EC : 31;
	91ED : 88;
	91EE : 03;
	91EF : 44;
	91F0 : 43;
	91F1 : 23;
	91F2 : 21;
	91F3 : 11;
	91F4 : 9C;
	91F5 : FE;
	91F6 : A9;
	91F7 : 80;
	91F8 : 11;
	91F9 : 09;
	91FA : AA;
	91FB : BB;
	91FC : C9;
	91FD : 00;
	91FE : 22;
	91FF : 31;
	9200 : 02;
	9201 : 44;
	9202 : 44;
	9203 : 23;
	9204 : 11;
	9205 : 89;
	9206 : CD;
	9207 : BC;
	9208 : 9A;
	9209 : 01;
	920A : 33;
	920B : 21;
	920C : AB;
	920D : B9;
	920E : 14;
	920F : 44;
	9210 : 34;
	9211 : 21;
	9212 : 11;
	9213 : 10;
	9214 : 08;
	9215 : 99;
	9216 : AC;
	9217 : BA;
	9218 : C9;
	9219 : 99;
	921A : 88;
	921B : 9A;
	921C : EE;
	921D : CD;
	921E : BC;
	921F : BC;
	9220 : 7F;
	9221 : AB;
	9222 : 99;
	9223 : 88;
	9224 : 11;
	9225 : 34;
	9226 : 24;
	9227 : 33;
	9228 : 32;
	9229 : 22;
	922A : 01;
	922B : 11;
	922C : 01;
	922D : 20;
	922E : 11;
	922F : 11;
	9230 : 01;
	9231 : 00;
	9232 : 00;
	9233 : 00;
	9234 : 00;
	9235 : 00;
	9236 : 08;
	9237 : 08;
	9238 : 08;
	9239 : 08;
	923A : 08;
	923B : 00;
	923C : 80;
	923D : 00;
	923E : 80;
	923F : 00;
	9240 : 00;
	9241 : 81;
	9242 : 09;
	9243 : C9;
	9244 : 90;
	9245 : 12;
	9246 : 34;
	9247 : 43;
	9248 : 43;
	9249 : 42;
	924A : 23;
	924B : 22;
	924C : 20;
	924D : 20;
	924E : 11;
	924F : 22;
	9250 : 44;
	9251 : 35;
	9252 : 33;
	9253 : 53;
	9254 : 34;
	9255 : 32;
	9256 : 31;
	9257 : 21;
	9258 : 28;
	9259 : 89;
	925A : BB;
	925B : AC;
	925C : FD;
	925D : CB;
	925E : CC;
	925F : BC;
	9260 : BB;
	9261 : BB;
	9262 : A9;
	9263 : 80;
	9264 : 35;
	9265 : 43;
	9266 : 43;
	9267 : 21;
	9268 : 09;
	9269 : 9A;
	926A : AA;
	926B : A9;
	926C : 03;
	926D : 55;
	926E : 35;
	926F : 33;
	9270 : 34;
	9271 : 34;
	9272 : 34;
	9273 : 42;
	9274 : 41;
	9275 : 10;
	9276 : 88;
	9277 : 88;
	9278 : 99;
	9279 : CD;
	927A : DD;
	927B : CC;
	927C : AB;
	927D : A9;
	927E : 80;
	927F : 01;
	9280 : 13;
	9281 : 31;
	9282 : 10;
	9283 : AC;
	9284 : DB;
	9285 : CB;
	9286 : BA;
	9287 : 90;
	9288 : 23;
	9289 : 52;
	928A : 12;
	928B : 22;
	928C : 64;
	928D : 43;
	928E : 23;
	928F : 20;
	9290 : 8B;
	9291 : DC;
	9292 : CA;
	9293 : 99;
	9294 : 13;
	9295 : 43;
	9296 : 29;
	9297 : AC;
	9298 : 98;
	9299 : 13;
	929A : 45;
	929B : 23;
	929C : 33;
	929D : 22;
	929E : 08;
	929F : 9A;
	92A0 : 7F;
	92A1 : 99;
	92A2 : 09;
	92A3 : FE;
	92A4 : FE;
	92A5 : A9;
	92A6 : 80;
	92A7 : 11;
	92A8 : 11;
	92A9 : 08;
	92AA : 99;
	92AB : 98;
	92AC : 12;
	92AD : 22;
	92AE : 00;
	92AF : 46;
	92B0 : 43;
	92B1 : 42;
	92B2 : 08;
	92B3 : BD;
	92B4 : CC;
	92B5 : A0;
	92B6 : 12;
	92B7 : 32;
	92B8 : 88;
	92B9 : 80;
	92BA : 24;
	92BB : 44;
	92BC : 43;
	92BD : 22;
	92BE : 21;
	92BF : 10;
	92C0 : AF;
	92C1 : DC;
	92C2 : B8;
	92C3 : 81;
	92C4 : 10;
	92C5 : 0B;
	92C6 : CC;
	92C7 : B8;
	92C8 : 02;
	92C9 : 20;
	92CA : 22;
	92CB : 63;
	92CC : 32;
	92CD : 19;
	92CE : DC;
	92CF : B9;
	92D0 : 02;
	92D1 : 31;
	92D2 : 9B;
	92D3 : 81;
	92D4 : 54;
	92D5 : 34;
	92D6 : 20;
	92D7 : 98;
	92D8 : 09;
	92D9 : DF;
	92DA : E9;
	92DB : 80;
	92DC : 01;
	92DD : 88;
	92DE : 99;
	92DF : 91;
	92E0 : 11;
	92E1 : 23;
	92E2 : 55;
	92E3 : 20;
	92E4 : 8A;
	92E5 : DB;
	92E6 : A0;
	92E7 : 23;
	92E8 : 09;
	92E9 : 92;
	92EA : 53;
	92EB : 54;
	92EC : 32;
	92ED : 01;
	92EE : 8B;
	92EF : FD;
	92F0 : 98;
	92F1 : 01;
	92F2 : 89;
	92F3 : CB;
	92F4 : 88;
	92F5 : 11;
	92F6 : 13;
	92F7 : 43;
	92F8 : 09;
	92F9 : CC;
	92FA : A1;
	92FB : 31;
	92FC : 9B;
	92FD : 04;
	92FE : 52;
	92FF : 31;
	9300 : 00;
	9301 : 88;
	9302 : CF;
	9303 : EA;
	9304 : 80;
	9305 : 20;
	9306 : 99;
	9307 : 91;
	9308 : 10;
	9309 : 26;
	930A : 33;
	930B : 8D;
	930C : CA;
	930D : 03;
	930E : 29;
	930F : 03;
	9310 : 44;
	9311 : 33;
	9312 : 22;
	9313 : 0B;
	9314 : FE;
	9315 : 90;
	9316 : 10;
	9317 : 9B;
	9318 : B9;
	9319 : 12;
	931A : 13;
	931B : 43;
	931C : 29;
	931D : DB;
	931E : 81;
	931F : 28;
	9320 : 7F;
	9321 : 90;
	9322 : 11;
	9323 : 09;
	9324 : 99;
	9325 : 80;
	9326 : 88;
	9327 : 80;
	9328 : 09;
	9329 : 00;
	932A : 88;
	932B : 90;
	932C : 09;
	932D : 88;
	932E : 08;
	932F : 80;
	9330 : 88;
	9331 : 80;
	9332 : 80;
	9333 : 80;
	9334 : 88;
	9335 : 08;
	9336 : 00;
	9337 : 80;
	9338 : 90;
	9339 : 08;
	933A : 08;
	933B : 08;
	933C : 08;
	933D : 80;
	933E : 80;
	933F : 80;
	9340 : 80;
	9341 : 88;
	9342 : 00;
	9343 : 88;
	9344 : 08;
	9345 : 08;
	9346 : 08;
	9347 : 00;
	9348 : 80;
	9349 : 80;
	934A : 80;
	934B : 80;
	934C : 80;
	934D : 80;
	934E : 80;
	934F : 80;
	9350 : 80;
	9351 : 47;
	9352 : 2C;
	9353 : 81;
	9354 : FB;
	9355 : 33;
	9356 : 3E;
	9357 : A2;
	9358 : A5;
	9359 : 50;
	935A : AF;
	935B : A1;
	935C : B9;
	935D : 26;
	935E : 2C;
	935F : B0;
	9360 : 12;
	9361 : 63;
	9362 : 38;
	9363 : EA;
	9364 : 18;
	9365 : C0;
	9366 : 12;
	9367 : 2B;
	9368 : A2;
	9369 : 81;
	936A : 71;
	936B : 0A;
	936C : F9;
	936D : 19;
	936E : 91;
	936F : 04;
	9370 : 0B;
	9371 : 91;
	9372 : 02;
	9373 : 72;
	9374 : 19;
	9375 : D0;
	9376 : 8A;
	9377 : A8;
	9378 : 11;
	9379 : 39;
	937A : C0;
	937B : 19;
	937C : 16;
	937D : 10;
	937E : 8E;
	937F : C0;
	9380 : 08;
	9381 : 88;
	9382 : 13;
	9383 : 3A;
	9384 : E8;
	9385 : 20;
	9386 : 25;
	9387 : 22;
	9388 : 0C;
	9389 : C1;
	938A : 8B;
	938B : B1;
	938C : 14;
	938D : 39;
	938E : C8;
	938F : 28;
	9390 : 83;
	9391 : 42;
	9392 : 08;
	9393 : CF;
	9394 : A0;
	9395 : 09;
	9396 : 90;
	9397 : 13;
	9398 : 50;
	9399 : AD;
	939A : 82;
	939B : 00;
	939C : 44;
	939D : 21;
	939E : 8C;
	939F : C8;
	93A0 : 7F;
	93A1 : 08;
	93A2 : D8;
	93A3 : 81;
	93A4 : 22;
	93A5 : 8B;
	93A6 : B3;
	93A7 : 1B;
	93A8 : 05;
	93A9 : 23;
	93AA : 00;
	93AB : 9E;
	93AC : EA;
	93AD : 01;
	93AE : 99;
	93AF : 00;
	93B0 : 02;
	93B1 : 54;
	93B2 : 8C;
	93B3 : B0;
	93B4 : 38;
	93B5 : 03;
	93B6 : 54;
	93B7 : 21;
	93B8 : 0A;
	93B9 : FA;
	93BA : 01;
	93BB : 8B;
	93BC : A8;
	93BD : 12;
	93BE : 34;
	93BF : 19;
	93C0 : DA;
	93C1 : 12;
	93C2 : 89;
	93C3 : 03;
	93C4 : 43;
	93C5 : 28;
	93C6 : 80;
	93C7 : DF;
	93C8 : C8;
	93C9 : 01;
	93CA : 89;
	93CB : A8;
	93CC : 11;
	93CD : 35;
	93CE : 31;
	93CF : AC;
	93D0 : C9;
	93D1 : 31;
	93D2 : 98;
	93D3 : 35;
	93D4 : 43;
	93D5 : 31;
	93D6 : 89;
	93D7 : EC;
	93D8 : A8;
	93D9 : 02;
	93DA : 8B;
	93DB : CA;
	93DC : 90;
	93DD : 10;
	93DE : 24;
	93DF : 32;
	93E0 : 1A;
	93E1 : DB;
	93E2 : A2;
	93E3 : 31;
	93E4 : AC;
	93E5 : 23;
	93E6 : 54;
	93E7 : 21;
	93E8 : 80;
	93E9 : 89;
	93EA : BF;
	93EB : FB;
	93EC : 00;
	93ED : 10;
	93EE : 89;
	93EF : 90;
	93F0 : 20;
	93F1 : 00;
	93F2 : 14;
	93F3 : 43;
	93F4 : 41;
	93F5 : 0A;
	93F6 : CC;
	93F7 : C9;
	93F8 : 02;
	93F9 : 31;
	93FA : 09;
	93FB : 02;
	93FC : 44;
	93FD : 34;
	93FE : 33;
	93FF : 22;
	9400 : 10;
	9401 : 0A;
	9402 : FF;
	9403 : BA;
	9404 : 80;
	9405 : 02;
	9406 : 09;
	9407 : BA;
	9408 : BC;
	9409 : 9A;
	940A : 01;
	940B : 33;
	940C : 11;
	940D : 13;
	940E : 45;
	940F : 34;
	9410 : 33;
	9411 : 10;
	9412 : 8B;
	9413 : DC;
	9414 : CB;
	9415 : A9;
	9416 : 12;
	9417 : 52;
	9418 : 08;
	9419 : 9B;
	941A : 98;
	941B : 22;
	941C : 54;
	941D : 23;
	941E : 42;
	941F : 10;
	9420 : 7F;
	9421 : 88;
	9422 : AA;
	9423 : 9B;
	9424 : AB;
	9425 : 99;
	9426 : 98;
	9427 : 9A;
	9428 : CF;
	9429 : DC;
	942A : BD;
	942B : BB;
	942C : CA;
	942D : B9;
	942E : 98;
	942F : 01;
	9430 : 32;
	9431 : 43;
	9432 : 43;
	9433 : 23;
	9434 : 32;
	9435 : 10;
	9436 : 89;
	9437 : AC;
	9438 : BB;
	9439 : 81;
	943A : 31;
	943B : 13;
	943C : 22;
	943D : 21;
	943E : 22;
	943F : 12;
	9440 : 12;
	9441 : 21;
	9442 : 21;
	9443 : 12;
	9444 : 12;
	9445 : 12;
	9446 : 12;
	9447 : 12;
	9448 : 12;
	9449 : 20;
	944A : 21;
	944B : 12;
	944C : 11;
	944D : 12;
	944E : 11;
	944F : 11;
	9450 : 33;
	9451 : 13;
	9452 : 31;
	9453 : 12;
	9454 : 00;
	9455 : 08;
	9456 : 00;
	9457 : 01;
	9458 : 11;
	9459 : 33;
	945A : 35;
	945B : 34;
	945C : 35;
	945D : 23;
	945E : 12;
	945F : 31;
	9460 : 11;
	9461 : 08;
	9462 : AA;
	9463 : AB;
	9464 : CB;
	9465 : EB;
	9466 : DA;
	9467 : BD;
	9468 : AC;
	9469 : CB;
	946A : DA;
	946B : BB;
	946C : BA;
	946D : A9;
	946E : 01;
	946F : 54;
	9470 : 34;
	9471 : 32;
	9472 : 20;
	9473 : 08;
	9474 : AA;
	9475 : AB;
	9476 : 98;
	9477 : 24;
	9478 : 63;
	9479 : 43;
	947A : 43;
	947B : 35;
	947C : 23;
	947D : 23;
	947E : 33;
	947F : 43;
	9480 : 11;
	9481 : 32;
	9482 : 98;
	9483 : 9A;
	9484 : AC;
	9485 : EF;
	9486 : CD;
	9487 : CB;
	9488 : BB;
	9489 : B9;
	948A : 80;
	948B : 02;
	948C : 33;
	948D : 32;
	948E : 00;
	948F : BD;
	9490 : DC;
	9491 : BB;
	9492 : AA;
	9493 : 91;
	9494 : 23;
	9495 : 52;
	9496 : 21;
	9497 : 22;
	9498 : 45;
	9499 : 44;
	949A : 33;
	949B : 21;
	949C : 19;
	949D : 9E;
	949E : BC;
	949F : BA;
	94A0 : 7F;
	94A1 : 81;
	94A2 : 35;
	94A3 : 30;
	94A4 : 0A;
	94A5 : C9;
	94A6 : 91;
	94A7 : 34;
	94A8 : 43;
	94A9 : 34;
	94AA : 22;
	94AB : 11;
	94AC : 89;
	94AD : 98;
	94AE : A0;
	94AF : 9E;
	94B0 : FD;
	94B1 : CC;
	94B2 : AA;
	94B3 : 80;
	94B4 : 13;
	94B5 : 21;
	94B6 : 09;
	94B7 : 9A;
	94B8 : A8;
	94B9 : 24;
	94BA : 22;
	94BB : 82;
	94BC : 56;
	94BD : 43;
	94BE : 32;
	94BF : 19;
	94C0 : CE;
	94C1 : BC;
	94C2 : 98;
	94C3 : 23;
	94C4 : 22;
	94C5 : 89;
	94C6 : 81;
	94C7 : 34;
	94C8 : 44;
	94C9 : 34;
	94CA : 22;
	94CB : 31;
	94CC : 11;
	94CD : 8D;
	94CE : FD;
	94CF : A9;
	94D0 : 80;
	94D1 : 11;
	94D2 : 89;
	94D3 : CB;
	94D4 : BA;
	94D5 : 01;
	94D6 : 31;
	94D7 : 12;
	94D8 : 64;
	94D9 : 22;
	94DA : 28;
	94DB : BD;
	94DC : CA;
	94DD : 01;
	94DE : 31;
	94DF : 99;
	94E0 : A1;
	94E1 : 24;
	94E2 : 53;
	94E3 : 33;
	94E4 : 89;
	94E5 : 80;
	94E6 : AF;
	94E7 : FD;
	94E8 : 98;
	94E9 : 01;
	94EA : 10;
	94EB : 9A;
	94EC : 98;
	94ED : 02;
	94EE : 11;
	94EF : 45;
	94F0 : 32;
	94F1 : 1A;
	94F2 : BD;
	94F3 : C9;
	94F4 : 03;
	94F5 : 10;
	94F6 : 99;
	94F7 : 25;
	94F8 : 43;
	94F9 : 43;
	94FA : 21;
	94FB : 18;
	94FC : BF;
	94FD : F9;
	94FE : 08;
	94FF : 18;
	9500 : 9A;
	9501 : B9;
	9502 : 01;
	9503 : 01;
	9504 : 35;
	9505 : 21;
	9506 : 9C;
	9507 : B9;
	9508 : 04;
	9509 : 09;
	950A : A0;
	950B : 35;
	950C : 33;
	950D : 21;
	950E : 88;
	950F : 9E;
	9510 : FD;
	9511 : 98;
	9512 : 11;
	9513 : 09;
	9514 : 98;
	9515 : 10;
	9516 : 02;
	9517 : 54;
	9518 : 28;
	9519 : BD;
	951A : B1;
	951B : 21;
	951C : 00;
	951D : 26;
	951E : 33;
	951F : 32;
	9520 : 7F;
	9521 : 20;
	9522 : BF;
	9523 : D9;
	9524 : 81;
	9525 : 09;
	9526 : CA;
	9527 : 91;
	9528 : 10;
	9529 : 25;
	952A : 22;
	952B : 8B;
	952C : D8;
	952D : 02;
	952E : 89;
	952F : 01;
	9530 : 10;
	9531 : 09;
	9532 : 99;
	9533 : 90;
	9534 : 80;
	9535 : 90;
	9536 : 08;
	9537 : 90;
	9538 : 08;
	9539 : 88;
	953A : 80;
	953B : 88;
	953C : 08;
	953D : 08;
	953E : 08;
	953F : 80;
	9540 : 80;
	9541 : 80;
	9542 : 88;
	9543 : 00;
	9544 : 09;
	9545 : 08;
	9546 : 08;
	9547 : 00;
	9548 : 80;
	9549 : 80;
	954A : 80;
	954B : 80;
	954C : 80;
	954D : 80;
	954E : 80;
	954F : 80;
	9550 : 80;
	9551 : 80;
	9552 : 88;
	9553 : 00;
	9554 : 80;
	9555 : 80;
	9556 : 80;
	9557 : 80;
	9558 : 80;
	9559 : 80;
	955A : 80;
	955B : 88;
	955C : 00;
	955D : 80;
	955E : 80;
	955F : 81;
	9560 : 46;
	9561 : 9B;
	9562 : 28;
	9563 : FC;
	9564 : 25;
	9565 : 0D;
	9566 : 08;
	9567 : 06;
	9568 : 28;
	9569 : DD;
	956A : 00;
	956B : B1;
	956C : 14;
	956D : 2F;
	956E : 91;
	956F : 00;
	9570 : 62;
	9571 : 19;
	9572 : C8;
	9573 : 0A;
	9574 : A0;
	9575 : 24;
	9576 : 0B;
	9577 : 93;
	9578 : A3;
	9579 : 70;
	957A : 0B;
	957B : E8;
	957C : 0A;
	957D : 81;
	957E : 24;
	957F : 8D;
	9580 : 82;
	9581 : 94;
	9582 : 41;
	9583 : 1A;
	9584 : D0;
	9585 : 0B;
	9586 : A0;
	9587 : 11;
	9588 : 39;
	9589 : E0;
	958A : 19;
	958B : 14;
	958C : 10;
	958D : 9B;
	958E : F9;
	958F : 18;
	9590 : 90;
	9591 : 03;
	9592 : 5A;
	9593 : C8;
	9594 : 20;
	9595 : 26;
	9596 : 21;
	9597 : 0B;
	9598 : D0;
	9599 : 0B;
	959A : A0;
	959B : 23;
	959C : 49;
	959D : B9;
	959E : 38;
	959F : 94;
	95A0 : 7F;
	95A1 : 41;
	95A2 : 08;
	95A3 : AF;
	95A4 : C0;
	95A5 : 09;
	95A6 : 90;
	95A7 : 13;
	95A8 : 41;
	95A9 : BC;
	95AA : 92;
	95AB : 00;
	95AC : 63;
	95AD : 40;
	95AE : 0B;
	95AF : E9;
	95B0 : 18;
	95B1 : BA;
	95B2 : 00;
	95B3 : 33;
	95B4 : 0C;
	95B5 : B2;
	95B6 : 2B;
	95B7 : 85;
	95B8 : 33;
	95B9 : 00;
	95BA : 8F;
	95BB : DB;
	95BC : 01;
	95BD : 0A;
	95BE : 81;
	95BF : 10;
	95C0 : 54;
	95C1 : 8B;
	95C2 : C8;
	95C3 : 21;
	95C4 : 83;
	95C5 : 54;
	95C6 : 21;
	95C7 : 19;
	95C8 : EB;
	95C9 : 82;
	95CA : 9B;
	95CB : B8;
	95CC : 11;
	95CD : 43;
	95CE : 30;
	95CF : CC;
	95D0 : 92;
	95D1 : 29;
	95D2 : 91;
	95D3 : 44;
	95D4 : 20;
	95D5 : 00;
	95D6 : AD;
	95D7 : FC;
	95D8 : 00;
	95D9 : 18;
	95DA : A9;
	95DB : 01;
	95DC : 13;
	95DD : 62;
	95DE : 8A;
	95DF : CA;
	95E0 : 02;
	95E1 : 09;
	95E2 : 14;
	95E3 : 43;
	95E4 : 42;
	95E5 : 00;
	95E6 : AD;
	95E7 : CB;
	95E8 : 81;
	95E9 : 18;
	95EA : AC;
	95EB : BA;
	95EC : 01;
	95ED : 02;
	95EE : 35;
	95EF : 31;
	95F0 : 8C;
	95F1 : CA;
	95F2 : 12;
	95F3 : 29;
	95F4 : C1;
	95F5 : 24;
	95F6 : 33;
	95F7 : 30;
	95F8 : 88;
	95F9 : 0C;
	95FA : FF;
	95FB : B8;
	95FC : 02;
	95FD : 08;
	95FE : 89;
	95FF : 91;
	9600 : 11;
	9601 : 00;
	9602 : 14;
	9603 : 44;
	9604 : 32;
	9605 : 8A;
	9606 : EB;
	9607 : C9;
	9608 : 11;
	9609 : 32;
	960A : 88;
	960B : 02;
	960C : 44;
	960D : 42;
	960E : 41;
	960F : 21;
	9610 : 10;
	9611 : 0C;
	9612 : DD;
	9613 : BB;
	9614 : 00;
	9615 : 10;
	9616 : 00;
	9617 : 9A;
	9618 : BD;
	9619 : BB;
	961A : 98;
	961B : 12;
	961C : 32;
	961D : 21;
	961E : 24;
	961F : 54;
	9620 : 7F;
	9621 : 34;
	9622 : 22;
	9623 : 00;
	9624 : 9C;
	9625 : BE;
	9626 : BA;
	9627 : A8;
	9628 : 23;
	9629 : 42;
	962A : 09;
	962B : BA;
	962C : 91;
	962D : 24;
	962E : 52;
	962F : 12;
	9630 : 12;
	9631 : 22;
	9632 : 21;
	9633 : 00;
	9634 : 8A;
	9635 : BC;
	9636 : CB;
	9637 : BA;
	9638 : A9;
	9639 : 98;
	963A : 89;
	963B : CE;
	963C : CE;
	963D : BC;
	963E : BC;
	963F : BA;
	9640 : B9;
	9641 : 98;
	9642 : 01;
	9643 : 33;
	9644 : 44;
	9645 : 33;
	9646 : 33;
	9647 : 31;
	9648 : 22;
	9649 : 21;
	964A : 13;
	964B : 11;
	964C : 21;
	964D : 10;
	964E : 20;
	964F : 00;
	9650 : 10;
	9651 : 00;
	9652 : 08;
	9653 : 00;
	9654 : 08;
	9655 : 00;
	9656 : 90;
	9657 : 88;
	9658 : 08;
	9659 : 88;
	965A : 08;
	965B : 08;
	965C : 88;
	965D : 80;
	965E : 0A;
	965F : CA;
	9660 : BA;
	9661 : 99;
	9662 : 98;
	9663 : 00;
	9664 : 21;
	9665 : 32;
	9666 : 33;
	9667 : 34;
	9668 : 23;
	9669 : 22;
	966A : 21;
	966B : 11;
	966C : 10;
	966D : 11;
	966E : 11;
	966F : 23;
	9670 : 34;
	9671 : 34;
	9672 : 33;
	9673 : 52;
	9674 : 33;
	9675 : 22;
	9676 : 22;
	9677 : 31;
	9678 : 0A;
	9679 : AD;
	967A : DC;
	967B : BC;
	967C : CB;
	967D : CB;
	967E : D9;
	967F : A9;
	9680 : 99;
	9681 : 01;
	9682 : 33;
	9683 : 53;
	9684 : 32;
	9685 : 31;
	9686 : 89;
	9687 : BB;
	9688 : BB;
	9689 : B0;
	968A : 24;
	968B : 53;
	968C : 63;
	968D : 23;
	968E : 43;
	968F : 53;
	9690 : 42;
	9691 : 33;
	9692 : 21;
	9693 : 00;
	9694 : 99;
	9695 : 9A;
	9696 : 9F;
	9697 : CD;
	9698 : DB;
	9699 : DB;
	969A : AA;
	969B : 98;
	969C : 81;
	969D : 12;
	969E : 22;
	969F : 20;
	96A0 : 7F;
	96A1 : 0A;
	96A2 : CD;
	96A3 : BD;
	96A4 : AA;
	96A5 : A8;
	96A6 : 01;
	96A7 : 34;
	96A8 : 12;
	96A9 : 22;
	96AA : 45;
	96AB : 44;
	96AC : 22;
	96AD : 21;
	96AE : 89;
	96AF : AE;
	96B0 : BB;
	96B1 : BA;
	96B2 : 13;
	96B3 : 53;
	96B4 : 20;
	96B5 : 8C;
	96B6 : B9;
	96B7 : 02;
	96B8 : 44;
	96B9 : 42;
	96BA : 33;
	96BB : 22;
	96BC : 11;
	96BD : 99;
	96BE : A8;
	96BF : 98;
	96C0 : DF;
	96C1 : FD;
	96C2 : BA;
	96C3 : 98;
	96C4 : 12;
	96C5 : 21;
	96C6 : 00;
	96C7 : 99;
	96C8 : B8;
	96C9 : 03;
	96CA : 42;
	96CB : 00;
	96CC : 37;
	96CD : 44;
	96CE : 32;
	96CF : 28;
	96D0 : AD;
	96D1 : EA;
	96D2 : A8;
	96D3 : 02;
	96D4 : 32;
	96D5 : 08;
	96D6 : 88;
	96D7 : 24;
	96D8 : 44;
	96D9 : 35;
	96DA : 22;
	96DB : 12;
	96DC : 00;
	96DD : 9C;
	96DE : FD;
	96DF : A9;
	96E0 : 00;
	96E1 : 10;
	96E2 : 0A;
	96E3 : BD;
	96E4 : A9;
	96E5 : 01;
	96E6 : 21;
	96E7 : 03;
	96E8 : 44;
	96E9 : 32;
	96EA : 29;
	96EB : CC;
	96EC : C9;
	96ED : 81;
	96EE : 32;
	96EF : 9A;
	96F0 : 91;
	96F1 : 44;
	96F2 : 35;
	96F3 : 20;
	96F4 : 88;
	96F5 : 88;
	96F6 : BF;
	96F7 : FB;
	96F8 : 90;
	96F9 : 10;
	96FA : 08;
	96FB : 99;
	96FC : 90;
	96FD : 12;
	96FE : 23;
	96FF : 74;
	9700 : 20;
	9701 : 8A;
	9702 : CC;
	9703 : A0;
	9704 : 22;
	9705 : 09;
	9706 : 80;
	9707 : 44;
	9708 : 44;
	9709 : 32;
	970A : 10;
	970B : 0B;
	970C : FD;
	970D : A0;
	970E : 00;
	970F : 09;
	9710 : CA;
	9711 : 90;
	9712 : 00;
	9713 : 13;
	9714 : 52;
	9715 : 08;
	9716 : BD;
	9717 : 90;
	9718 : 22;
	9719 : 9B;
	971A : 04;
	971B : 43;
	971C : 22;
	971D : 08;
	971E : 80;
	971F : DF;
	9720 : 7F;
	9721 : EA;
	9722 : 01;
	9723 : 18;
	9724 : 99;
	9725 : 00;
	9726 : 10;
	9727 : 25;
	9728 : 33;
	9729 : 8D;
	972A : CA;
	972B : 03;
	972C : 29;
	972D : 03;
	972E : 54;
	972F : 23;
	9730 : 20;
	9731 : 1B;
	9732 : FD;
	9733 : 80;
	9734 : 00;
	9735 : AA;
	9736 : B9;
	9737 : 20;
	9738 : 13;
	9739 : 53;
	973A : 19;
	973B : BC;
	973C : 81;
	973D : 29;
	973E : 88;
	973F : 10;
	9740 : 18;
	9741 : 99;
	9742 : 89;
	9743 : 00;
	9744 : 88;
	9745 : 08;
	9746 : 89;
	9747 : 00;
	9748 : 90;
	9749 : 88;
	974A : 80;
	974B : 80;
	974C : 88;
	974D : 08;
	974E : 80;
	974F : 80;
	9750 : 80;
	9751 : 80;
	9752 : 88;
	9753 : 08;
	9754 : 08;
	9755 : 08;
	9756 : 08;
	9757 : 08;
	9758 : 08;
	9759 : 08;
	975A : 08;
	975B : 08;
	975C : 80;
	975D : 80;
	975E : 80;
	975F : 80;
	9760 : 08;
	9761 : 08;
	9762 : 08;
	9763 : 08;
	9764 : 08;
	9765 : 08;
	9766 : 08;
	9767 : 08;
	9768 : 08;
	9769 : 08;
	976A : 08;
	976B : 08;
	976C : 08;
	976D : 08;
	976E : 35;
	976F : 0C;
	9770 : 18;
	9771 : F9;
	9772 : 23;
	9773 : 1F;
	9774 : 81;
	9775 : 97;
	9776 : 18;
	9777 : BF;
	9778 : 80;
	9779 : B0;
	977A : 34;
	977B : 1F;
	977C : 91;
	977D : 02;
	977E : 52;
	977F : 2A;
	9780 : D8;
	9781 : 1B;
	9782 : B1;
	9783 : 15;
	9784 : 0B;
	9785 : 01;
	9786 : 93;
	9787 : 60;
	9788 : 0C;
	9789 : D8;
	978A : 1A;
	978B : 81;
	978C : 14;
	978D : 8D;
	978E : 01;
	978F : 83;
	9790 : 61;
	9791 : 8A;
	9792 : B0;
	9793 : 0B;
	9794 : D0;
	9795 : 11;
	9796 : 49;
	9797 : B0;
	9798 : 09;
	9799 : 25;
	979A : 10;
	979B : 9D;
	979C : D0;
	979D : 09;
	979E : 80;
	979F : 13;
	97A0 : 7F;
	97A1 : 4A;
	97A2 : D8;
	97A3 : 28;
	97A4 : 35;
	97A5 : 22;
	97A6 : 8C;
	97A7 : B1;
	97A8 : 0D;
	97A9 : A0;
	97AA : 23;
	97AB : 29;
	97AC : C8;
	97AD : 28;
	97AE : 83;
	97AF : 42;
	97B0 : 08;
	97B1 : CF;
	97B2 : B1;
	97B3 : 09;
	97B4 : A1;
	97B5 : 14;
	97B6 : 40;
	97B7 : BB;
	97B8 : 93;
	97B9 : 80;
	97BA : 73;
	97BB : 31;
	97BC : 8C;
	97BD : E0;
	97BE : 09;
	97BF : AA;
	97C0 : 01;
	97C1 : 23;
	97C2 : 8C;
	97C3 : A2;
	97C4 : 1A;
	97C5 : 03;
	97C6 : 52;
	97C7 : 18;
	97C8 : 9C;
	97C9 : FB;
	97CA : 00;
	97CB : 89;
	97CC : 80;
	97CD : 03;
	97CE : 63;
	97CF : 0E;
	97D0 : A0;
	97D1 : 10;
	97D2 : 02;
	97D3 : 43;
	97D4 : 41;
	97D5 : 1A;
	97D6 : EA;
	97D7 : 81;
	97D8 : 8C;
	97D9 : B0;
	97DA : 11;
	97DB : 35;
	97DC : 18;
	97DD : CA;
	97DE : 01;
	97DF : 1A;
	97E0 : 03;
	97E1 : 34;
	97E2 : 20;
	97E3 : 90;
	97E4 : AF;
	97E5 : F9;
	97E6 : 01;
	97E7 : 89;
	97E8 : 99;
	97E9 : 12;
	97EA : 04;
	97EB : 41;
	97EC : 8B;
	97ED : CA;
	97EE : 22;
	97EF : 98;
	97F0 : 16;
	97F1 : 34;
	97F2 : 21;
	97F3 : 08;
	97F4 : BF;
	97F5 : AA;
	97F6 : 01;
	97F7 : 08;
	97F8 : AD;
	97F9 : 99;
	97FA : 10;
	97FB : 02;
	97FC : 33;
	97FD : 20;
	97FE : AD;
	97FF : C8;
	9800 : 14;
	9801 : 8A;
	9802 : 91;
	9803 : 43;
	9804 : 32;
	9805 : 28;
	9806 : 08;
	9807 : AF;
	9808 : FC;
	9809 : 90;
	980A : 11;
	980B : 88;
	980C : 89;
	980D : 81;
	980E : 10;
	980F : 01;
	9810 : 35;
	9811 : 43;
	9812 : 20;
	9813 : 9D;
	9814 : CB;
	9815 : A8;
	9816 : 24;
	9817 : 20;
	9818 : 98;
	9819 : 23;
	981A : 53;
	981B : 52;
	981C : 22;
	981D : 11;
	981E : 10;
	981F : AD;
	9820 : 7F;
	9821 : FC;
	9822 : A9;
	9823 : 10;
	9824 : 10;
	9825 : 89;
	9826 : 9B;
	9827 : BC;
	9828 : A8;
	9829 : 01;
	982A : 22;
	982B : 21;
	982C : 13;
	982D : 53;
	982E : 54;
	982F : 21;
	9830 : 20;
	9831 : 99;
	9832 : DB;
	9833 : DA;
	9834 : A8;
	9835 : 02;
	9836 : 33;
	9837 : 28;
	9838 : AB;
	9839 : B8;
	983A : 25;
	983B : 44;
	983C : 23;
	983D : 32;
	983E : 01;
	983F : 10;
	9840 : 99;
	9841 : AB;
	9842 : BC;
	9843 : AA;
	9844 : A8;
	9845 : 98;
	9846 : 88;
	9847 : AC;
	9848 : EC;
	9849 : CB;
	984A : CC;
	984B : AB;
	984C : 99;
	984D : 98;
	984E : 00;
	984F : 23;
	9850 : 43;
	9851 : 43;
	9852 : 23;
	9853 : 23;
	9854 : 11;
	9855 : 00;
	9856 : 10;
	9857 : 10;
	9858 : 00;
	9859 : 00;
	985A : 00;
	985B : 00;
	985C : 00;
	985D : 08;
	985E : 00;
	985F : 80;
	9860 : 80;
	9861 : 80;
	9862 : 08;
	9863 : 08;
	9864 : 08;
	9865 : 08;
	9866 : 00;
	9867 : 80;
	9868 : 08;
	9869 : 00;
	986A : 80;
	986B : 00;
	986C : 00;
	986D : 09;
	986E : 08;
	986F : 00;
	9870 : 20;
	9871 : 11;
	9872 : 12;
	9873 : 11;
	9874 : 21;
	9875 : 01;
	9876 : 00;
	9877 : 00;
	9878 : 00;
	9879 : 10;
	987A : 11;
	987B : 21;
	987C : 22;
	987D : 32;
	987E : 23;
	987F : 22;
	9880 : 11;
	9881 : 10;
	9882 : 00;
	9883 : 09;
	9884 : 89;
	9885 : A9;
	9886 : BB;
	9887 : DB;
	9888 : EB;
	9889 : BC;
	988A : BC;
	988B : AB;
	988C : AA;
	988D : 88;
	988E : 23;
	988F : 54;
	9890 : 33;
	9891 : 32;
	9892 : 00;
	9893 : 8A;
	9894 : BA;
	9895 : A9;
	9896 : 00;
	9897 : 23;
	9898 : 53;
	9899 : 35;
	989A : 33;
	989B : 42;
	989C : 33;
	989D : 36;
	989E : 33;
	989F : 32;
	98A0 : 7F;
	98A1 : 18;
	98A2 : 09;
	98A3 : A9;
	98A4 : 9B;
	98A5 : ED;
	98A6 : DC;
	98A7 : BC;
	98A8 : BA;
	98A9 : A9;
	98AA : 01;
	98AB : 11;
	98AC : 32;
	98AD : 22;
	98AE : 09;
	98AF : CD;
	98B0 : BD;
	98B1 : BA;
	98B2 : A9;
	98B3 : 01;
	98B4 : 33;
	98B5 : 33;
	98B6 : 34;
	98B7 : 25;
	98B8 : 45;
	98B9 : 33;
	98BA : 32;
	98BB : 10;
	98BC : 9C;
	98BD : CC;
	98BE : CA;
	98BF : 90;
	98C0 : 23;
	98C1 : 42;
	98C2 : 19;
	98C3 : CA;
	98C4 : 90;
	98C5 : 15;
	98C6 : 24;
	98C7 : 23;
	98C8 : 33;
	98C9 : 21;
	98CA : 19;
	98CB : 9A;
	98CC : 88;
	98CD : 8A;
	98CE : FE;
	98CF : EB;
	98D0 : BA;
	98D1 : 90;
	98D2 : 22;
	98D3 : 31;
	98D4 : 19;
	98D5 : AA;
	98D6 : 99;
	98D7 : 34;
	98D8 : 31;
	98D9 : 02;
	98DA : 65;
	98DB : 43;
	98DC : 41;
	98DD : 08;
	98DE : CC;
	98DF : CA;
	98E0 : A8;
	98E1 : 23;
	98E2 : 32;
	98E3 : 09;
	98E4 : 81;
	98E5 : 36;
	98E6 : 35;
	98E7 : 34;
	98E8 : 22;
	98E9 : 11;
	98EA : 18;
	98EB : AF;
	98EC : EB;
	98ED : A8;
	98EE : 01;
	98EF : 10;
	98F0 : 9A;
	98F1 : DB;
	98F2 : A8;
	98F3 : 03;
	98F4 : 10;
	98F5 : 24;
	98F6 : 43;
	98F7 : 50;
	98F8 : 08;
	98F9 : CB;
	98FA : C9;
	98FB : 12;
	98FC : 38;
	98FD : 9A;
	98FE : 82;
	98FF : 45;
	9900 : 33;
	9901 : 28;
	9902 : 98;
	9903 : 09;
	9904 : FF;
	9905 : D8;
	9906 : 80;
	9907 : 10;
	9908 : 09;
	9909 : 9A;
	990A : 81;
	990B : 21;
	990C : 14;
	990D : 43;
	990E : 30;
	990F : 9C;
	9910 : CD;
	9911 : 88;
	9912 : 23;
	9913 : 89;
	9914 : 92;
	9915 : 44;
	9916 : 42;
	9917 : 33;
	9918 : 10;
	9919 : 9D;
	991A : EB;
	991B : B1;
	991C : 01;
	991D : 8B;
	991E : DB;
	991F : 80;
	9920 : 7F;
	9921 : 10;
	9922 : 24;
	9923 : 33;
	9924 : 0A;
	9925 : DB;
	9926 : 91;
	9927 : 40;
	9928 : A9;
	9929 : 14;
	992A : 43;
	992B : 21;
	992C : 00;
	992D : 8A;
	992E : DF;
	992F : E9;
	9930 : 00;
	9931 : 18;
	9932 : 99;
	9933 : 82;
	9934 : 00;
	9935 : 36;
	9936 : 31;
	9937 : 9D;
	9938 : C9;
	9939 : 13;
	993A : 08;
	993B : 12;
	993C : 53;
	993D : 33;
	993E : 12;
	993F : 8C;
	9940 : FB;
	9941 : 90;
	9942 : 28;
	9943 : BD;
	9944 : 98;
	9945 : 10;
	9946 : 13;
	9947 : 43;
	9948 : 0A;
	9949 : CA;
	994A : 82;
	994B : 19;
	994C : 00;
	994D : 10;
	994E : 09;
	994F : 99;
	9950 : 88;
	9951 : 80;
	9952 : 88;
	9953 : 08;
	9954 : 88;
	9955 : 80;
	9956 : 80;
	9957 : 80;
	9958 : 80;
	9959 : 88;
	995A : 08;
	995B : 08;
	995C : 08;
	995D : 08;
	995E : 08;
	995F : 08;
	9960 : 08;
	9961 : 08;
	9962 : 08;
	9963 : 08;
	9964 : 08;
	9965 : 08;
	9966 : 08;
	9967 : 08;
	9968 : 08;
	9969 : 08;
	996A : 08;
	996B : 08;
	996C : 08;
	996D : 00;
	996E : 88;
	996F : 08;
	9970 : 08;
	9971 : 08;
	9972 : 08;
	9973 : 08;
	9974 : 08;
	9975 : 08;
	9976 : 08;
	9977 : 08;
	9978 : 08;
	9979 : 08;
	997A : 08;
	997B : 08;
	997C : 00;
	997D : 30;
	997E : A0;
	997F : 0F;
	9980 : 81;
	9981 : 31;
	9982 : E8;
	9983 : 18;
	9984 : 43;
	9985 : 0D;
	9986 : F9;
	9987 : 1B;
	9988 : 02;
	9989 : 34;
	998A : DB;
	998B : 11;
	998C : 07;
	998D : 32;
	998E : 8D;
	998F : 91;
	9990 : AC;
	9991 : 01;
	9992 : 31;
	9993 : B9;
	9994 : 3A;
	9995 : 27;
	9996 : 10;
	9997 : AE;
	9998 : 90;
	9999 : 99;
	999A : 11;
	999B : 50;
	999C : C9;
	999D : 28;
	999E : 36;
	999F : 11;
	99A0 : 7F;
	99A1 : AC;
	99A2 : 81;
	99A3 : BB;
	99A4 : 81;
	99A5 : 23;
	99A6 : 8E;
	99A7 : 82;
	99A8 : 90;
	99A9 : 51;
	99AA : 08;
	99AB : CD;
	99AC : 91;
	99AD : 89;
	99AE : 01;
	99AF : 24;
	99B0 : 8D;
	99B1 : 81;
	99B2 : 01;
	99B3 : 62;
	99B4 : 20;
	99B5 : BD;
	99B6 : 00;
	99B7 : BA;
	99B8 : 01;
	99B9 : 34;
	99BA : 8B;
	99BB : 92;
	99BC : 89;
	99BD : 43;
	99BE : 30;
	99BF : 8B;
	99C0 : FE;
	99C1 : 01;
	99C2 : A9;
	99C3 : 01;
	99C4 : 24;
	99C5 : 1A;
	99C6 : C8;
	99C7 : 29;
	99C8 : 04;
	99C9 : 53;
	99CA : 00;
	99CB : BE;
	99CC : 91;
	99CD : 8B;
	99CE : A8;
	99CF : 13;
	99D0 : 30;
	99D1 : CB;
	99D2 : 21;
	99D3 : 99;
	99D4 : 36;
	99D5 : 21;
	99D6 : 88;
	99D7 : BF;
	99D8 : D8;
	99D9 : 10;
	99DA : 98;
	99DB : 00;
	99DC : 04;
	99DD : 31;
	99DE : BE;
	99DF : 92;
	99E0 : 18;
	99E1 : 14;
	99E2 : 34;
	99E3 : 21;
	99E4 : 8F;
	99E5 : A8;
	99E6 : 00;
	99E7 : AC;
	99E8 : 81;
	99E9 : 11;
	99EA : 32;
	99EB : 0A;
	99EC : C9;
	99ED : 03;
	99EE : 99;
	99EF : 05;
	99F0 : 34;
	99F1 : 08;
	99F2 : 08;
	99F3 : EE;
	99F4 : A0;
	99F5 : 01;
	99F6 : 99;
	99F7 : 90;
	99F8 : 11;
	99F9 : 35;
	99FA : 30;
	99FB : AE;
	99FC : A0;
	99FD : 11;
	99FE : 90;
	99FF : 35;
	9A00 : 34;
	9A01 : 21;
	9A02 : 89;
	9A03 : DD;
	9A04 : A8;
	9A05 : 10;
	9A06 : 0A;
	9A07 : AC;
	9A08 : 90;
	9A09 : 01;
	9A0A : 03;
	9A0B : 42;
	9A0C : 28;
	9A0D : CB;
	9A0E : B0;
	9A0F : 33;
	9A10 : 9C;
	9A11 : 83;
	9A12 : 53;
	9A13 : 42;
	9A14 : 08;
	9A15 : 80;
	9A16 : CF;
	9A17 : DB;
	9A18 : 00;
	9A19 : 11;
	9A1A : 88;
	9A1B : 8A;
	9A1C : 02;
	9A1D : 11;
	9A1E : 82;
	9A1F : 45;
	9A20 : 7F;
	9A21 : 33;
	9A22 : 20;
	9A23 : AF;
	9A24 : BB;
	9A25 : A0;
	9A26 : 43;
	9A27 : 18;
	9A28 : 90;
	9A29 : 24;
	9A2A : 43;
	9A2B : 42;
	9A2C : 23;
	9A2D : 11;
	9A2E : 18;
	9A2F : BF;
	9A30 : FA;
	9A31 : 99;
	9A32 : 01;
	9A33 : 18;
	9A34 : 09;
	9A35 : 9B;
	9A36 : BB;
	9A37 : BA;
	9A38 : 81;
	9A39 : 33;
	9A3A : 10;
	9A3B : 11;
	9A3C : 33;
	9A3D : 35;
	9A3E : 22;
	9A3F : 21;
	9A40 : 89;
	9A41 : BC;
	9A42 : CB;
	9A43 : B8;
	9A44 : 81;
	9A45 : 33;
	9A46 : 20;
	9A47 : 9A;
	9A48 : 98;
	9A49 : 01;
	9A4A : 22;
	9A4B : 21;
	9A4C : 00;
	9A4D : 11;
	9A4E : 00;
	9A4F : 00;
	9A50 : 08;
	9A51 : 89;
	9A52 : 98;
	9A53 : 89;
	9A54 : 90;
	9A55 : 88;
	9A56 : 08;
	9A57 : 89;
	9A58 : 9A;
	9A59 : AB;
	9A5A : BB;
	9A5B : BA;
	9A5C : A9;
	9A5D : 98;
	9A5E : 00;
	9A5F : 11;
	9A60 : 11;
	9A61 : 21;
	9A62 : 21;
	9A63 : 10;
	9A64 : 00;
	9A65 : 00;
	9A66 : 00;
	9A67 : 08;
	9A68 : 00;
	9A69 : 00;
	9A6A : 80;
	9A6B : 80;
	9A6C : 08;
	9A6D : 08;
	9A6E : 08;
	9A6F : 00;
	9A70 : 80;
	9A71 : 80;
	9A72 : 80;
	9A73 : 80;
	9A74 : 80;
	9A75 : 80;
	9A76 : 09;
	9A77 : 08;
	9A78 : 08;
	9A79 : 00;
	9A7A : 80;
	9A7B : 08;
	9A7C : 90;
	9A7D : 90;
	9A7E : 08;
	9A7F : 08;
	9A80 : 00;
	9A81 : 00;
	9A82 : 00;
	9A83 : 08;
	9A84 : 00;
	9A85 : 00;
	9A86 : 08;
	9A87 : 00;
	9A88 : 88;
	9A89 : 00;
	9A8A : 00;
	9A8B : 00;
	9A8C : 00;
	9A8D : 08;
	9A8E : 00;
	9A8F : 10;
	9A90 : 00;
	9A91 : 00;
	9A92 : 80;
	9A93 : 80;
	9A94 : 08;
	9A95 : 88;
	9A96 : 89;
	9A97 : 99;
	9A98 : 8A;
	9A99 : 99;
	9A9A : 99;
	9A9B : 98;
	9A9C : 98;
	9A9D : 81;
	9A9E : 00;
	9A9F : 11;
	9AA0 : 7F;
	9AA1 : 10;
	9AA2 : 00;
	9AA3 : 08;
	9AA4 : 88;
	9AA5 : 88;
	9AA6 : 80;
	9AA7 : 81;
	9AA8 : 00;
	9AA9 : 00;
	9AAA : 10;
	9AAB : 10;
	9AAC : 01;
	9AAD : 11;
	9AAE : 10;
	9AAF : 00;
	9AB0 : 00;
	9AB1 : 88;
	9AB2 : 80;
	9AB3 : 88;
	9AB4 : 89;
	9AB5 : B9;
	9AB6 : AB;
	9AB7 : AA;
	9AB8 : 89;
	9AB9 : 08;
	9ABA : 10;
	9ABB : 01;
	9ABC : 00;
	9ABD : 08;
	9ABE : 98;
	9ABF : 89;
	9AC0 : 99;
	9AC1 : 90;
	9AC2 : 91;
	9AC3 : 00;
	9AC4 : 10;
	9AC5 : 00;
	9AC6 : 00;
	9AC7 : 11;
	9AC8 : 10;
	9AC9 : 10;
	9ACA : 00;
	9ACB : 89;
	9ACC : 89;
	9ACD : 99;
	9ACE : 08;
	9ACF : 01;
	9AD0 : 11;
	9AD1 : 09;
	9AD2 : 88;
	9AD3 : 88;
	9AD4 : 01;
	9AD5 : 00;
	9AD6 : 11;
	9AD7 : 00;
	9AD8 : 08;
	9AD9 : 08;
	9ADA : 80;
	9ADB : 80;
	9ADC : 88;
	9ADD : 99;
	9ADE : AA;
	9ADF : A8;
	9AE0 : 80;
	9AE1 : 11;
	9AE2 : 00;
	9AE3 : 08;
	9AE4 : 90;
	9AE5 : 88;
	9AE6 : 01;
	9AE7 : 08;
	9AE8 : 00;
	9AE9 : 01;
	9AEA : 11;
	9AEB : 01;
	9AEC : 09;
	9AED : 99;
	9AEE : 99;
	9AEF : 90;
	9AF0 : 11;
	9AF1 : 00;
	9AF2 : 08;
	9AF3 : 08;
	9AF4 : 01;
	9AF5 : 10;
	9AF6 : 10;
	9AF7 : 01;
	9AF8 : 00;
	9AF9 : 08;
	9AFA : 99;
	9AFB : AA;
	9AFC : 88;
	9AFD : 80;
	9AFE : 00;
	9AFF : 88;
	9B00 : 99;
	9B01 : 80;
	9B02 : 00;
	9B03 : 08;
	9B04 : 01;
	9B05 : 00;
	9B06 : 00;
	9B07 : 08;
	9B08 : 98;
	9B09 : 88;
	9B0A : 00;
	9B0B : 80;
	9B0C : 80;
	9B0D : 80;
	9B0E : 00;
	9B0F : 00;
	9B10 : 00;
	9B11 : 88;
	9B12 : 08;
	9B13 : 99;
	9B14 : 98;
	9B15 : 80;
	9B16 : 00;
	9B17 : 08;
	9B18 : 88;
	9B19 : 00;
	9B1A : 00;
	9B1B : 00;
	9B1C : 80;
	9B1D : 00;
	9B1E : 88;
	9B1F : 88;
	9B20 : 39;
	9B21 : 88;
	9B22 : 10;
	9B23 : 88;
	9B24 : 00;
	9B25 : 81;
	9B26 : 00;
	9B27 : 00;
	9B28 : 08;
	9B29 : 0A;
	9B2A : 88;
	9B2B : 80;
	9B2C : 80;
	9B2D : 88;
	9B2E : 88;
	9B2F : 80;
	9B30 : 08;
	9B31 : 00;
	9B32 : 00;
	9B33 : 80;
	9B34 : 88;
	9B35 : 80;
	9B36 : 00;
	9B37 : 88;
	9B38 : 00;
	9B39 : 80;
	9B3A : 08;
	9B3B : 08;
	9B3C : 08;
	9B3D : 88;
	9B3E : 80;
	9B3F : 80;
	9B40 : 08;
	9B41 : 80;
	9B42 : 80;
	9B43 : 80;
	9B44 : 00;
	9B45 : 80;
	9B46 : 88;
	9B47 : 08;
	9B48 : 08;
	9B49 : 08;
	9B4A : 08;
	9B4B : 08;
	9B4C : 08;
	9B4D : 08;
	9B4E : 08;
	9B4F : 08;
	9B50 : 08;
	9B51 : 08;
	9B52 : 08;
	9B53 : 08;
	9B54 : 08;
	9B55 : 08;
	9B56 : 08;
	9B57 : 08;
	9B58 : 08;
	9B59 : 08;
	9B5A : 00;
	9B5B : 00;
	9B5C : 00;
	9B5D : 00;
	9B5E : 00;
	9B5F : 00;
	9B60 : 7F;
	9B61 : 00;
	9B62 : 80;
	9B63 : 80;
	9B64 : 80;
	9B65 : 80;
	9B66 : 80;
	9B67 : 80;
	9B68 : 80;
	9B69 : 80;
	9B6A : 80;
	9B6B : 80;
	9B6C : 80;
	9B6D : 80;
	9B6E : 80;
	9B6F : 80;
	9B70 : 80;
	9B71 : 80;
	9B72 : 80;
	9B73 : 80;
	9B74 : 80;
	9B75 : 80;
	9B76 : 80;
	9B77 : 80;
	9B78 : 80;
	9B79 : 88;
	9B7A : 99;
	9B7B : 00;
	9B7C : 03;
	9B7D : 2C;
	9B7E : E8;
	9B7F : 18;
	9B80 : 23;
	9B81 : 39;
	9B82 : DB;
	9B83 : 09;
	9B84 : A8;
	9B85 : 32;
	9B86 : 00;
	9B87 : 05;
	9B88 : 19;
	9B89 : 1A;
	9B8A : EC;
	9B8B : B8;
	9B8C : AE;
	9B8D : 98;
	9B8E : 37;
	9B8F : 75;
	9B90 : 8B;
	9B91 : AA;
	9B92 : 82;
	9B93 : 43;
	9B94 : 0B;
	9B95 : B9;
	9B96 : 03;
	9B97 : 08;
	9B98 : 99;
	9B99 : AB;
	9B9A : BA;
	9B9B : 27;
	9B9C : 72;
	9B9D : 0B;
	9B9E : FE;
	9B9F : 83;
	9BA0 : 61;
	9BA1 : 0A;
	9BA2 : AB;
	9BA3 : 91;
	9BA4 : 44;
	9BA5 : 09;
	9BA6 : B9;
	9BA7 : 80;
	9BA8 : 00;
	9BA9 : 01;
	9BAA : 10;
	9BAB : 9C;
	9BAC : AA;
	9BAD : 16;
	9BAE : 43;
	9BAF : 09;
	9BB0 : 9A;
	9BB1 : AC;
	9BB2 : FD;
	9BB3 : 03;
	9BB4 : 35;
	9BB5 : 1A;
	9BB6 : AB;
	9BB7 : C2;
	9BB8 : 42;
	9BB9 : 2A;
	9BBA : AB;
	9BBB : C0;
	9BBC : 32;
	9BBD : 20;
	9BBE : 99;
	9BBF : AB;
	9BC0 : A8;
	9BC1 : 04;
	9BC2 : 72;
	9BC3 : 1A;
	9BC4 : CB;
	9BC5 : E9;
	9BC6 : 34;
	9BC7 : 41;
	9BC8 : 9A;
	9BC9 : BB;
	9BCA : 83;
	9BCB : 53;
	9BCC : 89;
	9BCD : 99;
	9BCE : 9C;
	9BCF : 98;
	9BD0 : 82;
	9BD1 : 62;
	9BD2 : 19;
	9BD3 : B9;
	9BD4 : 01;
	9BD5 : 0C;
	9BD6 : C9;
	9BD7 : 27;
	9BD8 : 31;
	9BD9 : 9A;
	9BDA : EA;
	9BDB : 82;
	9BDC : 43;
	9BDD : 0B;
	9BDE : A8;
	9BDF : 80;
	9BE0 : 7F;
	9BE1 : 88;
	9BE2 : 13;
	9BE3 : 20;
	9BE4 : 8C;
	9BE5 : DC;
	9BE6 : D8;
	9BE7 : 23;
	9BE8 : 54;
	9BE9 : 1A;
	9BEA : 9A;
	9BEB : DA;
	9BEC : 24;
	9BED : 21;
	9BEE : A9;
	9BEF : 98;
	9BF0 : 8A;
	9BF1 : 11;
	9BF2 : 15;
	9BF3 : 0B;
	9BF4 : BA;
	9BF5 : DD;
	9BF6 : 03;
	9BF7 : 34;
	9BF8 : 40;
	9BF9 : 9A;
	9BFA : DA;
	9BFB : 02;
	9BFC : 42;
	9BFD : 89;
	9BFE : AA;
	9BFF : CB;
	9C00 : 24;
	9C01 : 35;
	9C02 : 19;
	9C03 : BA;
	9C04 : DB;
	9C05 : 05;
	9C06 : 23;
	9C07 : 2B;
	9C08 : AB;
	9C09 : E8;
	9C0A : 21;
	9C0B : 42;
	9C0C : 88;
	9C0D : AA;
	9C0E : BC;
	9C0F : 93;
	9C10 : 62;
	9C11 : 0A;
	9C12 : AC;
	9C13 : C2;
	9C14 : 41;
	9C15 : 41;
	9C16 : AA;
	9C17 : DA;
	9C18 : 22;
	9C19 : 20;
	9C1A : 92;
	9C1B : 20;
	9C1C : BB;
	9C1D : EA;
	9C1E : 03;
	9C1F : 28;
	9C20 : CD;
	9C21 : 92;
	9C22 : 44;
	9C23 : 29;
	9C24 : AC;
	9C25 : A2;
	9C26 : 42;
	9C27 : 2A;
	9C28 : D9;
	9C29 : 82;
	9C2A : 12;
	9C2B : 9B;
	9C2C : 9A;
	9C2D : 9C;
	9C2E : D8;
	9C2F : 43;
	9C30 : 25;
	9C31 : 20;
	9C32 : BD;
	9C33 : B0;
	9C34 : 42;
	9C35 : 1A;
	9C36 : A9;
	9C37 : 80;
	9C38 : 02;
	9C39 : 1A;
	9C3A : AC;
	9C3B : CC;
	9C3C : 03;
	9C3D : 23;
	9C3E : 53;
	9C3F : 20;
	9C40 : AA;
	9C41 : 92;
	9C42 : 1B;
	9C43 : DB;
	9C44 : A1;
	9C45 : 1A;
	9C46 : CA;
	9C47 : AA;
	9C48 : EB;
	9C49 : 95;
	9C4A : 43;
	9C4B : 41;
	9C4C : 01;
	9C4D : 13;
	9C4E : 41;
	9C4F : CD;
	9C50 : D9;
	9C51 : 12;
	9C52 : 10;
	9C53 : B9;
	9C54 : AC;
	9C55 : B1;
	9C56 : 52;
	9C57 : 09;
	9C58 : 90;
	9C59 : 33;
	9C5A : 23;
	9C5B : 42;
	9C5C : A9;
	9C5D : AB;
	9C5E : CA;
	9C5F : AE;
	9C60 : 7F;
	9C61 : BD;
	9C62 : 05;
	9C63 : 38;
	9C64 : A9;
	9C65 : AB;
	9C66 : 14;
	9C67 : 42;
	9C68 : 31;
	9C69 : 11;
	9C6A : 22;
	9C6B : 1B;
	9C6C : FC;
	9C6D : AA;
	9C6E : BC;
	9C6F : 02;
	9C70 : 33;
	9C71 : 8B;
	9C72 : FA;
	9C73 : 24;
	9C74 : 33;
	9C75 : 88;
	9C76 : 92;
	9C77 : 33;
	9C78 : 99;
	9C79 : DD;
	9C7A : BA;
	9C7B : A8;
	9C7C : 88;
	9C7D : A0;
	9C7E : 47;
	9C7F : 51;
	9C80 : 89;
	9C81 : B9;
	9C82 : 83;
	9C83 : 51;
	9C84 : 8A;
	9C85 : 8A;
	9C86 : 81;
	9C87 : 8B;
	9C88 : DC;
	9C89 : 81;
	9C8A : 32;
	9C8B : 51;
	9C8C : 14;
	9C8D : 1A;
	9C8E : BD;
	9C8F : D9;
	9C90 : 02;
	9C91 : 34;
	9C92 : 3A;
	9C93 : DB;
	9C94 : 93;
	9C95 : 33;
	9C96 : 30;
	9C97 : AD;
	9C98 : AC;
	9C99 : CA;
	9C9A : 44;
	9C9B : 21;
	9C9C : A9;
	9C9D : BB;
	9C9E : A1;
	9C9F : 34;
	9CA0 : 34;
	9CA1 : 19;
	9CA2 : 9C;
	9CA3 : 82;
	9CA4 : 20;
	9CA5 : AB;
	9CA6 : CB;
	9CA7 : 9B;
	9CA8 : F9;
	9CA9 : 15;
	9CAA : 33;
	9CAB : 43;
	9CAC : 99;
	9CAD : AD;
	9CAE : C0;
	9CAF : 13;
	9CB0 : 21;
	9CB1 : AC;
	9CB2 : 9B;
	9CB3 : EA;
	9CB4 : 13;
	9CB5 : 33;
	9CB6 : 31;
	9CB7 : 18;
	9CB8 : CB;
	9CB9 : B8;
	9CBA : 21;
	9CBB : 9C;
	9CBC : CB;
	9CBD : BF;
	9CBE : 04;
	9CBF : 33;
	9CC0 : 53;
	9CC1 : 9B;
	9CC2 : AC;
	9CC3 : D0;
	9CC4 : 31;
	9CC5 : 51;
	9CC6 : AA;
	9CC7 : 99;
	9CC8 : CA;
	9CC9 : 14;
	9CCA : 14;
	9CCB : 29;
	9CCC : A8;
	9CCD : 91;
	9CCE : 21;
	9CCF : 08;
	9CD0 : DC;
	9CD1 : 9A;
	9CD2 : BD;
	9CD3 : 25;
	9CD4 : 13;
	9CD5 : 33;
	9CD6 : 9B;
	9CD7 : AC;
	9CD8 : D9;
	9CD9 : 23;
	9CDA : 43;
	9CDB : 9B;
	9CDC : AB;
	9CDD : DC;
	9CDE : 85;
	9CDF : 22;
	9CE0 : 7F;
	9CE1 : 8A;
	9CE2 : 98;
	9CE3 : 11;
	9CE4 : 33;
	9CE5 : 32;
	9CE6 : DD;
	9CE7 : BA;
	9CE8 : BC;
	9CE9 : 14;
	9CEA : 34;
	9CEB : 20;
	9CEC : BA;
	9CED : CC;
	9CEE : 03;
	9CEF : 23;
	9CF0 : 50;
	9CF1 : BA;
	9CF2 : BD;
	9CF3 : 91;
	9CF4 : 33;
	9CF5 : 61;
	9CF6 : AB;
	9CF7 : AD;
	9CF8 : 03;
	9CF9 : 14;
	9CFA : 20;
	9CFB : C9;
	9CFC : AD;
	9CFD : 93;
	9CFE : 12;
	9CFF : 34;
	9D00 : 0B;
	9D01 : AC;
	9D02 : C9;
	9D03 : 23;
	9D04 : 35;
	9D05 : 0A;
	9D06 : AB;
	9D07 : E8;
	9D08 : 31;
	9D09 : 34;
	9D0A : 89;
	9D0B : BB;
	9D0C : E0;
	9D0D : 31;
	9D0E : 33;
	9D0F : 9C;
	9D10 : 9B;
	9D11 : E8;
	9D12 : 23;
	9D13 : 23;
	9D14 : 39;
	9D15 : D9;
	9D16 : CA;
	9D17 : 83;
	9D18 : 34;
	9D19 : 29;
	9D1A : BA;
	9D1B : EB;
	9D1C : 33;
	9D1D : 25;
	9D1E : 2B;
	9D1F : A9;
	9D20 : DA;
	9D21 : 04;
	9D22 : 13;
	9D23 : 3A;
	9D24 : B9;
	9D25 : DC;
	9D26 : 83;
	9D27 : 22;
	9D28 : 61;
	9D29 : 9B;
	9D2A : 9D;
	9D2B : 91;
	9D2C : 32;
	9D2D : 31;
	9D2E : D9;
	9D2F : 9C;
	9D30 : A1;
	9D31 : 41;
	9D32 : 24;
	9D33 : 1B;
	9D34 : AA;
	9D35 : D9;
	9D36 : 24;
	9D37 : 14;
	9D38 : 9A;
	9D39 : 9A;
	9D3A : CA;
	9D3B : 24;
	9D3C : 14;
	9D3D : 39;
	9D3E : C8;
	9D3F : BC;
	9D40 : 04;
	9D41 : 13;
	9D42 : 2B;
	9D43 : AA;
	9D44 : BE;
	9D45 : 93;
	9D46 : 32;
	9D47 : 61;
	9D48 : 9B;
	9D49 : 9C;
	9D4A : A2;
	9D4B : 41;
	9D4C : 31;
	9D4D : BB;
	9D4E : AF;
	9D4F : A1;
	9D50 : 33;
	9D51 : 41;
	9D52 : AA;
	9D53 : AE;
	9D54 : 93;
	9D55 : 32;
	9D56 : 31;
	9D57 : CB;
	9D58 : AE;
	9D59 : A2;
	9D5A : 34;
	9D5B : 38;
	9D5C : AA;
	9D5D : DB;
	9D5E : 32;
	9D5F : 35;
	9D60 : 7F;
	9D61 : 1B;
	9D62 : AA;
	9D63 : CB;
	9D64 : 24;
	9D65 : 34;
	9D66 : 0B;
	9D67 : 9C;
	9D68 : D0;
	9D69 : 22;
	9D6A : 34;
	9D6B : 8C;
	9D6C : 9A;
	9D6D : C1;
	9D6E : 33;
	9D6F : 49;
	9D70 : A9;
	9D71 : BE;
	9D72 : 03;
	9D73 : 13;
	9D74 : 30;
	9D75 : CA;
	9D76 : BE;
	9D77 : 03;
	9D78 : 24;
	9D79 : 0B;
	9D7A : 8A;
	9D7B : CA;
	9D7C : 24;
	9D7D : 34;
	9D7E : 9A;
	9D7F : AC;
	9D80 : 98;
	9D81 : 23;
	9D82 : 43;
	9D83 : 0B;
	9D84 : AA;
	9D85 : DC;
	9D86 : 84;
	9D87 : 33;
	9D88 : 2B;
	9D89 : AC;
	9D8A : AA;
	9D8B : 98;
	9D8C : 23;
	9D8D : 46;
	9D8E : 31;
	9D8F : 9B;
	9D90 : DA;
	9D91 : 02;
	9D92 : 10;
	9D93 : 9B;
	9D94 : A0;
	9D95 : 89;
	9D96 : 08;
	9D97 : 93;
	9D98 : 77;
	9D99 : 20;
	9D9A : 9C;
	9D9B : 90;
	9D9C : 34;
	9D9D : 0C;
	9D9E : A9;
	9D9F : BC;
	9DA0 : 92;
	9DA1 : 18;
	9DA2 : 25;
	9DA3 : 31;
	9DA4 : 24;
	9DA5 : 0B;
	9DA6 : CA;
	9DA7 : 00;
	9DA8 : 9C;
	9DA9 : 9A;
	9DAA : CD;
	9DAB : 02;
	9DAC : 42;
	9DAD : 22;
	9DAE : 21;
	9DAF : 32;
	9DB0 : 8B;
	9DB1 : CB;
	9DB2 : BD;
	9DB3 : AB;
	9DB4 : 9C;
	9DB5 : EA;
	9DB6 : 35;
	9DB7 : 12;
	9DB8 : 22;
	9DB9 : 01;
	9DBA : 42;
	9DBB : 9D;
	9DBC : AA;
	9DBD : 9A;
	9DBE : 89;
	9DBF : 9A;
	9DC0 : FA;
	9DC1 : 25;
	9DC2 : 22;
	9DC3 : 13;
	9DC4 : 10;
	9DC5 : 89;
	9DC6 : 88;
	9DC7 : AB;
	9DC8 : CC;
	9DC9 : AA;
	9DCA : AB;
	9DCB : FB;
	9DCC : 43;
	9DCD : 34;
	9DCE : 41;
	9DCF : AA;
	9DD0 : 91;
	9DD1 : 43;
	9DD2 : 09;
	9DD3 : DA;
	9DD4 : AA;
	9DD5 : AA;
	9DD6 : CA;
	9DD7 : 04;
	9DD8 : 42;
	9DD9 : 20;
	9DDA : 12;
	9DDB : 32;
	9DDC : 71;
	9DDD : 9C;
	9DDE : BA;
	9DDF : BB;
	9DE0 : 7F;
	9DE1 : 21;
	9DE2 : A9;
	9DE3 : DC;
	9DE4 : 84;
	9DE5 : 34;
	9DE6 : 21;
	9DE7 : 31;
	9DE8 : 99;
	9DE9 : 12;
	9DEA : 9B;
	9DEB : FA;
	9DEC : 9A;
	9DED : 98;
	9DEE : 9A;
	9DEF : C9;
	9DF0 : 46;
	9DF1 : 23;
	9DF2 : 30;
	9DF3 : AA;
	9DF4 : 92;
	9DF5 : 32;
	9DF6 : AD;
	9DF7 : EB;
	9DF8 : 88;
	9DF9 : 21;
	9DFA : 9C;
	9DFB : 82;
	9DFC : 35;
	9DFD : 41;
	9DFE : 8B;
	9DFF : DA;
	9E00 : 81;
	9E01 : 33;
	9E02 : 10;
	9E03 : 8A;
	9E04 : 9B;
	9E05 : C1;
	9E06 : 41;
	9E07 : 29;
	9E08 : FB;
	9E09 : A9;
	9E0A : 04;
	9E0B : 51;
	9E0C : 8B;
	9E0D : D9;
	9E0E : 24;
	9E0F : 33;
	9E10 : 1A;
	9E11 : BC;
	9E12 : A9;
	9E13 : 14;
	9E14 : 21;
	9E15 : 38;
	9E16 : CC;
	9E17 : BA;
	9E18 : 03;
	9E19 : 51;
	9E1A : AB;
	9E1B : BF;
	9E1C : A2;
	9E1D : 43;
	9E1E : 22;
	9E1F : 18;
	9E20 : 8A;
	9E21 : 99;
	9E22 : 01;
	9E23 : 9C;
	9E24 : DA;
	9E25 : AA;
	9E26 : B8;
	9E27 : 43;
	9E28 : 28;
	9E29 : 02;
	9E2A : 65;
	9E2B : 20;
	9E2C : 12;
	9E2D : 19;
	9E2E : CE;
	9E2F : B9;
	9E30 : AA;
	9E31 : B0;
	9E32 : 13;
	9E33 : 33;
	9E34 : 54;
	9E35 : 33;
	9E36 : 10;
	9E37 : 89;
	9E38 : 9B;
	9E39 : BD;
	9E3A : BE;
	9E3B : CA;
	9E3C : AB;
	9E3D : 83;
	9E3E : 25;
	9E3F : 43;
	9E40 : 41;
	9E41 : 80;
	9E42 : 01;
	9E43 : 00;
	9E44 : 9D;
	9E45 : DB;
	9E46 : BB;
	9E47 : 02;
	9E48 : 24;
	9E49 : 22;
	9E4A : 01;
	9E4B : 89;
	9E4C : 05;
	9E4D : 54;
	9E4E : 8A;
	9E4F : CB;
	9E50 : 8B;
	9E51 : 80;
	9E52 : 02;
	9E53 : 1A;
	9E54 : CA;
	9E55 : 23;
	9E56 : 37;
	9E57 : 34;
	9E58 : 21;
	9E59 : BD;
	9E5A : B8;
	9E5B : 01;
	9E5C : 98;
	9E5D : AB;
	9E5E : A0;
	9E5F : 12;
	9E60 : 7F;
	9E61 : 10;
	9E62 : 8C;
	9E63 : B5;
	9E64 : 61;
	9E65 : 0A;
	9E66 : 80;
	9E67 : 43;
	9E68 : 8C;
	9E69 : CB;
	9E6A : AA;
	9E6B : 15;
	9E6C : 13;
	9E6D : 28;
	9E6E : 9B;
	9E6F : DA;
	9E70 : 44;
	9E71 : 34;
	9E72 : 28;
	9E73 : BC;
	9E74 : CB;
	9E75 : 00;
	9E76 : 19;
	9E77 : AD;
	9E78 : B8;
	9E79 : 16;
	9E7A : 33;
	9E7B : 18;
	9E7C : 99;
	9E7D : 13;
	9E7E : 34;
	9E7F : 1A;
	9E80 : DA;
	9E81 : CA;
	9E82 : 9A;
	9E83 : 24;
	9E84 : 33;
	9E85 : 8B;
	9E86 : DB;
	9E87 : B2;
	9E88 : 72;
	9E89 : 08;
	9E8A : 80;
	9E8B : 08;
	9E8C : DB;
	9E8D : 02;
	9E8E : 21;
	9E8F : 09;
	9E90 : A8;
	9E91 : 20;
	9E92 : 15;
	9E93 : 0D;
	9E94 : DB;
	9E95 : B8;
	9E96 : 74;
	9E97 : 20;
	9E98 : 0A;
	9E99 : 99;
	9E9A : A9;
	9E9B : 00;
	9E9C : 02;
	9E9D : 30;
	9E9E : BE;
	9E9F : B9;
	9EA0 : 80;
	9EA1 : 03;
	9EA2 : 53;
	9EA3 : 18;
	9EA4 : 80;
	9EA5 : 44;
	9EA6 : 08;
	9EA7 : AC;
	9EA8 : B9;
	9EA9 : 0A;
	9EAA : CE;
	9EAB : A8;
	9EAC : 12;
	9EAD : 24;
	9EAE : 33;
	9EAF : 19;
	9EB0 : A0;
	9EB1 : 12;
	9EB2 : 21;
	9EB3 : 9E;
	9EB4 : EB;
	9EB5 : 90;
	9EB6 : 03;
	9EB7 : 20;
	9EB8 : 9B;
	9EB9 : C0;
	9EBA : 77;
	9EBB : 31;
	9EBC : 19;
	9EBD : 9E;
	9EBE : C9;
	9EBF : 91;
	9EC0 : 01;
	9EC1 : 09;
	9EC2 : 99;
	9EC3 : 14;
	9EC4 : 41;
	9EC5 : 10;
	9EC6 : 18;
	9EC7 : AB;
	9EC8 : 82;
	9EC9 : 19;
	9ECA : BF;
	9ECB : C9;
	9ECC : AB;
	9ECD : 92;
	9ECE : 37;
	9ECF : 41;
	9ED0 : 98;
	9ED1 : 03;
	9ED2 : 31;
	9ED3 : BA;
	9ED4 : 01;
	9ED5 : BA;
	9ED6 : 8B;
	9ED7 : FE;
	9ED8 : 81;
	9ED9 : 21;
	9EDA : 90;
	9EDB : 22;
	9EDC : AA;
	9EDD : 01;
	9EDE : 1B;
	9EDF : E8;
	9EE0 : 7F;
	9EE1 : 34;
	9EE2 : 20;
	9EE3 : DB;
	9EE4 : 90;
	9EE5 : 90;
	9EE6 : 44;
	9EE7 : 40;
	9EE8 : AD;
	9EE9 : A9;
	9EEA : 02;
	9EEB : 00;
	9EEC : 88;
	9EED : 35;
	9EEE : 10;
	9EEF : 81;
	9EF0 : 38;
	9EF1 : AB;
	9EF2 : BD;
	9EF3 : 98;
	9EF4 : 90;
	9EF5 : 20;
	9EF6 : 89;
	9EF7 : B9;
	9EF8 : 19;
	9EF9 : 83;
	9EFA : 76;
	9EFB : 31;
	9EFC : 9C;
	9EFD : 90;
	9EFE : 0B;
	9EFF : C9;
	9F00 : 36;
	9F01 : 1B;
	9F02 : B8;
	9F03 : CC;
	9F04 : A0;
	9F05 : 64;
	9F06 : 31;
	9F07 : 18;
	9F08 : BD;
	9F09 : 99;
	9F0A : 00;
	9F0B : 08;
	9F0C : 10;
	9F0D : AA;
	9F0E : 82;
	9F0F : 43;
	9F10 : 19;
	9F11 : 98;
	9F12 : BB;
	9F13 : 12;
	9F14 : 32;
	9F15 : 12;
	9F16 : BD;
	9F17 : AF;
	9F18 : A3;
	9F19 : 24;
	9F1A : 10;
	9F1B : 89;
	9F1C : 90;
	9F1D : 19;
	9F1E : FB;
	9F1F : 01;
	9F20 : 45;
	9F21 : 32;
	9F22 : 0B;
	9F23 : FA;
	9F24 : 12;
	9F25 : 10;
	9F26 : 9B;
	9F27 : CB;
	9F28 : A0;
	9F29 : 26;
	9F2A : 20;
	9F2B : 00;
	9F2C : 99;
	9F2D : 10;
	9F2E : 9A;
	9F2F : 03;
	9F30 : 2C;
	9F31 : FF;
	9F32 : A1;
	9F33 : 23;
	9F34 : 42;
	9F35 : 88;
	9F36 : 89;
	9F37 : 80;
	9F38 : 89;
	9F39 : 18;
	9F3A : AA;
	9F3B : 91;
	9F3C : 18;
	9F3D : A8;
	9F3E : 22;
	9F3F : DE;
	9F40 : 93;
	9F41 : 51;
	9F42 : 88;
	9F43 : 20;
	9F44 : CD;
	9F45 : B0;
	9F46 : 32;
	9F47 : 13;
	9F48 : 0A;
	9F49 : C0;
	9F4A : 53;
	9F4B : 34;
	9F4C : 8D;
	9F4D : BB;
	9F4E : B0;
	9F4F : 11;
	9F50 : 22;
	9F51 : AA;
	9F52 : 63;
	9F53 : 8A;
	9F54 : BA;
	9F55 : 91;
	9F56 : 35;
	9F57 : 49;
	9F58 : 90;
	9F59 : BE;
	9F5A : A8;
	9F5B : 88;
	9F5C : BA;
	9F5D : 37;
	9F5E : 51;
	9F5F : 00;
	9F60 : 7F;
	9F61 : 8A;
	9F62 : 88;
	9F63 : 00;
	9F64 : 8B;
	9F65 : D9;
	9F66 : BA;
	9F67 : 92;
	9F68 : 30;
	9F69 : 10;
	9F6A : 54;
	9F6B : 44;
	9F6C : 08;
	9F6D : CB;
	9F6E : A8;
	9F6F : 80;
	9F70 : 9A;
	9F71 : AA;
	9F72 : 00;
	9F73 : 45;
	9F74 : 31;
	9F75 : 09;
	9F76 : 14;
	9F77 : 2A;
	9F78 : E9;
	9F79 : 90;
	9F7A : 01;
	9F7B : BB;
	9F7C : BC;
	9F7D : 81;
	9F7E : 44;
	9F7F : 32;
	9F80 : 9D;
	9F81 : 88;
	9F82 : 03;
	9F83 : 18;
	9F84 : 88;
	9F85 : 11;
	9F86 : 20;
	9F87 : C9;
	9F88 : 10;
	9F89 : 02;
	9F8A : 20;
	9F8B : AC;
	9F8C : BA;
	9F8D : 90;
	9F8E : 02;
	9F8F : 20;
	9F90 : 90;
	9F91 : 80;
	9F92 : 00;
	9F93 : 88;
	9F94 : 11;
	9F95 : 22;
	9F96 : 20;
	9F97 : A9;
	9F98 : 9A;
	9F99 : A9;
	9F9A : 11;
	9F9B : 8A;
	9F9C : 81;
	9F9D : 00;
	9F9E : 10;
	9F9F : 10;
	9FA0 : 99;
	9FA1 : 88;
	9FA2 : 88;
	9FA3 : 80;
	9FA4 : 02;
	9FA5 : 18;
	9FA6 : 9A;
	9FA7 : 99;
	9FA8 : 02;
	9FA9 : 12;
	9FAA : 09;
	9FAB : BA;
	9FAC : 90;
	9FAD : 10;
	9FAE : 80;
	9FAF : 00;
	9FB0 : 88;
	9FB1 : 08;
	9FB2 : 00;
	9FB3 : 10;
	9FB4 : 08;
	9FB5 : AA;
	9FB6 : 88;
	9FB7 : 11;
	9FB8 : 11;
	9FB9 : 08;
	9FBA : 98;
	9FBB : 80;
	9FBC : 20;
	9FBD : 08;
	9FBE : 08;
	9FBF : 98;
	9FC0 : 88;
	9FC1 : 00;
	9FC2 : 10;
	9FC3 : 08;
	9FC4 : 88;
	9FC5 : 88;
	9FC6 : 10;
	9FC7 : 00;
	9FC8 : 08;
	9FC9 : 88;
	9FCA : 80;
	9FCB : 80;
	9FCC : 00;
	9FCD : 90;
	9FCE : 80;
	9FCF : 80;
	9FD0 : 00;
	9FD1 : 80;
	9FD2 : 08;
	9FD3 : 88;
	9FD4 : 08;
	9FD5 : 80;
	9FD6 : 88;
	9FD7 : 00;
	9FD8 : 80;
	9FD9 : 80;
	9FDA : 80;
	9FDB : 88;
	9FDC : 08;
	9FDD : 00;
	9FDE : 88;
	9FDF : 00;
	9FE0 : 27;
	9FE1 : 80;
	9FE2 : 80;
	9FE3 : 80;
	9FE4 : 88;
	9FE5 : 08;
	9FE6 : 08;
	9FE7 : 08;
	9FE8 : 00;
	9FE9 : 88;
	9FEA : 08;
	9FEB : 08;
	9FEC : 08;
	9FED : 08;
	9FEE : 08;
	9FEF : 08;
	9FF0 : 08;
	9FF1 : 08;
	9FF2 : 08;
	9FF3 : 08;
	9FF4 : 08;
	9FF5 : 08;
	9FF6 : 08;
	9FF7 : 08;
	9FF8 : 08;
	9FF9 : 08;
	9FFA : 08;
	9FFB : 08;
	9FFC : 08;
	9FFD : 08;
	9FFE : 08;
	9FFF : 08;
	A000 : 08;
	A001 : 08;
	A002 : 80;
	A003 : 80;
	A004 : 80;
	A005 : 80;
	A006 : 80;
	A007 : 80;
	A008 : 00;
	A009 : 00;
	A00A : 00;
	A00B : 00;
	A00C : 00;
	A00D : 00;
	A00E : 00;
	A00F : 00;
	A010 : 7F;
	A011 : 00;
	A012 : 80;
	A013 : 80;
	A014 : 80;
	A015 : 80;
	A016 : 80;
	A017 : 80;
	A018 : 80;
	A019 : 80;
	A01A : 80;
	A01B : 80;
	A01C : 80;
	A01D : 80;
	A01E : 80;
	A01F : 80;
	A020 : 80;
	A021 : 80;
	A022 : 88;
	A023 : CA;
	A024 : 08;
	A025 : 15;
	A026 : 42;
	A027 : 10;
	A028 : AB;
	A029 : DB;
	A02A : DC;
	A02B : 03;
	A02C : 52;
	A02D : 12;
	A02E : 10;
	A02F : 8A;
	A030 : DE;
	A031 : A8;
	A032 : 11;
	A033 : 12;
	A034 : 28;
	A035 : 04;
	A036 : 19;
	A037 : D8;
	A038 : 1A;
	A039 : 93;
	A03A : 41;
	A03B : 9B;
	A03C : DF;
	A03D : BB;
	A03E : 87;
	A03F : 41;
	A040 : 80;
	A041 : 08;
	A042 : AA;
	A043 : AB;
	A044 : C0;
	A045 : 42;
	A046 : 44;
	A047 : 38;
	A048 : 88;
	A049 : 8E;
	A04A : EA;
	A04B : 80;
	A04C : 13;
	A04D : 33;
	A04E : 88;
	A04F : 20;
	A050 : CD;
	A051 : A0;
	A052 : 80;
	A053 : 61;
	A054 : 98;
	A055 : 02;
	A056 : CF;
	A057 : 91;
	A058 : 01;
	A059 : 32;
	A05A : 9C;
	A05B : 83;
	A05C : 0C;
	A05D : A1;
	A05E : 11;
	A05F : 34;
	A060 : 88;
	A061 : 25;
	A062 : 49;
	A063 : FB;
	A064 : A9;
	A065 : 21;
	A066 : 89;
	A067 : 13;
	A068 : 72;
	A069 : 1B;
	A06A : C0;
	A06B : 30;
	A06C : 9B;
	A06D : CB;
	A06E : B4;
	A06F : 60;
	A070 : A8;
	A071 : 24;
	A072 : 18;
	A073 : BF;
	A074 : B0;
	A075 : 33;
	A076 : 89;
	A077 : 04;
	A078 : 41;
	A079 : 0A;
	A07A : CB;
	A07B : 92;
	A07C : 0B;
	A07D : D8;
	A07E : 14;
	A07F : 41;
	A080 : 0A;
	A081 : A1;
	A082 : 00;
	A083 : AE;
	A084 : 91;
	A085 : 16;
	A086 : 09;
	A087 : BA;
	A088 : 15;
	A089 : 08;
	A08A : 90;
	A08B : 89;
	A08C : 29;
	A08D : CB;
	A08E : 87;
	A08F : 29;
	A090 : 7F;
	A091 : 02;
	A092 : 21;
	A093 : A9;
	A094 : 8C;
	A095 : B9;
	A096 : 42;
	A097 : BD;
	A098 : 81;
	A099 : 22;
	A09A : 20;
	A09B : C8;
	A09C : 17;
	A09D : 1C;
	A09E : BA;
	A09F : 12;
	A0A0 : 20;
	A0A1 : A3;
	A0A2 : 4C;
	A0A3 : A8;
	A0A4 : 0A;
	A0A5 : AA;
	A0A6 : 46;
	A0A7 : 09;
	A0A8 : 0A;
	A0A9 : 95;
	A0AA : 31;
	A0AB : BE;
	A0AC : 12;
	A0AD : 08;
	A0AE : 11;
	A0AF : AB;
	A0B0 : A2;
	A0B1 : 3F;
	A0B2 : 81;
	A0B3 : 08;
	A0B4 : 98;
	A0B5 : 1D;
	A0B6 : 82;
	A0B7 : 62;
	A0B8 : CA;
	A0B9 : 13;
	A0BA : 2A;
	A0BB : 80;
	A0BC : EB;
	A0BD : 07;
	A0BE : 29;
	A0BF : 91;
	A0C0 : AE;
	A0C1 : A1;
	A0C2 : 2A;
	A0C3 : 95;
	A0C4 : 42;
	A0C5 : 88;
	A0C6 : 9B;
	A0C7 : A1;
	A0C8 : 0A;
	A0C9 : D8;
	A0CA : 72;
	A0CB : 00;
	A0CC : 18;
	A0CD : CA;
	A0CE : 18;
	A0CF : BC;
	A0D0 : 85;
	A0D1 : 10;
	A0D2 : 00;
	A0D3 : 9A;
	A0D4 : 17;
	A0D5 : 1A;
	A0D6 : D9;
	A0D7 : 11;
	A0D8 : 10;
	A0D9 : 8A;
	A0DA : 83;
	A0DB : 68;
	A0DC : CB;
	A0DD : 81;
	A0DE : 50;
	A0DF : 88;
	A0E0 : 01;
	A0E1 : 01;
	A0E2 : AC;
	A0E3 : CB;
	A0E4 : 15;
	A0E5 : 10;
	A0E6 : 80;
	A0E7 : 33;
	A0E8 : BF;
	A0E9 : B9;
	A0EA : 13;
	A0EB : 11;
	A0EC : 00;
	A0ED : 34;
	A0EE : 20;
	A0EF : AE;
	A0F0 : BB;
	A0F1 : 82;
	A0F2 : 8A;
	A0F3 : B1;
	A0F4 : 67;
	A0F5 : 18;
	A0F6 : 8C;
	A0F7 : A8;
	A0F8 : 81;
	A0F9 : 90;
	A0FA : 37;
	A0FB : 30;
	A0FC : AD;
	A0FD : 99;
	A0FE : 10;
	A0FF : 88;
	A100 : 81;
	A101 : 34;
	A102 : 38;
	A103 : 9C;
	A104 : CA;
	A105 : 9A;
	A106 : 91;
	A107 : 26;
	A108 : 53;
	A109 : 88;
	A10A : 9B;
	A10B : B9;
	A10C : 9C;
	A10D : 90;
	A10E : 54;
	A10F : 41;
	A110 : 7F;
	A111 : 20;
	A112 : AB;
	A113 : DB;
	A114 : B8;
	A115 : 11;
	A116 : 33;
	A117 : 22;
	A118 : 18;
	A119 : 9B;
	A11A : EB;
	A11B : 90;
	A11C : 23;
	A11D : 02;
	A11E : 39;
	A11F : E9;
	A120 : 27;
	A121 : 48;
	A122 : CB;
	A123 : C0;
	A124 : 29;
	A125 : AA;
	A126 : 37;
	A127 : 60;
	A128 : 99;
	A129 : 98;
	A12A : 01;
	A12B : 8B;
	A12C : B3;
	A12D : 72;
	A12E : 08;
	A12F : BC;
	A130 : 01;
	A131 : 28;
	A132 : AA;
	A133 : 80;
	A134 : 10;
	A135 : 0B;
	A136 : C2;
	A137 : 74;
	A138 : 89;
	A139 : 9A;
	A13A : A9;
	A13B : 18;
	A13C : 02;
	A13D : 73;
	A13E : 8C;
	A13F : B0;
	A140 : AB;
	A141 : 82;
	A142 : 53;
	A143 : 32;
	A144 : 9D;
	A145 : B8;
	A146 : 28;
	A147 : 83;
	A148 : 30;
	A149 : 85;
	A14A : 29;
	A14B : CC;
	A14C : 09;
	A14D : AA;
	A14E : 01;
	A14F : 98;
	A150 : 72;
	A151 : 98;
	A152 : 20;
	A153 : 8A;
	A154 : E8;
	A155 : 10;
	A156 : 34;
	A157 : 29;
	A158 : C9;
	A159 : B8;
	A15A : 0A;
	A15B : C8;
	A15C : 67;
	A15D : 28;
	A15E : CC;
	A15F : 90;
	A160 : 10;
	A161 : 00;
	A162 : 43;
	A163 : 18;
	A164 : 9C;
	A165 : D9;
	A166 : 00;
	A167 : 11;
	A168 : 10;
	A169 : 16;
	A16A : 48;
	A16B : AC;
	A16C : A8;
	A16D : 01;
	A16E : 80;
	A16F : 08;
	A170 : 21;
	A171 : 83;
	A172 : 1B;
	A173 : FE;
	A174 : 80;
	A175 : 01;
	A176 : 11;
	A177 : 01;
	A178 : 11;
	A179 : 88;
	A17A : 19;
	A17B : BE;
	A17C : 82;
	A17D : 03;
	A17E : 52;
	A17F : CD;
	A180 : 9B;
	A181 : AB;
	A182 : 25;
	A183 : 02;
	A184 : 74;
	A185 : 0B;
	A186 : BB;
	A187 : 81;
	A188 : 21;
	A189 : A9;
	A18A : 07;
	A18B : 60;
	A18C : 9A;
	A18D : 9A;
	A18E : 80;
	A18F : 09;
	A190 : 7F;
	A191 : A8;
	A192 : 56;
	A193 : 09;
	A194 : A8;
	A195 : 00;
	A196 : 11;
	A197 : AE;
	A198 : 05;
	A199 : 18;
	A19A : AA;
	A19B : 02;
	A19C : 21;
	A19D : 0E;
	A19E : C8;
	A19F : 10;
	A1A0 : 9C;
	A1A1 : 02;
	A1A2 : 36;
	A1A3 : 10;
	A1A4 : BA;
	A1A5 : 02;
	A1A6 : 0A;
	A1A7 : CA;
	A1A8 : 15;
	A1A9 : 41;
	A1AA : A9;
	A1AB : 82;
	A1AC : 1A;
	A1AD : AC;
	A1AE : C8;
	A1AF : 21;
	A1B0 : AA;
	A1B1 : 17;
	A1B2 : 33;
	A1B3 : 19;
	A1B4 : CD;
	A1B5 : 80;
	A1B6 : 8A;
	A1B7 : 91;
	A1B8 : 25;
	A1B9 : 32;
	A1BA : BF;
	A1BB : A0;
	A1BC : 09;
	A1BD : 80;
	A1BE : 23;
	A1BF : 13;
	A1C0 : 8A;
	A1C1 : 98;
	A1C2 : 40;
	A1C3 : A9;
	A1C4 : 11;
	A1C5 : 25;
	A1C6 : 09;
	A1C7 : 90;
	A1C8 : 8D;
	A1C9 : CD;
	A1CA : B8;
	A1CB : 01;
	A1CC : 54;
	A1CD : 22;
	A1CE : 20;
	A1CF : BD;
	A1D0 : CA;
	A1D1 : 80;
	A1D2 : 14;
	A1D3 : 3A;
	A1D4 : B0;
	A1D5 : 0D;
	A1D6 : C8;
	A1D7 : 13;
	A1D8 : 33;
	A1D9 : 1C;
	A1DA : D0;
	A1DB : 22;
	A1DC : 88;
	A1DD : 11;
	A1DE : 25;
	A1DF : 3A;
	A1E0 : FB;
	A1E1 : 81;
	A1E2 : 8A;
	A1E3 : 90;
	A1E4 : 13;
	A1E5 : 50;
	A1E6 : AB;
	A1E7 : 03;
	A1E8 : 1A;
	A1E9 : A5;
	A1EA : 40;
	A1EB : 91;
	A1EC : 0C;
	A1ED : C8;
	A1EE : 39;
	A1EF : F9;
	A1F0 : 21;
	A1F1 : 99;
	A1F2 : 80;
	A1F3 : C0;
	A1F4 : 65;
	A1F5 : 19;
	A1F6 : A0;
	A1F7 : 88;
	A1F8 : 08;
	A1F9 : BA;
	A1FA : 27;
	A1FB : 28;
	A1FC : C0;
	A1FD : 18;
	A1FE : A9;
	A1FF : 19;
	A200 : C2;
	A201 : 40;
	A202 : A9;
	A203 : 33;
	A204 : 89;
	A205 : 10;
	A206 : FC;
	A207 : 03;
	A208 : 1A;
	A209 : 83;
	A20A : 0A;
	A20B : 18;
	A20C : EC;
	A20D : 94;
	A20E : 30;
	A20F : 20;
	A210 : 7F;
	A211 : 11;
	A212 : 12;
	A213 : 9F;
	A214 : CA;
	A215 : 89;
	A216 : A8;
	A217 : 35;
	A218 : 52;
	A219 : 29;
	A21A : DA;
	A21B : 80;
	A21C : 9B;
	A21D : 82;
	A21E : 53;
	A21F : 42;
	A220 : 09;
	A221 : 98;
	A222 : BF;
	A223 : B9;
	A224 : 82;
	A225 : 31;
	A226 : 20;
	A227 : 09;
	A228 : 08;
	A229 : CE;
	A22A : B9;
	A22B : 44;
	A22C : 20;
	A22D : 89;
	A22E : A4;
	A22F : 18;
	A230 : BC;
	A231 : 03;
	A232 : 21;
	A233 : 8E;
	A234 : A3;
	A235 : 61;
	A236 : AC;
	A237 : CB;
	A238 : 03;
	A239 : 32;
	A23A : 13;
	A23B : 48;
	A23C : BD;
	A23D : A9;
	A23E : 80;
	A23F : 83;
	A240 : 43;
	A241 : 53;
	A242 : 1B;
	A243 : CC;
	A244 : A8;
	A245 : A9;
	A246 : 81;
	A247 : 46;
	A248 : 18;
	A249 : AA;
	A24A : 00;
	A24B : 12;
	A24C : 9B;
	A24D : 02;
	A24E : 09;
	A24F : CA;
	A250 : D8;
	A251 : 74;
	A252 : 29;
	A253 : AB;
	A254 : DA;
	A255 : B8;
	A256 : 81;
	A257 : 47;
	A258 : 40;
	A259 : 98;
	A25A : 09;
	A25B : 8A;
	A25C : AB;
	A25D : 87;
	A25E : 32;
	A25F : A9;
	A260 : 01;
	A261 : 28;
	A262 : BE;
	A263 : B9;
	A264 : 01;
	A265 : 00;
	A266 : 25;
	A267 : 34;
	A268 : 2A;
	A269 : DC;
	A26A : A8;
	A26B : 80;
	A26C : 13;
	A26D : 31;
	A26E : 09;
	A26F : EC;
	A270 : 91;
	A271 : 01;
	A272 : 22;
	A273 : 20;
	A274 : 89;
	A275 : 9D;
	A276 : 83;
	A277 : 20;
	A278 : 13;
	A279 : 32;
	A27A : 1E;
	A27B : DA;
	A27C : A0;
	A27D : 22;
	A27E : 9F;
	A27F : B1;
	A280 : 43;
	A281 : 11;
	A282 : 08;
	A283 : 12;
	A284 : AF;
	A285 : DA;
	A286 : 11;
	A287 : 22;
	A288 : 18;
	A289 : 90;
	A28A : 1C;
	A28B : FC;
	A28C : 81;
	A28D : 33;
	A28E : 20;
	A28F : 98;
	A290 : 7F;
	A291 : 23;
	A292 : AF;
	A293 : A8;
	A294 : 14;
	A295 : 11;
	A296 : 99;
	A297 : 91;
	A298 : 1B;
	A299 : FA;
	A29A : 82;
	A29B : 41;
	A29C : A9;
	A29D : 82;
	A29E : 52;
	A29F : AC;
	A2A0 : A8;
	A2A1 : 24;
	A2A2 : 19;
	A2A3 : CB;
	A2A4 : 25;
	A2A5 : 20;
	A2A6 : AC;
	A2A7 : 90;
	A2A8 : 19;
	A2A9 : CE;
	A2AA : 84;
	A2AB : 41;
	A2AC : 80;
	A2AD : 90;
	A2AE : 08;
	A2AF : CD;
	A2B0 : 80;
	A2B1 : 23;
	A2B2 : 00;
	A2B3 : 10;
	A2B4 : 23;
	A2B5 : 9C;
	A2B6 : FB;
	A2B7 : 00;
	A2B8 : 28;
	A2B9 : 81;
	A2BA : 43;
	A2BB : 39;
	A2BC : DC;
	A2BD : 90;
	A2BE : 90;
	A2BF : 01;
	A2C0 : 24;
	A2C1 : 20;
	A2C2 : BC;
	A2C3 : 00;
	A2C4 : 22;
	A2C5 : 0A;
	A2C6 : F9;
	A2C7 : AA;
	A2C8 : AA;
	A2C9 : 27;
	A2CA : 61;
	A2CB : 19;
	A2CC : A9;
	A2CD : 99;
	A2CE : 9B;
	A2CF : 93;
	A2D0 : 73;
	A2D1 : 10;
	A2D2 : 18;
	A2D3 : 9A;
	A2D4 : BD;
	A2D5 : B8;
	A2D6 : 24;
	A2D7 : 19;
	A2D8 : 88;
	A2D9 : 11;
	A2DA : 01;
	A2DB : 0B;
	A2DC : B0;
	A2DD : 0A;
	A2DE : FA;
	A2DF : 14;
	A2E0 : 56;
	A2E1 : 18;
	A2E2 : BB;
	A2E3 : BB;
	A2E4 : BA;
	A2E5 : 13;
	A2E6 : 75;
	A2E7 : 10;
	A2E8 : 99;
	A2E9 : 89;
	A2EA : 9A;
	A2EB : B0;
	A2EC : 46;
	A2ED : 20;
	A2EE : 08;
	A2EF : 02;
	A2F0 : 8C;
	A2F1 : FB;
	A2F2 : 90;
	A2F3 : 01;
	A2F4 : 23;
	A2F5 : 44;
	A2F6 : 20;
	A2F7 : CB;
	A2F8 : D9;
	A2F9 : 00;
	A2FA : 10;
	A2FB : 18;
	A2FC : 10;
	A2FD : 8B;
	A2FE : A9;
	A2FF : 04;
	A300 : 20;
	A301 : A9;
	A302 : 02;
	A303 : 50;
	A304 : 89;
	A305 : 27;
	A306 : 50;
	A307 : 9B;
	A308 : A0;
	A309 : 01;
	A30A : AD;
	A30B : BB;
	A30C : 12;
	A30D : 18;
	A30E : 17;
	A30F : 43;
	A310 : 7F;
	A311 : 1A;
	A312 : BD;
	A313 : 90;
	A314 : 99;
	A315 : A9;
	A316 : 53;
	A317 : 28;
	A318 : CB;
	A319 : B1;
	A31A : 41;
	A31B : A0;
	A31C : 00;
	A31D : 35;
	A31E : 31;
	A31F : B2;
	A320 : 20;
	A321 : A8;
	A322 : 8B;
	A323 : D9;
	A324 : 9A;
	A325 : FD;
	A326 : 91;
	A327 : 21;
	A328 : 22;
	A329 : 00;
	A32A : 02;
	A32B : 1F;
	A32C : A0;
	A32D : 21;
	A32E : 01;
	A32F : 40;
	A330 : 84;
	A331 : 8F;
	A332 : C8;
	A333 : 98;
	A334 : BB;
	A335 : 00;
	A336 : 56;
	A337 : 33;
	A338 : 90;
	A339 : 9A;
	A33A : C8;
	A33B : 98;
	A33C : 80;
	A33D : 42;
	A33E : 43;
	A33F : 08;
	A340 : CC;
	A341 : A9;
	A342 : A9;
	A343 : 10;
	A344 : 92;
	A345 : 53;
	A346 : 31;
	A347 : 9A;
	A348 : 19;
	A349 : DB;
	A34A : FA;
	A34B : 02;
	A34C : 32;
	A34D : 01;
	A34E : 9B;
	A34F : 90;
	A350 : AE;
	A351 : 93;
	A352 : 52;
	A353 : 32;
	A354 : 00;
	A355 : 60;
	A356 : BE;
	A357 : BC;
	A358 : A1;
	A359 : 22;
	A35A : 13;
	A35B : 71;
	A35C : 8B;
	A35D : AC;
	A35E : B8;
	A35F : 21;
	A360 : 13;
	A361 : 73;
	A362 : 20;
	A363 : 89;
	A364 : CB;
	A365 : AA;
	A366 : BB;
	A367 : 92;
	A368 : 52;
	A369 : 34;
	A36A : 38;
	A36B : B9;
	A36C : AC;
	A36D : EA;
	A36E : 83;
	A36F : 12;
	A370 : 52;
	A371 : 09;
	A372 : 80;
	A373 : BB;
	A374 : 95;
	A375 : 32;
	A376 : 1E;
	A377 : DE;
	A378 : A8;
	A379 : 22;
	A37A : 35;
	A37B : 21;
	A37C : 88;
	A37D : 9E;
	A37E : BA;
	A37F : 90;
	A380 : 23;
	A381 : 53;
	A382 : 22;
	A383 : 19;
	A384 : DC;
	A385 : C9;
	A386 : 81;
	A387 : 10;
	A388 : 11;
	A389 : 33;
	A38A : 08;
	A38B : BE;
	A38C : 01;
	A38D : 89;
	A38E : BB;
	A38F : A3;
	A390 : 7F;
	A391 : 53;
	A392 : 23;
	A393 : 00;
	A394 : DD;
	A395 : DA;
	A396 : A8;
	A397 : 25;
	A398 : 33;
	A399 : 80;
	A39A : 08;
	A39B : BC;
	A39C : B8;
	A39D : 25;
	A39E : 42;
	A39F : 08;
	A3A0 : 00;
	A3A1 : 9B;
	A3A2 : BF;
	A3A3 : A8;
	A3A4 : 89;
	A3A5 : 91;
	A3A6 : 45;
	A3A7 : 34;
	A3A8 : 18;
	A3A9 : AB;
	A3AA : AC;
	A3AB : BA;
	A3AC : 90;
	A3AD : 45;
	A3AE : 11;
	A3AF : AA;
	A3B0 : 8B;
	A3B1 : BA;
	A3B2 : 02;
	A3B3 : 45;
	A3B4 : 41;
	A3B5 : 98;
	A3B6 : 82;
	A3B7 : 10;
	A3B8 : 9B;
	A3B9 : 86;
	A3BA : 20;
	A3BB : BC;
	A3BC : BB;
	A3BD : 08;
	A3BE : 13;
	A3BF : 18;
	A3C0 : BE;
	A3C1 : 91;
	A3C2 : 23;
	A3C3 : 43;
	A3C4 : 02;
	A3C5 : 10;
	A3C6 : CD;
	A3C7 : CB;
	A3C8 : B2;
	A3C9 : 63;
	A3CA : 0D;
	A3CB : B8;
	A3CC : 81;
	A3CD : 10;
	A3CE : 08;
	A3CF : 54;
	A3D0 : 89;
	A3D1 : 9B;
	A3D2 : 13;
	A3D3 : 50;
	A3D4 : 80;
	A3D5 : 31;
	A3D6 : CB;
	A3D7 : B8;
	A3D8 : 9B;
	A3D9 : 91;
	A3DA : 90;
	A3DB : 55;
	A3DC : 29;
	A3DD : C9;
	A3DE : 82;
	A3DF : 50;
	A3E0 : AE;
	A3E1 : A8;
	A3E2 : 82;
	A3E3 : 20;
	A3E4 : 04;
	A3E5 : 43;
	A3E6 : 38;
	A3E7 : 89;
	A3E8 : CD;
	A3E9 : FB;
	A3EA : B9;
	A3EB : 26;
	A3EC : 34;
	A3ED : 28;
	A3EE : 99;
	A3EF : BD;
	A3F0 : B9;
	A3F1 : 91;
	A3F2 : 26;
	A3F3 : 41;
	A3F4 : 01;
	A3F5 : 09;
	A3F6 : AB;
	A3F7 : CA;
	A3F8 : 90;
	A3F9 : 20;
	A3FA : 14;
	A3FB : 22;
	A3FC : 28;
	A3FD : EB;
	A3FE : A9;
	A3FF : 8A;
	A400 : B1;
	A401 : 37;
	A402 : 32;
	A403 : 89;
	A404 : 81;
	A405 : 18;
	A406 : 05;
	A407 : 18;
	A408 : CD;
	A409 : EC;
	A40A : 90;
	A40B : 24;
	A40C : 33;
	A40D : 18;
	A40E : 89;
	A40F : CD;
	A410 : 7F;
	A411 : 99;
	A412 : 82;
	A413 : 24;
	A414 : 32;
	A415 : 22;
	A416 : 9D;
	A417 : CD;
	A418 : 98;
	A419 : 01;
	A41A : 10;
	A41B : 01;
	A41C : 32;
	A41D : 9A;
	A41E : C9;
	A41F : 21;
	A420 : 18;
	A421 : BB;
	A422 : 03;
	A423 : 54;
	A424 : 52;
	A425 : 9C;
	A426 : CD;
	A427 : AA;
	A428 : 82;
	A429 : 33;
	A42A : 43;
	A42B : 10;
	A42C : 1B;
	A42D : FA;
	A42E : 98;
	A42F : 35;
	A430 : 11;
	A431 : 88;
	A432 : 10;
	A433 : 9D;
	A434 : 9A;
	A435 : 90;
	A436 : 9B;
	A437 : A0;
	A438 : 36;
	A439 : 71;
	A43A : 00;
	A43B : 9A;
	A43C : 9C;
	A43D : A8;
	A43E : 24;
	A43F : 30;
	A440 : 89;
	A441 : EB;
	A442 : 98;
	A443 : 11;
	A444 : 03;
	A445 : 42;
	A446 : 18;
	A447 : 18;
	A448 : B1;
	A449 : 32;
	A44A : 98;
	A44B : 35;
	A44C : 0D;
	A44D : CC;
	A44E : 98;
	A44F : 80;
	A450 : 18;
	A451 : 81;
	A452 : 27;
	A453 : 8B;
	A454 : 90;
	A455 : 02;
	A456 : 20;
	A457 : 51;
	A458 : 29;
	A459 : CC;
	A45A : C9;
	A45B : 10;
	A45C : 8A;
	A45D : A9;
	A45E : 98;
	A45F : 37;
	A460 : 72;
	A461 : 08;
	A462 : BB;
	A463 : 90;
	A464 : 1D;
	A465 : 04;
	A466 : 33;
	A467 : 10;
	A468 : 9C;
	A469 : 9B;
	A46A : EA;
	A46B : 02;
	A46C : 10;
	A46D : 21;
	A46E : 88;
	A46F : 12;
	A470 : 80;
	A471 : 32;
	A472 : DE;
	A473 : D8;
	A474 : 88;
	A475 : 25;
	A476 : 21;
	A477 : 8A;
	A478 : DA;
	A479 : 81;
	A47A : 10;
	A47B : 25;
	A47C : 22;
	A47D : 32;
	A47E : AF;
	A47F : DB;
	A480 : B8;
	A481 : 30;
	A482 : 43;
	A483 : 30;
	A484 : 80;
	A485 : CE;
	A486 : A9;
	A487 : 10;
	A488 : 35;
	A489 : 21;
	A48A : 12;
	A48B : 8C;
	A48C : BA;
	A48D : AC;
	A48E : A1;
	A48F : 00;
	A490 : 7F;
	A491 : 16;
	A492 : 20;
	A493 : 98;
	A494 : 80;
	A495 : 9D;
	A496 : A9;
	A497 : A0;
	A498 : 55;
	A499 : 42;
	A49A : 89;
	A49B : CA;
	A49C : 88;
	A49D : 99;
	A49E : 26;
	A49F : 31;
	A4A0 : 8A;
	A4A1 : 99;
	A4A2 : A1;
	A4A3 : BE;
	A4A4 : CA;
	A4A5 : 12;
	A4A6 : 43;
	A4A7 : 34;
	A4A8 : 99;
	A4A9 : 9C;
	A4AA : DB;
	A4AB : 81;
	A4AC : 42;
	A4AD : 34;
	A4AE : 20;
	A4AF : 00;
	A4B0 : AF;
	A4B1 : BB;
	A4B2 : 90;
	A4B3 : 21;
	A4B4 : 25;
	A4B5 : 11;
	A4B6 : 9C;
	A4B7 : 99;
	A4B8 : 80;
	A4B9 : 02;
	A4BA : 41;
	A4BB : 1B;
	A4BC : F8;
	A4BD : 10;
	A4BE : 02;
	A4BF : 89;
	A4C0 : 89;
	A4C1 : DD;
	A4C2 : A9;
	A4C3 : 04;
	A4C4 : 34;
	A4C5 : 31;
	A4C6 : 18;
	A4C7 : 9C;
	A4C8 : AB;
	A4C9 : B9;
	A4CA : 34;
	A4CB : 44;
	A4CC : 31;
	A4CD : 8B;
	A4CE : B9;
	A4CF : 00;
	A4D0 : CE;
	A4D1 : B9;
	A4D2 : 81;
	A4D3 : 34;
	A4D4 : 34;
	A4D5 : 24;
	A4D6 : 0C;
	A4D7 : DC;
	A4D8 : A9;
	A4D9 : 13;
	A4DA : 34;
	A4DB : 09;
	A4DC : CA;
	A4DD : AA;
	A4DE : 00;
	A4DF : 25;
	A4E0 : 31;
	A4E1 : 00;
	A4E2 : AC;
	A4E3 : 88;
	A4E4 : 22;
	A4E5 : 36;
	A4E6 : 18;
	A4E7 : 21;
	A4E8 : BA;
	A4E9 : BB;
	A4EA : BD;
	A4EB : 00;
	A4EC : 8B;
	A4ED : B0;
	A4EE : 13;
	A4EF : 72;
	A4F0 : E8;
	A4F1 : 42;
	A4F2 : 98;
	A4F3 : 80;
	A4F4 : 8A;
	A4F5 : 90;
	A4F6 : 93;
	A4F7 : 3A;
	A4F8 : FE;
	A4F9 : 8A;
	A4FA : A1;
	A4FB : 73;
	A4FC : 28;
	A4FD : 88;
	A4FE : 98;
	A4FF : 99;
	A500 : A1;
	A501 : 43;
	A502 : 39;
	A503 : 09;
	A504 : 90;
	A505 : AF;
	A506 : F0;
	A507 : 00;
	A508 : 08;
	A509 : 92;
	A50A : 52;
	A50B : 0B;
	A50C : 81;
	A50D : AE;
	A50E : A9;
	A50F : 13;
	A510 : 7F;
	A511 : 23;
	A512 : 31;
	A513 : 8A;
	A514 : BB;
	A515 : C3;
	A516 : 52;
	A517 : DD;
	A518 : BA;
	A519 : 02;
	A51A : 36;
	A51B : 32;
	A51C : 99;
	A51D : BA;
	A51E : FB;
	A51F : 21;
	A520 : 03;
	A521 : 62;
	A522 : 01;
	A523 : 39;
	A524 : CE;
	A525 : 98;
	A526 : 98;
	A527 : 81;
	A528 : 32;
	A529 : 01;
	A52A : 99;
	A52B : BA;
	A52C : 0C;
	A52D : B3;
	A52E : 25;
	A52F : 42;
	A530 : 0A;
	A531 : DE;
	A532 : 88;
	A533 : 32;
	A534 : 21;
	A535 : 03;
	A536 : 19;
	A537 : 9D;
	A538 : CA;
	A539 : AB;
	A53A : C1;
	A53B : 35;
	A53C : 35;
	A53D : 28;
	A53E : AC;
	A53F : AB;
	A540 : C0;
	A541 : 12;
	A542 : 25;
	A543 : 50;
	A544 : 01;
	A545 : AB;
	A546 : A9;
	A547 : BB;
	A548 : B3;
	A549 : 72;
	A54A : 21;
	A54B : 9C;
	A54C : 89;
	A54D : 99;
	A54E : 10;
	A54F : 26;
	A550 : 20;
	A551 : A9;
	A552 : B0;
	A553 : BC;
	A554 : 83;
	A555 : 53;
	A556 : 2A;
	A557 : FD;
	A558 : 90;
	A559 : 08;
	A55A : 13;
	A55B : 43;
	A55C : 20;
	A55D : A8;
	A55E : EB;
	A55F : A8;
	A560 : 21;
	A561 : 34;
	A562 : 21;
	A563 : 00;
	A564 : 9B;
	A565 : 81;
	A566 : AF;
	A567 : E0;
	A568 : 88;
	A569 : 81;
	A56A : 42;
	A56B : 32;
	A56C : 8B;
	A56D : CD;
	A56E : AA;
	A56F : 01;
	A570 : 44;
	A571 : 31;
	A572 : CB;
	A573 : C9;
	A574 : 80;
	A575 : 01;
	A576 : 62;
	A577 : 1A;
	A578 : A8;
	A579 : 01;
	A57A : C0;
	A57B : 05;
	A57C : 22;
	A57D : 00;
	A57E : 9E;
	A57F : 98;
	A580 : 9B;
	A581 : 10;
	A582 : 08;
	A583 : 20;
	A584 : 99;
	A585 : 54;
	A586 : 12;
	A587 : 81;
	A588 : 8D;
	A589 : B9;
	A58A : 9B;
	A58B : B2;
	A58C : 28;
	A58D : 54;
	A58E : DB;
	A58F : CA;
	A590 : 7F;
	A591 : 15;
	A592 : 11;
	A593 : 34;
	A594 : 0A;
	A595 : 82;
	A596 : 1D;
	A597 : 91;
	A598 : 80;
	A599 : 32;
	A59A : 8E;
	A59B : B0;
	A59C : 1D;
	A59D : B2;
	A59E : 20;
	A59F : 22;
	A5A0 : BE;
	A5A1 : 14;
	A5A2 : 32;
	A5A3 : B9;
	A5A4 : 8A;
	A5A5 : AB;
	A5A6 : 09;
	A5A7 : B2;
	A5A8 : 08;
	A5A9 : 63;
	A5AA : 44;
	A5AB : AC;
	A5AC : 90;
	A5AD : 0B;
	A5AE : 9E;
	A5AF : A3;
	A5B0 : 03;
	A5B1 : 51;
	A5B2 : 20;
	A5B3 : DD;
	A5B4 : 98;
	A5B5 : 03;
	A5B6 : 21;
	A5B7 : 80;
	A5B8 : 46;
	A5B9 : 18;
	A5BA : 8C;
	A5BB : C8;
	A5BC : 90;
	A5BD : 90;
	A5BE : 21;
	A5BF : 39;
	A5C0 : 89;
	A5C1 : 81;
	A5C2 : 8E;
	A5C3 : 82;
	A5C4 : 01;
	A5C5 : 80;
	A5C6 : 71;
	A5C7 : 8C;
	A5C8 : BA;
	A5C9 : A0;
	A5CA : 72;
	A5CB : 01;
	A5CC : 30;
	A5CD : CD;
	A5CE : BB;
	A5CF : 13;
	A5D0 : 24;
	A5D1 : 31;
	A5D2 : 32;
	A5D3 : A9;
	A5D4 : CF;
	A5D5 : AA;
	A5D6 : CA;
	A5D7 : 01;
	A5D8 : 43;
	A5D9 : 53;
	A5DA : 19;
	A5DB : C9;
	A5DC : BB;
	A5DD : 90;
	A5DE : 14;
	A5DF : 52;
	A5E0 : 30;
	A5E1 : 09;
	A5E2 : AA;
	A5E3 : BE;
	A5E4 : A8;
	A5E5 : 00;
	A5E6 : 33;
	A5E7 : 22;
	A5E8 : 19;
	A5E9 : 09;
	A5EA : FB;
	A5EB : AA;
	A5EC : 90;
	A5ED : 35;
	A5EE : 42;
	A5EF : 32;
	A5F0 : BD;
	A5F1 : CB;
	A5F2 : 99;
	A5F3 : 17;
	A5F4 : 42;
	A5F5 : 99;
	A5F6 : AD;
	A5F7 : B9;
	A5F8 : 81;
	A5F9 : 62;
	A5FA : 12;
	A5FB : 09;
	A5FC : BA;
	A5FD : A9;
	A5FE : B9;
	A5FF : 37;
	A600 : 31;
	A601 : 32;
	A602 : 2A;
	A603 : DB;
	A604 : E9;
	A605 : 08;
	A606 : 10;
	A607 : 01;
	A608 : 08;
	A609 : 8A;
	A60A : 22;
	A60B : 01;
	A60C : 09;
	A60D : 0B;
	A60E : BC;
	A60F : B1;
	A610 : 7F;
	A611 : 97;
	A612 : 73;
	A613 : 0A;
	A614 : CF;
	A615 : A9;
	A616 : 03;
	A617 : 24;
	A618 : 21;
	A619 : 8A;
	A61A : 9A;
	A61B : 89;
	A61C : 09;
	A61D : 36;
	A61E : 21;
	A61F : 13;
	A620 : AC;
	A621 : CA;
	A622 : A0;
	A623 : 8A;
	A624 : 09;
	A625 : 33;
	A626 : 39;
	A627 : B2;
	A628 : 85;
	A629 : CA;
	A62A : B8;
	A62B : 01;
	A62C : 73;
	A62D : 00;
	A62E : 8B;
	A62F : A2;
	A630 : 8A;
	A631 : 8E;
	A632 : FD;
	A633 : 82;
	A634 : 31;
	A635 : 33;
	A636 : 38;
	A637 : DC;
	A638 : 88;
	A639 : 00;
	A63A : 03;
	A63B : 34;
	A63C : 33;
	A63D : AC;
	A63E : 89;
	A63F : CF;
	A640 : A8;
	A641 : 02;
	A642 : 12;
	A643 : 21;
	A644 : 9C;
	A645 : 90;
	A646 : 09;
	A647 : A0;
	A648 : 81;
	A649 : 73;
	A64A : 8B;
	A64B : A0;
	A64C : 9B;
	A64D : 12;
	A64E : 62;
	A64F : 09;
	A650 : B8;
	A651 : A8;
	A652 : 10;
	A653 : AF;
	A654 : F9;
	A655 : 09;
	A656 : 27;
	A657 : 22;
	A658 : 0A;
	A659 : CA;
	A65A : A8;
	A65B : 12;
	A65C : 52;
	A65D : 12;
	A65E : 33;
	A65F : 9B;
	A660 : F9;
	A661 : BB;
	A662 : 09;
	A663 : 13;
	A664 : 18;
	A665 : 11;
	A666 : 31;
	A667 : BC;
	A668 : FC;
	A669 : 91;
	A66A : 22;
	A66B : 53;
	A66C : 1A;
	A66D : BD;
	A66E : A9;
	A66F : 99;
	A670 : 27;
	A671 : 33;
	A672 : 19;
	A673 : BB;
	A674 : A8;
	A675 : 10;
	A676 : 29;
	A677 : DD;
	A678 : A9;
	A679 : 25;
	A67A : 42;
	A67B : 29;
	A67C : AA;
	A67D : BD;
	A67E : 81;
	A67F : 12;
	A680 : 35;
	A681 : 13;
	A682 : 70;
	A683 : BC;
	A684 : B9;
	A685 : 98;
	A686 : 81;
	A687 : 25;
	A688 : 20;
	A689 : 89;
	A68A : A9;
	A68B : DB;
	A68C : 01;
	A68D : 84;
	A68E : 51;
	A68F : 00;
	A690 : 7F;
	A691 : 8B;
	A692 : CA;
	A693 : A0;
	A694 : 63;
	A695 : 38;
	A696 : BE;
	A697 : 9A;
	A698 : 90;
	A699 : 15;
	A69A : 12;
	A69B : 21;
	A69C : 3A;
	A69D : DB;
	A69E : 9B;
	A69F : A2;
	A6A0 : 45;
	A6A1 : 22;
	A6A2 : 18;
	A6A3 : A9;
	A6A4 : 8B;
	A6A5 : D8;
	A6A6 : 8B;
	A6A7 : 03;
	A6A8 : 0A;
	A6A9 : 80;
	A6AA : 0A;
	A6AB : 82;
	A6AC : 37;
	A6AD : 2D;
	A6AE : A9;
	A6AF : E8;
	A6B0 : 35;
	A6B1 : 32;
	A6B2 : 8C;
	A6B3 : BE;
	A6B4 : C8;
	A6B5 : 11;
	A6B6 : 23;
	A6B7 : 20;
	A6B8 : 10;
	A6B9 : 29;
	A6BA : CA;
	A6BB : A8;
	A6BC : 37;
	A6BD : 41;
	A6BE : 00;
	A6BF : 9C;
	A6C0 : AB;
	A6C1 : D9;
	A6C2 : 11;
	A6C3 : 80;
	A6C4 : 34;
	A6C5 : 9B;
	A6C6 : 91;
	A6C7 : 42;
	A6C8 : B9;
	A6C9 : 81;
	A6CA : 10;
	A6CB : 1A;
	A6CC : F8;
	A6CD : 29;
	A6CE : A8;
	A6CF : 38;
	A6D0 : EF;
	A6D1 : A1;
	A6D2 : 42;
	A6D3 : 14;
	A6D4 : 28;
	A6D5 : 98;
	A6D6 : AD;
	A6D7 : A0;
	A6D8 : 11;
	A6D9 : 22;
	A6DA : 18;
	A6DB : 40;
	A6DC : DA;
	A6DD : 98;
	A6DE : A9;
	A6DF : 04;
	A6E0 : 01;
	A6E1 : 40;
	A6E2 : 88;
	A6E3 : 9D;
	A6E4 : A8;
	A6E5 : 08;
	A6E6 : 81;
	A6E7 : 00;
	A6E8 : 34;
	A6E9 : 18;
	A6EA : CF;
	A6EB : A1;
	A6EC : 44;
	A6ED : 20;
	A6EE : AB;
	A6EF : A8;
	A6F0 : 24;
	A6F1 : AF;
	A6F2 : C9;
	A6F3 : 13;
	A6F4 : 02;
	A6F5 : 62;
	A6F6 : 08;
	A6F7 : 9D;
	A6F8 : B9;
	A6F9 : 81;
	A6FA : 22;
	A6FB : 22;
	A6FC : 51;
	A6FD : 0A;
	A6FE : AC;
	A6FF : EA;
	A700 : 02;
	A701 : 18;
	A702 : 13;
	A703 : 09;
	A704 : 99;
	A705 : B2;
	A706 : 0C;
	A707 : B8;
	A708 : 37;
	A709 : 32;
	A70A : 40;
	A70B : BD;
	A70C : BB;
	A70D : A0;
	A70E : 24;
	A70F : 41;
	A710 : 7F;
	A711 : 28;
	A712 : CB;
	A713 : AA;
	A714 : B4;
	A715 : 61;
	A716 : 41;
	A717 : 00;
	A718 : 8B;
	A719 : 90;
	A71A : 9B;
	A71B : ED;
	A71C : A9;
	A71D : 81;
	A71E : 37;
	A71F : 21;
	A720 : 9A;
	A721 : 89;
	A722 : 09;
	A723 : 90;
	A724 : 24;
	A725 : 63;
	A726 : 00;
	A727 : 99;
	A728 : AA;
	A729 : DA;
	A72A : A9;
	A72B : 13;
	A72C : 22;
	A72D : 10;
	A72E : 19;
	A72F : ED;
	A730 : 11;
	A731 : 8B;
	A732 : 91;
	A733 : 13;
	A734 : 53;
	A735 : 00;
	A736 : 8B;
	A737 : DC;
	A738 : A1;
	A739 : 44;
	A73A : 41;
	A73B : 0C;
	A73C : BE;
	A73D : 99;
	A73E : 80;
	A73F : 24;
	A740 : 43;
	A741 : 10;
	A742 : 8A;
	A743 : DA;
	A744 : A9;
	A745 : 11;
	A746 : 47;
	A747 : 20;
	A748 : 99;
	A749 : AB;
	A74A : C8;
	A74B : 08;
	A74C : 91;
	A74D : 22;
	A74E : 88;
	A74F : 19;
	A750 : A3;
	A751 : 50;
	A752 : B8;
	A753 : 39;
	A754 : CF;
	A755 : 85;
	A756 : 10;
	A757 : 24;
	A758 : 0E;
	A759 : C8;
	A75A : 89;
	A75B : 80;
	A75C : 54;
	A75D : 09;
	A75E : 80;
	A75F : 89;
	A760 : 99;
	A761 : 88;
	A762 : 36;
	A763 : 20;
	A764 : 11;
	A765 : AD;
	A766 : BA;
	A767 : 88;
	A768 : A8;
	A769 : 24;
	A76A : 22;
	A76B : 18;
	A76C : AD;
	A76D : A8;
	A76E : 11;
	A76F : 01;
	A770 : 12;
	A771 : 13;
	A772 : CD;
	A773 : 48;
	A774 : D9;
	A775 : 03;
	A776 : 09;
	A777 : 39;
	A778 : FD;
	A779 : 93;
	A77A : 72;
	A77B : 99;
	A77C : 00;
	A77D : 8C;
	A77E : 91;
	A77F : 18;
	A780 : 01;
	A781 : 21;
	A782 : 82;
	A783 : 29;
	A784 : DA;
	A785 : BA;
	A786 : 19;
	A787 : 00;
	A788 : 11;
	A789 : 45;
	A78A : 19;
	A78B : EA;
	A78C : 89;
	A78D : 83;
	A78E : 61;
	A78F : 89;
	A790 : 7F;
	A791 : 9A;
	A792 : A0;
	A793 : 23;
	A794 : 51;
	A795 : 1A;
	A796 : A0;
	A797 : 44;
	A798 : FA;
	A799 : 88;
	A79A : BA;
	A79B : A1;
	A79C : 73;
	A79D : 23;
	A79E : 99;
	A79F : CC;
	A7A0 : 80;
	A7A1 : 09;
	A7A2 : 41;
	A7A3 : 13;
	A7A4 : 36;
	A7A5 : 09;
	A7A6 : BB;
	A7A7 : CC;
	A7A8 : A0;
	A7A9 : 10;
	A7AA : 02;
	A7AB : 22;
	A7AC : 18;
	A7AD : 9B;
	A7AE : F8;
	A7AF : 90;
	A7B0 : 23;
	A7B1 : 53;
	A7B2 : 1B;
	A7B3 : A9;
	A7B4 : 28;
	A7B5 : CC;
	A7B6 : 84;
	A7B7 : 0A;
	A7B8 : 03;
	A7B9 : 02;
	A7BA : AF;
	A7BB : CD;
	A7BC : 81;
	A7BD : 11;
	A7BE : 36;
	A7BF : 12;
	A7C0 : A9;
	A7C1 : 8C;
	A7C2 : AA;
	A7C3 : 10;
	A7C4 : 54;
	A7C5 : 33;
	A7C6 : A8;
	A7C7 : AB;
	A7C8 : CC;
	A7C9 : 89;
	A7CA : 00;
	A7CB : 38;
	A7CC : 25;
	A7CD : 09;
	A7CE : BA;
	A7CF : A0;
	A7D0 : 98;
	A7D1 : 82;
	A7D2 : 62;
	A7D3 : 1B;
	A7D4 : AB;
	A7D5 : 12;
	A7D6 : 57;
	A7D7 : 10;
	A7D8 : DD;
	A7D9 : C9;
	A7DA : 81;
	A7DB : 14;
	A7DC : 23;
	A7DD : 18;
	A7DE : 1C;
	A7DF : 8B;
	A7E0 : 80;
	A7E1 : 82;
	A7E2 : 06;
	A7E3 : 22;
	A7E4 : 88;
	A7E5 : 9D;
	A7E6 : 99;
	A7E7 : 89;
	A7E8 : 98;
	A7E9 : B8;
	A7EA : 33;
	A7EB : 35;
	A7EC : 36;
	A7ED : 28;
	A7EE : AE;
	A7EF : DB;
	A7F0 : 81;
	A7F1 : 23;
	A7F2 : 30;
	A7F3 : 98;
	A7F4 : DF;
	A7F5 : A0;
	A7F6 : 02;
	A7F7 : 42;
	A7F8 : 28;
	A7F9 : 00;
	A7FA : AA;
	A7FB : B0;
	A7FC : 92;
	A7FD : 41;
	A7FE : 61;
	A7FF : 29;
	A800 : AD;
	A801 : BB;
	A802 : B0;
	A803 : 20;
	A804 : 33;
	A805 : 33;
	A806 : 10;
	A807 : BE;
	A808 : AA;
	A809 : 98;
	A80A : 05;
	A80B : 42;
	A80C : 08;
	A80D : 88;
	A80E : AE;
	A80F : 91;
	A810 : 7F;
	A811 : 09;
	A812 : FA;
	A813 : 98;
	A814 : 13;
	A815 : 63;
	A816 : 40;
	A817 : 8A;
	A818 : BB;
	A819 : B8;
	A81A : 12;
	A81B : 44;
	A81C : 32;
	A81D : 80;
	A81E : AB;
	A81F : CB;
	A820 : DA;
	A821 : A2;
	A822 : 32;
	A823 : 53;
	A824 : 18;
	A825 : 08;
	A826 : DA;
	A827 : 8B;
	A828 : CA;
	A829 : 88;
	A82A : 32;
	A82B : 06;
	A82C : 33;
	A82D : 0B;
	A82E : A9;
	A82F : C8;
	A830 : 21;
	A831 : 62;
	A832 : A9;
	A833 : 05;
	A834 : 60;
	A835 : 8C;
	A836 : BE;
	A837 : CA;
	A838 : 02;
	A839 : 35;
	A83A : 32;
	A83B : 99;
	A83C : 8B;
	A83D : B9;
	A83E : 98;
	A83F : 05;
	A840 : 34;
	A841 : 32;
	A842 : 8B;
	A843 : DB;
	A844 : D9;
	A845 : 10;
	A846 : 09;
	A847 : 25;
	A848 : 19;
	A849 : 83;
	A84A : 9C;
	A84B : C8;
	A84C : 10;
	A84D : 99;
	A84E : 25;
	A84F : 31;
	A850 : 30;
	A851 : AF;
	A852 : B8;
	A853 : B9;
	A854 : 13;
	A855 : 54;
	A856 : 10;
	A857 : BC;
	A858 : 99;
	A859 : 16;
	A85A : 31;
	A85B : 8C;
	A85C : CA;
	A85D : B8;
	A85E : 12;
	A85F : 16;
	A860 : 30;
	A861 : 0D;
	A862 : 99;
	A863 : A8;
	A864 : 02;
	A865 : 27;
	A866 : 33;
	A867 : 18;
	A868 : CC;
	A869 : 99;
	A86A : AB;
	A86B : 80;
	A86C : 15;
	A86D : 23;
	A86E : 9A;
	A86F : 92;
	A870 : 1B;
	A871 : F9;
	A872 : 31;
	A873 : 12;
	A874 : 18;
	A875 : BD;
	A876 : C9;
	A877 : 81;
	A878 : 36;
	A879 : 22;
	A87A : 8E;
	A87B : AA;
	A87C : B9;
	A87D : 24;
	A87E : 42;
	A87F : 21;
	A880 : 90;
	A881 : AB;
	A882 : EA;
	A883 : 00;
	A884 : 33;
	A885 : 53;
	A886 : 20;
	A887 : BA;
	A888 : CC;
	A889 : A8;
	A88A : B0;
	A88B : 30;
	A88C : 10;
	A88D : 41;
	A88E : A0;
	A88F : 88;
	A890 : 7F;
	A891 : 23;
	A892 : 89;
	A893 : FD;
	A894 : B8;
	A895 : 24;
	A896 : 52;
	A897 : 8B;
	A898 : DD;
	A899 : B8;
	A89A : 12;
	A89B : 35;
	A89C : 11;
	A89D : 00;
	A89E : 8A;
	A89F : A0;
	A8A0 : A9;
	A8A1 : 15;
	A8A2 : 53;
	A8A3 : 11;
	A8A4 : 8A;
	A8A5 : BE;
	A8A6 : BB;
	A8A7 : 91;
	A8A8 : 12;
	A8A9 : 33;
	A8AA : 00;
	A8AB : 9B;
	A8AC : BF;
	A8AD : BB;
	A8AE : 34;
	A8AF : 12;
	A8B0 : 28;
	A8B1 : 90;
	A8B2 : 09;
	A8B3 : 8A;
	A8B4 : E5;
	A8B5 : 49;
	A8B6 : 9A;
	A8B7 : DA;
	A8B8 : A2;
	A8B9 : 53;
	A8BA : 51;
	A8BB : 99;
	A8BC : AA;
	A8BD : BA;
	A8BE : 03;
	A8BF : 22;
	A8C0 : 42;
	A8C1 : 22;
	A8C2 : 99;
	A8C3 : 9E;
	A8C4 : A8;
	A8C5 : A8;
	A8C6 : 32;
	A8C7 : 84;
	A8C8 : 40;
	A8C9 : C8;
	A8CA : 0B;
	A8CB : BE;
	A8CC : A8;
	A8CD : 13;
	A8CE : 14;
	A8CF : 58;
	A8D0 : 89;
	A8D1 : 09;
	A8D2 : 9C;
	A8D3 : DB;
	A8D4 : 15;
	A8D5 : 21;
	A8D6 : 00;
	A8D7 : 25;
	A8D8 : 28;
	A8D9 : 09;
	A8DA : AE;
	A8DB : FA;
	A8DC : A0;
	A8DD : 24;
	A8DE : 42;
	A8DF : 8A;
	A8E0 : BA;
	A8E1 : C0;
	A8E2 : 28;
	A8E3 : 14;
	A8E4 : 42;
	A8E5 : 10;
	A8E6 : 1B;
	A8E7 : BC;
	A8E8 : AA;
	A8E9 : A9;
	A8EA : 81;
	A8EB : 11;
	A8EC : 22;
	A8ED : A1;
	A8EE : 41;
	A8EF : 10;
	A8F0 : A0;
	A8F1 : 3C;
	A8F2 : 92;
	A8F3 : 1A;
	A8F4 : FF;
	A8F5 : B3;
	A8F6 : 42;
	A8F7 : 2A;
	A8F8 : AE;
	A8F9 : 03;
	A8FA : 43;
	A8FB : 19;
	A8FC : AD;
	A8FD : DA;
	A8FE : 90;
	A8FF : 23;
	A900 : 32;
	A901 : 32;
	A902 : BF;
	A903 : C9;
	A904 : 90;
	A905 : 23;
	A906 : 44;
	A907 : 23;
	A908 : 1A;
	A909 : BE;
	A90A : BC;
	A90B : 91;
	A90C : 21;
	A90D : 02;
	A90E : 11;
	A90F : 9B;
	A910 : 7F;
	A911 : DA;
	A912 : 80;
	A913 : 43;
	A914 : 3A;
	A915 : A1;
	A916 : BC;
	A917 : D9;
	A918 : 82;
	A919 : 73;
	A91A : 29;
	A91B : 0C;
	A91C : EA;
	A91D : A0;
	A91E : 04;
	A91F : 51;
	A920 : 12;
	A921 : 0A;
	A922 : CB;
	A923 : 98;
	A924 : 01;
	A925 : 05;
	A926 : 23;
	A927 : 10;
	A928 : 9B;
	A929 : CB;
	A92A : 0B;
	A92B : A1;
	A92C : 83;
	A92D : 1B;
	A92E : D9;
	A92F : 84;
	A930 : 61;
	A931 : 11;
	A932 : 0C;
	A933 : FA;
	A934 : 88;
	A935 : 05;
	A936 : 40;
	A937 : 89;
	A938 : BB;
	A939 : A9;
	A93A : 91;
	A93B : 54;
	A93C : 12;
	A93D : 08;
	A93E : 8A;
	A93F : 99;
	A940 : A2;
	A941 : 45;
	A942 : 22;
	A943 : 20;
	A944 : BB;
	A945 : EC;
	A946 : BB;
	A947 : 81;
	A948 : 24;
	A949 : 20;
	A94A : 23;
	A94B : 8B;
	A94C : F9;
	A94D : 88;
	A94E : 23;
	A94F : 11;
	A950 : 18;
	A951 : BC;
	A952 : BC;
	A953 : 13;
	A954 : 10;
	A955 : 00;
	A956 : 99;
	A957 : FC;
	A958 : A1;
	A959 : 62;
	A95A : 41;
	A95B : 8A;
	A95C : B9;
	A95D : 90;
	A95E : A1;
	A95F : 32;
	A960 : 62;
	A961 : 32;
	A962 : 19;
	A963 : FA;
	A964 : AC;
	A965 : A0;
	A966 : 12;
	A967 : 12;
	A968 : 30;
	A969 : 20;
	A96A : CD;
	A96B : 88;
	A96C : CA;
	A96D : 35;
	A96E : 38;
	A96F : AC;
	A970 : 82;
	A971 : 8B;
	A972 : 24;
	A973 : 44;
	A974 : 89;
	A975 : EB;
	A976 : 9A;
	A977 : 92;
	A978 : 52;
	A979 : 13;
	A97A : 40;
	A97B : 98;
	A97C : 09;
	A97D : BD;
	A97E : AA;
	A97F : CA;
	A980 : 81;
	A981 : 36;
	A982 : 42;
	A983 : 08;
	A984 : AD;
	A985 : B8;
	A986 : 93;
	A987 : 32;
	A988 : 52;
	A989 : 22;
	A98A : 0D;
	A98B : BB;
	A98C : BA;
	A98D : A1;
	A98E : 16;
	A98F : 32;
	A990 : 7F;
	A991 : 88;
	A992 : 89;
	A993 : BE;
	A994 : BB;
	A995 : 98;
	A996 : 27;
	A997 : 33;
	A998 : 19;
	A999 : BA;
	A99A : AC;
	A99B : C8;
	A99C : 34;
	A99D : 24;
	A99E : 10;
	A99F : 8A;
	A9A0 : B8;
	A9A1 : 12;
	A9A2 : 71;
	A9A3 : 0C;
	A9A4 : BB;
	A9A5 : FA;
	A9A6 : 91;
	A9A7 : 35;
	A9A8 : 22;
	A9A9 : 19;
	A9AA : 9B;
	A9AB : 99;
	A9AC : D0;
	A9AD : 14;
	A9AE : 33;
	A9AF : 33;
	A9B0 : AB;
	A9B1 : CE;
	A9B2 : B9;
	A9B3 : 80;
	A9B4 : 01;
	A9B5 : 10;
	A9B6 : 83;
	A9B7 : 89;
	A9B8 : 9C;
	A9B9 : 08;
	A9BA : 93;
	A9BB : 53;
	A9BC : 23;
	A9BD : C9;
	A9BE : EB;
	A9BF : AA;
	A9C0 : 44;
	A9C1 : 71;
	A9C2 : 19;
	A9C3 : AC;
	A9C4 : BA;
	A9C5 : B2;
	A9C6 : 34;
	A9C7 : 34;
	A9C8 : 20;
	A9C9 : 1A;
	A9CA : BD;
	A9CB : A9;
	A9CC : A1;
	A9CD : 24;
	A9CE : 72;
	A9CF : 11;
	A9D0 : AB;
	A9D1 : C9;
	A9D2 : AA;
	A9D3 : 99;
	A9D4 : 03;
	A9D5 : 10;
	A9D6 : 10;
	A9D7 : 80;
	A9D8 : 12;
	A9D9 : 46;
	A9DA : 18;
	A9DB : 8A;
	A9DC : BA;
	A9DD : 90;
	A9DE : 47;
	A9DF : 09;
	A9E0 : CB;
	A9E1 : EC;
	A9E2 : 00;
	A9E3 : 13;
	A9E4 : 61;
	A9E5 : 11;
	A9E6 : 99;
	A9E7 : BA;
	A9E8 : 98;
	A9E9 : 14;
	A9EA : 42;
	A9EB : 21;
	A9EC : 09;
	A9ED : AC;
	A9EE : DA;
	A9EF : A8;
	A9F0 : 82;
	A9F1 : 24;
	A9F2 : 32;
	A9F3 : 9C;
	A9F4 : AA;
	A9F5 : DA;
	A9F6 : B0;
	A9F7 : 10;
	A9F8 : 47;
	A9F9 : 38;
	A9FA : 90;
	A9FB : 99;
	A9FC : A9;
	A9FD : 88;
	A9FE : 16;
	A9FF : 33;
	AA00 : AC;
	AA01 : DB;
	AA02 : E8;
	AA03 : 12;
	AA04 : 24;
	AA05 : 20;
	AA06 : 08;
	AA07 : 9B;
	AA08 : BA;
	AA09 : 89;
	AA0A : 54;
	AA0B : 43;
	AA0C : 11;
	AA0D : AC;
	AA0E : AC;
	AA0F : C9;
	AA10 : 7F;
	AA11 : 81;
	AA12 : 22;
	AA13 : 30;
	AA14 : 18;
	AA15 : 9E;
	AA16 : B9;
	AA17 : 81;
	AA18 : 03;
	AA19 : 21;
	AA1A : 08;
	AA1B : A9;
	AA1C : 2B;
	AA1D : B9;
	AA1E : 20;
	AA1F : 55;
	AA20 : 1A;
	AA21 : 98;
	AA22 : 1A;
	AA23 : BC;
	AA24 : B2;
	AA25 : 67;
	AA26 : 12;
	AA27 : 11;
	AA28 : 2A;
	AA29 : 0C;
	AA2A : FD;
	AA2B : B0;
	AA2C : 02;
	AA2D : 34;
	AA2E : 21;
	AA2F : 08;
	AA30 : BD;
	AA31 : AD;
	AA32 : 91;
	AA33 : 52;
	AA34 : 22;
	AA35 : 11;
	AA36 : 9C;
	AA37 : CA;
	AA38 : 88;
	AA39 : 98;
	AA3A : 08;
	AA3B : 23;
	AA3C : 80;
	AA3D : 26;
	AA3E : 9E;
	AA3F : 88;
	AA40 : 10;
	AA41 : 02;
	AA42 : 8B;
	AA43 : BA;
	AA44 : 81;
	AA45 : 13;
	AA46 : 74;
	AA47 : 80;
	AA48 : 9A;
	AA49 : 08;
	AA4A : 99;
	AA4B : 53;
	AA4C : 00;
	AA4D : BC;
	AA4E : E9;
	AA4F : 8A;
	AA50 : 22;
	AA51 : 61;
	AA52 : 21;
	AA53 : 90;
	AA54 : A8;
	AA55 : E9;
	AA56 : 80;
	AA57 : 43;
	AA58 : 52;
	AA59 : 20;
	AA5A : AE;
	AA5B : BA;
	AA5C : 89;
	AA5D : D8;
	AA5E : 10;
	AA5F : 34;
	AA60 : 18;
	AA61 : 89;
	AA62 : CC;
	AA63 : 91;
	AA64 : 04;
	AA65 : 31;
	AA66 : 10;
	AA67 : AE;
	AA68 : C0;
	AA69 : 11;
	AA6A : 43;
	AA6B : 8A;
	AA6C : CA;
	AA6D : AA;
	AA6E : 83;
	AA6F : 14;
	AA70 : 62;
	AA71 : 81;
	AA72 : 28;
	AA73 : B9;
	AA74 : AE;
	AA75 : 82;
	AA76 : 21;
	AA77 : 12;
	AA78 : 1A;
	AA79 : 91;
	AA7A : AD;
	AA7B : DB;
	AA7C : C8;
	AA7D : 21;
	AA7E : 29;
	AA7F : 80;
	AA80 : B4;
	AA81 : 61;
	AA82 : A9;
	AA83 : 98;
	AA84 : 8A;
	AA85 : 92;
	AA86 : 33;
	AA87 : 76;
	AA88 : 8B;
	AA89 : BB;
	AA8A : CB;
	AA8B : 92;
	AA8C : 44;
	AA8D : 43;
	AA8E : 18;
	AA8F : 0B;
	AA90 : 7F;
	AA91 : DA;
	AA92 : A0;
	AA93 : 52;
	AA94 : 42;
	AA95 : 12;
	AA96 : 8A;
	AA97 : CB;
	AA98 : DB;
	AA99 : 9A;
	AA9A : 11;
	AA9B : 25;
	AA9C : 21;
	AA9D : 0A;
	AA9E : 9B;
	AA9F : BA;
	AAA0 : 88;
	AAA1 : 24;
	AAA2 : 12;
	AAA3 : 01;
	AAA4 : 9A;
	AAA5 : DD;
	AAA6 : 81;
	AAA7 : 13;
	AAA8 : 52;
	AAA9 : 80;
	AAAA : 8E;
	AAAB : FA;
	AAAC : 11;
	AAAD : 43;
	AAAE : 19;
	AAAF : 82;
	AAB0 : BD;
	AAB1 : 88;
	AAB2 : 29;
	AAB3 : 23;
	AAB4 : 24;
	AAB5 : 11;
	AAB6 : AA;
	AAB7 : DC;
	AAB8 : BA;
	AAB9 : 12;
	AABA : 81;
	AABB : 53;
	AABC : 2B;
	AABD : D9;
	AABE : 98;
	AABF : AA;
	AAC0 : 35;
	AAC1 : 1B;
	AAC2 : 25;
	AAC3 : 9D;
	AAC4 : AB;
	AAC5 : B0;
	AAC6 : 44;
	AAC7 : 02;
	AAC8 : 42;
	AAC9 : 98;
	AACA : 9D;
	AACB : B0;
	AACC : 13;
	AACD : 12;
	AACE : 12;
	AACF : 52;
	AAD0 : 12;
	AAD1 : BE;
	AAD2 : DC;
	AAD3 : 99;
	AAD4 : A1;
	AAD5 : 34;
	AAD6 : 32;
	AAD7 : 20;
	AAD8 : AB;
	AAD9 : CB;
	AADA : B9;
	AADB : 04;
	AADC : 54;
	AADD : 32;
	AADE : 08;
	AADF : DC;
	AAE0 : AA;
	AAE1 : 88;
	AAE2 : 04;
	AAE3 : 20;
	AAE4 : 88;
	AAE5 : 81;
	AAE6 : AC;
	AAE7 : B9;
	AAE8 : 89;
	AAE9 : 9A;
	AAEA : 55;
	AAEB : 23;
	AAEC : 2A;
	AAED : 99;
	AAEE : 0A;
	AAEF : 99;
	AAF0 : 87;
	AAF1 : 34;
	AAF2 : 53;
	AAF3 : 99;
	AAF4 : BC;
	AAF5 : 9B;
	AAF6 : 03;
	AAF7 : 72;
	AAF8 : AC;
	AAF9 : BC;
	AAFA : C8;
	AAFB : 38;
	AAFC : 24;
	AAFD : 32;
	AAFE : 10;
	AAFF : CA;
	AB00 : A9;
	AB01 : B8;
	AB02 : 55;
	AB03 : 31;
	AB04 : 50;
	AB05 : AA;
	AB06 : CC;
	AB07 : 99;
	AB08 : 89;
	AB09 : 04;
	AB0A : 48;
	AB0B : 82;
	AB0C : 88;
	AB0D : 99;
	AB0E : BD;
	AB0F : 08;
	AB10 : 7F;
	AB11 : 14;
	AB12 : 41;
	AB13 : 88;
	AB14 : 9C;
	AB15 : A0;
	AB16 : 1A;
	AB17 : 43;
	AB18 : 52;
	AB19 : 0A;
	AB1A : CF;
	AB1B : 80;
	AB1C : 81;
	AB1D : 31;
	AB1E : 12;
	AB1F : 11;
	AB20 : AB;
	AB21 : DC;
	AB22 : AA;
	AB23 : 14;
	AB24 : 24;
	AB25 : 38;
	AB26 : 90;
	AB27 : AC;
	AB28 : AA;
	AB29 : 90;
	AB2A : 09;
	AB2B : 37;
	AB2C : 2A;
	AB2D : AB;
	AB2E : C8;
	AB2F : 13;
	AB30 : 51;
	AB31 : 21;
	AB32 : AC;
	AB33 : CB;
	AB34 : 83;
	AB35 : 35;
	AB36 : 33;
	AB37 : AF;
	AB38 : CB;
	AB39 : A9;
	AB3A : 24;
	AB3B : 43;
	AB3C : 11;
	AB3D : 09;
	AB3E : B9;
	AB3F : C9;
	AB40 : 10;
	AB41 : 52;
	AB42 : 41;
	AB43 : 81;
	AB44 : 9B;
	AB45 : CA;
	AB46 : BC;
	AB47 : 84;
	AB48 : 19;
	AB49 : 00;
	AB4A : 18;
	AB4B : 8A;
	AB4C : B9;
	AB4D : AB;
	AB4E : C3;
	AB4F : 50;
	AB50 : 01;
	AB51 : 62;
	AB52 : 08;
	AB53 : 08;
	AB54 : 0B;
	AB55 : FA;
	AB56 : 95;
	AB57 : 40;
	AB58 : 18;
	AB59 : CC;
	AB5A : BA;
	AB5B : 14;
	AB5C : 42;
	AB5D : 11;
	AB5E : 08;
	AB5F : BD;
	AB60 : B9;
	AB61 : 91;
	AB62 : 44;
	AB63 : 13;
	AB64 : 40;
	AB65 : 9A;
	AB66 : D9;
	AB67 : 99;
	AB68 : 90;
	AB69 : 84;
	AB6A : 1A;
	AB6B : 82;
	AB6C : 19;
	AB6D : 9B;
	AB6E : 82;
	AB6F : B9;
	AB70 : 09;
	AB71 : 55;
	AB72 : 10;
	AB73 : 2B;
	AB74 : F9;
	AB75 : AB;
	AB76 : 92;
	AB77 : 22;
	AB78 : 74;
	AB79 : 21;
	AB7A : 1C;
	AB7B : CD;
	AB7C : 81;
	AB7D : 14;
	AB7E : 20;
	AB7F : 08;
	AB80 : 8B;
	AB81 : A8;
	AB82 : C9;
	AB83 : 20;
	AB84 : BA;
	AB85 : 0A;
	AB86 : B0;
	AB87 : 25;
	AB88 : 37;
	AB89 : 59;
	AB8A : 09;
	AB8B : AA;
	AB8C : 90;
	AB8D : 82;
	AB8E : 73;
	AB8F : 31;
	AB90 : 7F;
	AB91 : 8C;
	AB92 : DA;
	AB93 : 88;
	AB94 : A8;
	AB95 : 11;
	AB96 : 18;
	AB97 : 01;
	AB98 : 95;
	AB99 : 0A;
	AB9A : 02;
	AB9B : 0B;
	AB9C : 21;
	AB9D : CE;
	AB9E : A8;
	AB9F : 13;
	ABA0 : 44;
	ABA1 : 01;
	ABA2 : 8C;
	ABA3 : BA;
	ABA4 : 89;
	ABA5 : 25;
	ABA6 : 54;
	ABA7 : 29;
	ABA8 : BD;
	ABA9 : CA;
	ABAA : 91;
	ABAB : 30;
	ABAC : 44;
	ABAD : 10;
	ABAE : 8A;
	ABAF : DA;
	ABB0 : B8;
	ABB1 : 16;
	ABB2 : 21;
	ABB3 : 31;
	ABB4 : 18;
	ABB5 : C9;
	ABB6 : BC;
	ABB7 : BB;
	ABB8 : A3;
	ABB9 : 02;
	ABBA : 32;
	ABBB : 59;
	ABBC : 28;
	ABBD : AB;
	ABBE : E0;
	ABBF : 33;
	ABC0 : 33;
	ABC1 : AD;
	ABC2 : 88;
	ABC3 : C9;
	ABC4 : 00;
	ABC5 : 56;
	ABC6 : 0B;
	ABC7 : 9D;
	ABC8 : CB;
	ABC9 : 02;
	ABCA : 43;
	ABCB : 25;
	ABCC : 11;
	ABCD : 9A;
	ABCE : AB;
	ABCF : 08;
	ABD0 : 81;
	ABD1 : 41;
	ABD2 : 24;
	ABD3 : 0C;
	ABD4 : A9;
	ABD5 : CC;
	ABD6 : C8;
	ABD7 : 30;
	ABD8 : 02;
	ABD9 : 8A;
	ABDA : 82;
	ABDB : 1C;
	ABDC : 24;
	ABDD : 84;
	ABDE : 30;
	ABDF : 89;
	ABE0 : CC;
	ABE1 : 80;
	ABE2 : 98;
	ABE3 : 73;
	ABE4 : AC;
	ABE5 : 9B;
	ABE6 : C9;
	ABE7 : 88;
	ABE8 : 27;
	ABE9 : 32;
	ABEA : 21;
	ABEB : 0C;
	ABEC : A9;
	ABED : 9A;
	ABEE : 24;
	ABEF : 23;
	ABF0 : 33;
	ABF1 : 1B;
	ABF2 : FD;
	ABF3 : A9;
	ABF4 : 89;
	ABF5 : 01;
	ABF6 : 21;
	ABF7 : 22;
	ABF8 : 10;
	ABF9 : AB;
	ABFA : F9;
	ABFB : 00;
	ABFC : 23;
	ABFD : 0A;
	ABFE : 00;
	ABFF : 9E;
	AC00 : 91;
	AC01 : 12;
	AC02 : 54;
	AC03 : 01;
	AC04 : 9D;
	AC05 : 93;
	AC06 : 49;
	AC07 : 90;
	AC08 : ED;
	AC09 : B8;
	AC0A : 01;
	AC0B : 63;
	AC0C : 18;
	AC0D : 0A;
	AC0E : B9;
	AC0F : 89;
	AC10 : 7F;
	AC11 : 96;
	AC12 : 32;
	AC13 : 31;
	AC14 : 19;
	AC15 : AC;
	AC16 : EC;
	AC17 : 80;
	AC18 : 00;
	AC19 : 21;
	AC1A : 99;
	AC1B : 92;
	AC1C : 29;
	AC1D : 49;
	AC1E : B1;
	AC1F : AA;
	AC20 : 89;
	AC21 : 11;
	AC22 : 22;
	AC23 : 38;
	AC24 : AC;
	AC25 : 41;
	AC26 : F9;
	AC27 : 99;
	AC28 : 17;
	AC29 : 33;
	AC2A : 18;
	AC2B : CC;
	AC2C : 8A;
	AC2D : 03;
	AC2E : 05;
	AC2F : 03;
	AC30 : 69;
	AC31 : 9A;
	AC32 : DA;
	AC33 : 92;
	AC34 : 01;
	AC35 : 01;
	AC36 : BF;
	AC37 : 99;
	AC38 : 81;
	AC39 : 52;
	AC3A : 21;
	AC3B : 81;
	AC3C : 88;
	AC3D : 9B;
	AC3E : 90;
	AC3F : 30;
	AC40 : 32;
	AC41 : 43;
	AC42 : 97;
	AC43 : 19;
	AC44 : FB;
	AC45 : 9C;
	AC46 : AB;
	AC47 : 25;
	AC48 : 23;
	AC49 : 08;
	AC4A : 09;
	AC4B : D9;
	AC4C : 80;
	AC4D : AA;
	AC4E : 43;
	AC4F : 06;
	AC50 : 3A;
	AC51 : A1;
	AC52 : 8A;
	AC53 : 81;
	AC54 : CB;
	AC55 : 16;
	AC56 : 31;
	AC57 : 81;
	AC58 : 4B;
	AC59 : DA;
	AC5A : BD;
	AC5B : A8;
	AC5C : 15;
	AC5D : 32;
	AC5E : 20;
	AC5F : 81;
	AC60 : EB;
	AC61 : 90;
	AC62 : 11;
	AC63 : 61;
	AC64 : 08;
	AC65 : 10;
	AC66 : AB;
	AC67 : C8;
	AC68 : 9A;
	AC69 : 8C;
	AC6A : A0;
	AC6B : 63;
	AC6C : 31;
	AC6D : 18;
	AC6E : BB;
	AC6F : EA;
	AC70 : 81;
	AC71 : 43;
	AC72 : 1A;
	AC73 : CB;
	AC74 : 98;
	AC75 : 25;
	AC76 : 28;
	AC77 : A1;
	AC78 : 8D;
	AC79 : A0;
	AC7A : 9B;
	AC7B : 27;
	AC7C : 72;
	AC7D : 01;
	AC7E : 9C;
	AC7F : B9;
	AC80 : 00;
	AC81 : 22;
	AC82 : 80;
	AC83 : 21;
	AC84 : 11;
	AC85 : 0D;
	AC86 : CB;
	AC87 : 00;
	AC88 : 11;
	AC89 : 10;
	AC8A : 44;
	AC8B : CA;
	AC8C : 8D;
	AC8D : B9;
	AC8E : 11;
	AC8F : 88;
	AC90 : 7F;
	AC91 : 47;
	AC92 : 28;
	AC93 : 0D;
	AC94 : C0;
	AC95 : 80;
	AC96 : 02;
	AC97 : 12;
	AC98 : 19;
	AC99 : EB;
	AC9A : A9;
	AC9B : 13;
	AC9C : 53;
	AC9D : 23;
	AC9E : 18;
	AC9F : BA;
	ACA0 : CA;
	ACA1 : 90;
	ACA2 : 8A;
	ACA3 : 57;
	ACA4 : 40;
	ACA5 : 98;
	ACA6 : BB;
	ACA7 : A8;
	ACA8 : 00;
	ACA9 : 20;
	ACAA : 0A;
	ACAB : 33;
	ACAC : BD;
	ACAD : 0B;
	ACAE : AC;
	ACAF : 94;
	ACB0 : 23;
	ACB1 : 61;
	ACB2 : 8C;
	ACB3 : 91;
	ACB4 : 89;
	ACB5 : 02;
	ACB6 : 35;
	ACB7 : 9A;
	ACB8 : 98;
	ACB9 : B1;
	ACBA : 53;
	ACBB : 08;
	ACBC : 0B;
	ACBD : FF;
	ACBE : C0;
	ACBF : 00;
	ACC0 : 34;
	ACC1 : 01;
	ACC2 : 11;
	ACC3 : BC;
	ACC4 : 98;
	ACC5 : 80;
	ACC6 : 43;
	ACC7 : 33;
	ACC8 : 1A;
	ACC9 : B8;
	ACCA : 9E;
	ACCB : C9;
	ACCC : A9;
	ACCD : 21;
	ACCE : 82;
	ACCF : 42;
	ACD0 : 19;
	ACD1 : DC;
	ACD2 : AA;
	ACD3 : 9A;
	ACD4 : 06;
	ACD5 : 52;
	ACD6 : 08;
	ACD7 : 0A;
	ACD8 : A1;
	ACD9 : 8A;
	ACDA : 21;
	ACDB : 02;
	ACDC : 47;
	ACDD : 1B;
	ACDE : B8;
	ACDF : 81;
	ACE0 : 18;
	ACE1 : 13;
	ACE2 : 59;
	ACE3 : C8;
	ACE4 : ED;
	ACE5 : B9;
	ACE6 : 81;
	ACE7 : 37;
	ACE8 : 30;
	ACE9 : 09;
	ACEA : 90;
	ACEB : 99;
	ACEC : 98;
	ACED : 02;
	ACEE : 23;
	ACEF : 73;
	ACF0 : 1A;
	ACF1 : DC;
	ACF2 : 9A;
	ACF3 : 98;
	ACF4 : 21;
	ACF5 : 11;
	ACF6 : 28;
	ACF7 : 89;
	ACF8 : 9D;
	ACF9 : B8;
	ACFA : 00;
	ACFB : 40;
	ACFC : 81;
	ACFD : 04;
	ACFE : 44;
	ACFF : AC;
	AD00 : AB;
	AD01 : 98;
	AD02 : 44;
	AD03 : 64;
	AD04 : 28;
	AD05 : B0;
	AD06 : DB;
	AD07 : A9;
	AD08 : 00;
	AD09 : 53;
	AD0A : 11;
	AD0B : 00;
	AD0C : AB;
	AD0D : B9;
	AD0E : B2;
	AD0F : 10;
	AD10 : 7F;
	AD11 : 37;
	AD12 : 70;
	AD13 : 99;
	AD14 : A9;
	AD15 : 81;
	AD16 : 09;
	AD17 : 9B;
	AD18 : A8;
	AD19 : 83;
	AD1A : 73;
	AD1B : 89;
	AD1C : DA;
	AD1D : 01;
	AD1E : 2A;
	AD1F : C2;
	AD20 : 1B;
	AD21 : 90;
	AD22 : 24;
	AD23 : 04;
	AD24 : 32;
	AD25 : 2A;
	AD26 : FF;
	AD27 : A9;
	AD28 : 11;
	AD29 : 23;
	AD2A : 11;
	AD2B : 02;
	AD2C : 01;
	AD2D : 5B;
	AD2E : B2;
	AD2F : 21;
	AD30 : 52;
	AD31 : 38;
	AD32 : DA;
	AD33 : DB;
	AD34 : A0;
	AD35 : 0A;
	AD36 : 21;
	AD37 : 80;
	AD38 : 28;
	AD39 : 9C;
	AD3A : C0;
	AD3B : AC;
	AD3C : 01;
	AD3D : 15;
	AD3E : 71;
	AD3F : 81;
	AD40 : AC;
	AD41 : 09;
	AD42 : 9A;
	AD43 : 94;
	AD44 : 33;
	AD45 : 3B;
	AD46 : C9;
	AD47 : AF;
	AD48 : C2;
	AD49 : 22;
	AD4A : 52;
	AD4B : 20;
	AD4C : AA;
	AD4D : A8;
	AD4E : 09;
	AD4F : B1;
	AD50 : 32;
	AD51 : 77;
	AD52 : 10;
	AD53 : BA;
	AD54 : BC;
	AD55 : AA;
	AD56 : 81;
	AD57 : 23;
	AD58 : 38;
	AD59 : 20;
	AD5A : CA;
	AD5B : DA;
	AD5C : 31;
	AD5D : 08;
	AD5E : 33;
	AD5F : 11;
	AD60 : AF;
	AD61 : B1;
	AD62 : 42;
	AD63 : 83;
	AD64 : 11;
	AD65 : 24;
	AD66 : 0C;
	AD67 : DB;
	AD68 : 92;
	AD69 : 61;
	AD6A : A0;
	AD6B : 1A;
	AD6C : BE;
	AD6D : C0;
	AD6E : 81;
	AD6F : 43;
	AD70 : 31;
	AD71 : CB;
	AD72 : 1B;
	AD73 : 88;
	AD74 : 04;
	AD75 : 04;
	AD76 : 53;
	AD77 : 90;
	AD78 : 0D;
	AD79 : BA;
	AD7A : 80;
	AD7B : 89;
	AD7C : 89;
	AD7D : 23;
	AD7E : 22;
	AD7F : AF;
	AD80 : E0;
	AD81 : 80;
	AD82 : 30;
	AD83 : 11;
	AD84 : 48;
	AD85 : C9;
	AD86 : 82;
	AD87 : 08;
	AD88 : 1A;
	AD89 : 90;
	AD8A : 9B;
	AD8B : A7;
	AD8C : 40;
	AD8D : 20;
	AD8E : B1;
	AD8F : 22;
	AD90 : 7F;
	AD91 : 50;
	AD92 : A9;
	AD93 : 52;
	AD94 : EF;
	AD95 : B8;
	AD96 : A0;
	AD97 : 32;
	AD98 : 31;
	AD99 : 2A;
	AD9A : 90;
	AD9B : 89;
	AD9C : 01;
	AD9D : 82;
	AD9E : 77;
	AD9F : 10;
	ADA0 : 0A;
	ADA1 : AC;
	ADA2 : 99;
	ADA3 : 80;
	ADA4 : 8A;
	ADA5 : 84;
	ADA6 : 01;
	ADA7 : 2B;
	ADA8 : 89;
	ADA9 : 98;
	ADAA : C0;
	ADAB : 59;
	ADAC : 98;
	ADAD : 1C;
	ADAE : 37;
	ADAF : 2A;
	ADB0 : A0;
	ADB1 : 90;
	ADB2 : 12;
	ADB3 : 58;
	ADB4 : 03;
	ADB5 : 81;
	ADB6 : 2D;
	ADB7 : F8;
	ADB8 : C0;
	ADB9 : 31;
	ADBA : 10;
	ADBB : 09;
	ADBC : EA;
	ADBD : 11;
	ADBE : 32;
	ADBF : A9;
	ADC0 : 15;
	ADC1 : 29;
	ADC2 : 80;
	ADC3 : 29;
	ADC4 : A1;
	ADC5 : 9F;
	ADC6 : BC;
	ADC7 : 82;
	ADC8 : 03;
	ADC9 : 0A;
	ADCA : 32;
	ADCB : 8F;
	ADCC : BB;
	ADCD : B1;
	ADCE : 70;
	ADCF : 83;
	ADD0 : 08;
	ADD1 : 98;
	ADD2 : 16;
	ADD3 : 42;
	ADD4 : BE;
	ADD5 : AB;
	ADD6 : B8;
	ADD7 : 34;
	ADD8 : 24;
	ADD9 : 32;
	ADDA : 98;
	ADDB : 9A;
	ADDC : 99;
	ADDD : 0D;
	ADDE : 85;
	ADDF : 34;
	ADE0 : 1A;
	ADE1 : 88;
	ADE2 : 89;
	ADE3 : DB;
	ADE4 : AD;
	ADE5 : A3;
	ADE6 : 28;
	ADE7 : 09;
	ADE8 : 04;
	ADE9 : 3A;
	ADEA : 9A;
	ADEB : BD;
	ADEC : 94;
	ADED : 11;
	ADEE : 34;
	ADEF : 09;
	ADF0 : 92;
	ADF1 : 3A;
	ADF2 : E8;
	ADF3 : 1A;
	ADF4 : 98;
	ADF5 : 25;
	ADF6 : 11;
	ADF7 : DB;
	ADF8 : A0;
	ADF9 : 2C;
	ADFA : 91;
	ADFB : 27;
	ADFC : 48;
	ADFD : 99;
	ADFE : 0B;
	ADFF : A9;
	AE00 : 80;
	AE01 : 65;
	AE02 : 02;
	AE03 : 41;
	AE04 : 99;
	AE05 : AA;
	AE06 : CB;
	AE07 : A8;
	AE08 : 33;
	AE09 : 51;
	AE0A : 09;
	AE0B : FA;
	AE0C : 89;
	AE0D : 92;
	AE0E : 50;
	AE0F : C9;
	AE10 : 7F;
	AE11 : 31;
	AE12 : 09;
	AE13 : 88;
	AE14 : 91;
	AE15 : 05;
	AE16 : 1B;
	AE17 : CA;
	AE18 : 30;
	AE19 : BB;
	AE1A : 05;
	AE1B : 55;
	AE1C : 88;
	AE1D : AA;
	AE1E : 02;
	AE1F : 48;
	AE20 : 80;
	AE21 : 30;
	AE22 : CB;
	AE23 : D9;
	AE24 : 03;
	AE25 : 8B;
	AE26 : 15;
	AE27 : 63;
	AE28 : 1A;
	AE29 : AD;
	AE2A : B8;
	AE2B : 89;
	AE2C : 32;
	AE2D : 80;
	AE2E : 12;
	AE2F : BA;
	AE30 : 0C;
	AE31 : B2;
	AE32 : 68;
	AE33 : D8;
	AE34 : 37;
	AE35 : 10;
	AE36 : 1A;
	AE37 : 08;
	AE38 : AB;
	AE39 : A0;
	AE3A : BF;
	AE3B : 92;
	AE3C : 21;
	AE3D : 83;
	AE3E : 0C;
	AE3F : AD;
	AE40 : 24;
	AE41 : 36;
	AE42 : 8A;
	AE43 : 9A;
	AE44 : A8;
	AE45 : 11;
	AE46 : 13;
	AE47 : 62;
	AE48 : 09;
	AE49 : BB;
	AE4A : CB;
	AE4B : 82;
	AE4C : 33;
	AE4D : 35;
	AE4E : 8C;
	AE4F : DB;
	AE50 : B8;
	AE51 : 81;
	AE52 : 43;
	AE53 : 41;
	AE54 : 23;
	AE55 : 99;
	AE56 : DB;
	AE57 : B1;
	AE58 : 37;
	AE59 : 09;
	AE5A : 11;
	AE5B : 39;
	AE5C : AD;
	AE5D : C8;
	AE5E : 18;
	AE5F : 19;
	AE60 : A3;
	AE61 : 60;
	AE62 : B9;
	AE63 : 88;
	AE64 : 88;
	AE65 : A8;
	AE66 : A4;
	AE67 : 73;
	AE68 : 1A;
	AE69 : CB;
	AE6A : 81;
	AE6B : 88;
	AE6C : 93;
	AE6D : 74;
	AE6E : 11;
	AE6F : 9D;
	AE70 : AC;
	AE71 : 90;
	AE72 : 81;
	AE73 : 32;
	AE74 : 25;
	AE75 : 89;
	AE76 : 93;
	AE77 : 1C;
	AE78 : 99;
	AE79 : 11;
	AE7A : 17;
	AE7B : 88;
	AE7C : 20;
	AE7D : BC;
	AE7E : B0;
	AE7F : 0B;
	AE80 : 80;
	AE81 : 43;
	AE82 : BB;
	AE83 : 89;
	AE84 : 9E;
	AE85 : 10;
	AE86 : E9;
	AE87 : 27;
	AE88 : 40;
	AE89 : 9A;
	AE8A : 99;
	AE8B : 89;
	AE8C : 25;
	AE8D : 11;
	AE8E : 09;
	AE8F : FA;
	AE90 : 7F;
	AE91 : A9;
	AE92 : 08;
	AE93 : 35;
	AE94 : 10;
	AE95 : 08;
	AE96 : 12;
	AE97 : 88;
	AE98 : AB;
	AE99 : 25;
	AE9A : 04;
	AE9B : 31;
	AE9C : 19;
	AE9D : AB;
	AE9E : 88;
	AE9F : FE;
	AEA0 : 91;
	AEA1 : 18;
	AEA2 : 98;
	AEA3 : 03;
	AEA4 : 8E;
	AEA5 : 98;
	AEA6 : 89;
	AEA7 : 02;
	AEA8 : 88;
	AEA9 : 19;
	AEAA : 93;
	AEAB : 13;
	AEAC : 63;
	AEAD : 61;
	AEAE : 21;
	AEAF : BB;
	AEB0 : CC;
	AEB1 : D0;
	AEB2 : 41;
	AEB3 : 10;
	AEB4 : A0;
	AEB5 : 9E;
	AEB6 : B0;
	AEB7 : 34;
	AEB8 : 24;
	AEB9 : 18;
	AEBA : BC;
	AEBB : 99;
	AEBC : 90;
	AEBD : 42;
	AEBE : 25;
	AEBF : 28;
	AEC0 : B9;
	AEC1 : D9;
	AEC2 : 8A;
	AEC3 : 00;
	AEC4 : 90;
	AEC5 : A1;
	AEC6 : 78;
	AEC7 : 88;
	AEC8 : 11;
	AEC9 : C8;
	AECA : 29;
	AECB : 09;
	AECC : 90;
	AECD : 85;
	AECE : 3C;
	AECF : 09;
	AED0 : E9;
	AED1 : 81;
	AED2 : 30;
	AED3 : 33;
	AED4 : 90;
	AED5 : BA;
	AED6 : 18;
	AED7 : 47;
	AED8 : 62;
	AED9 : 18;
	AEDA : 89;
	AEDB : FB;
	AEDC : 9B;
	AEDD : 08;
	AEDE : 13;
	AEDF : 88;
	AEE0 : 31;
	AEE1 : 33;
	AEE2 : F8;
	AEE3 : 28;
	AEE4 : 38;
	AEE5 : 10;
	AEE6 : B1;
	AEE7 : 46;
	AEE8 : 00;
	AEE9 : 8B;
	AEEA : E0;
	AEEB : AB;
	AEEC : 9A;
	AEED : 32;
	AEEE : 32;
	AEEF : 61;
	AEF0 : BC;
	AEF1 : A8;
	AEF2 : 00;
	AEF3 : 92;
	AEF4 : 5A;
	AEF5 : 9A;
	AEF6 : BA;
	AEF7 : C0;
	AEF8 : 34;
	AEF9 : 40;
	AEFA : 86;
	AEFB : 49;
	AEFC : 99;
	AEFD : 08;
	AEFE : 12;
	AEFF : 80;
	AF00 : DA;
	AF01 : 10;
	AF02 : 04;
	AF03 : 88;
	AF04 : 91;
	AF05 : 9E;
	AF06 : 10;
	AF07 : 0B;
	AF08 : C2;
	AF09 : 17;
	AF0A : 58;
	AF0B : 88;
	AF0C : 99;
	AF0D : 98;
	AF0E : 8D;
	AF0F : 91;
	AF10 : 7F;
	AF11 : 38;
	AF12 : A8;
	AF13 : BD;
	AF14 : 44;
	AF15 : 19;
	AF16 : E8;
	AF17 : 20;
	AF18 : 00;
	AF19 : 91;
	AF1A : 33;
	AF1B : 0B;
	AF1C : 3A;
	AF1D : DB;
	AF1E : 88;
	AF1F : B9;
	AF20 : 9C;
	AF21 : A2;
	AF22 : 74;
	AF23 : 93;
	AF24 : 30;
	AF25 : 00;
	AF26 : D8;
	AF27 : 08;
	AF28 : 13;
	AF29 : 28;
	AF2A : 44;
	AF2B : 2A;
	AF2C : DB;
	AF2D : 8B;
	AF2E : F9;
	AF2F : 9A;
	AF30 : 82;
	AF31 : 30;
	AF32 : 21;
	AF33 : 33;
	AF34 : 29;
	AF35 : 99;
	AF36 : DF;
	AF37 : C8;
	AF38 : 02;
	AF39 : 53;
	AF3A : 9A;
	AF3B : 10;
	AF3C : 09;
	AF3D : BD;
	AF3E : 92;
	AF3F : 23;
	AF40 : 71;
	AF41 : 9C;
	AF42 : A9;
	AF43 : A9;
	AF44 : 93;
	AF45 : 75;
	AF46 : 20;
	AF47 : 9A;
	AF48 : AA;
	AF49 : 89;
	AF4A : 09;
	AF4B : 15;
	AF4C : 32;
	AF4D : 02;
	AF4E : 8B;
	AF4F : DC;
	AF50 : B8;
	AF51 : 88;
	AF52 : 63;
	AF53 : 89;
	AF54 : 9B;
	AF55 : 00;
	AF56 : 99;
	AF57 : AA;
	AF58 : 28;
	AF59 : 37;
	AF5A : 32;
	AF5B : 12;
	AF5C : 8B;
	AF5D : 9E;
	AF5E : BA;
	AF5F : 83;
	AF60 : 72;
	AF61 : 80;
	AF62 : 9B;
	AF63 : 95;
	AF64 : 9B;
	AF65 : 12;
	AF66 : 1A;
	AF67 : 21;
	AF68 : 9B;
	AF69 : 08;
	AF6A : 17;
	AF6B : 8A;
	AF6C : 00;
	AF6D : BF;
	AF6E : C1;
	AF6F : 11;
	AF70 : 43;
	AF71 : 12;
	AF72 : 0D;
	AF73 : BB;
	AF74 : AB;
	AF75 : 98;
	AF76 : 04;
	AF77 : 55;
	AF78 : 30;
	AF79 : AA;
	AF7A : DD;
	AF7B : 04;
	AF7C : 18;
	AF7D : 80;
	AF7E : 14;
	AF7F : 09;
	AF80 : 9B;
	AF81 : 89;
	AF82 : 98;
	AF83 : A9;
	AF84 : 9A;
	AF85 : 82;
	AF86 : 73;
	AF87 : 40;
	AF88 : A0;
	AF89 : 8A;
	AF8A : D1;
	AF8B : 19;
	AF8C : 85;
	AF8D : 18;
	AF8E : 8B;
	AF8F : CD;
	AF90 : 7F;
	AF91 : 91;
	AF92 : 37;
	AF93 : 23;
	AF94 : 0C;
	AF95 : A9;
	AF96 : 80;
	AF97 : 99;
	AF98 : 83;
	AF99 : 89;
	AF9A : AE;
	AF9B : AB;
	AF9C : 14;
	AF9D : 21;
	AF9E : 91;
	AF9F : 21;
	AFA0 : 27;
	AFA1 : 2D;
	AFA2 : 08;
	AFA3 : 29;
	AFA4 : B2;
	AFA5 : 27;
	AFA6 : 29;
	AFA7 : 09;
	AFA8 : CB;
	AFA9 : A1;
	AFAA : 1A;
	AFAB : A9;
	AFAC : 81;
	AFAD : 90;
	AFAE : 15;
	AFAF : 68;
	AFB0 : 14;
	AFB1 : A8;
	AFB2 : 9B;
	AFB3 : CB;
	AFB4 : 14;
	AFB5 : 31;
	AFB6 : 32;
	AFB7 : D9;
	AFB8 : 0B;
	AFB9 : AC;
	AFBA : 37;
	AFBB : 80;
	AFBC : 99;
	AFBD : 18;
	AFBE : 98;
	AFBF : 98;
	AFC0 : 50;
	AFC1 : 1B;
	AFC2 : F2;
	AFC3 : 22;
	AFC4 : 2B;
	AFC5 : 98;
	AFC6 : 34;
	AFC7 : B1;
	AFC8 : 21;
	AFC9 : 89;
	AFCA : AC;
	AFCB : BD;
	AFCC : B0;
	AFCD : CA;
	AFCE : 89;
	AFCF : 31;
	AFD0 : 63;
	AFD1 : 08;
	AFD2 : BB;
	AFD3 : 96;
	AFD4 : 10;
	AFD5 : 80;
	AFD6 : 47;
	AFD7 : 1A;
	AFD8 : BB;
	AFD9 : 81;
	AFDA : 83;
	AFDB : 19;
	AFDC : 2F;
	AFDD : 89;
	AFDE : CA;
	AFDF : A2;
	AFE0 : 52;
	AFE1 : 43;
	AFE2 : 18;
	AFE3 : 90;
	AFE4 : 8A;
	AFE5 : FA;
	AFE6 : 95;
	AFE7 : 21;
	AFE8 : 10;
	AFE9 : 00;
	AFEA : AB;
	AFEB : BC;
	AFEC : A8;
	AFED : 02;
	AFEE : BB;
	AFEF : B0;
	AFF0 : 76;
	AFF1 : 0A;
	AFF2 : DA;
	AFF3 : 22;
	AFF4 : 19;
	AFF5 : 10;
	AFF6 : 84;
	AFF7 : 81;
	AFF8 : AD;
	AFF9 : 80;
	AFFA : 38;
	AFFB : 0A;
	AFFC : 17;
	AFFD : 00;
	AFFE : 99;
	AFFF : 90;
	B000 : 30;
	B001 : 84;
	B002 : 68;
	B003 : 82;
	B004 : 9E;
	B005 : CC;
	B006 : 89;
	B007 : 83;
	B008 : 42;
	B009 : 01;
	B00A : 30;
	B00B : CD;
	B00C : A0;
	B00D : 23;
	B00E : 28;
	B00F : 80;
	B010 : 7F;
	B011 : 15;
	B012 : 88;
	B013 : 8D;
	B014 : DA;
	B015 : 18;
	B016 : 99;
	B017 : 15;
	B018 : 21;
	B019 : 8B;
	B01A : C8;
	B01B : 39;
	B01C : A2;
	B01D : 89;
	B01E : 13;
	B01F : 70;
	B020 : BA;
	B021 : 90;
	B022 : 62;
	B023 : 08;
	B024 : 02;
	B025 : 08;
	B026 : AA;
	B027 : A0;
	B028 : 73;
	B029 : 8A;
	B02A : 18;
	B02B : B1;
	B02C : BC;
	B02D : A2;
	B02E : 20;
	B02F : 49;
	B030 : FE;
	B031 : 9A;
	B032 : 80;
	B033 : 80;
	B034 : 44;
	B035 : 38;
	B036 : 1A;
	B037 : E9;
	B038 : 11;
	B039 : 14;
	B03A : 18;
	B03B : 05;
	B03C : 1C;
	B03D : 89;
	B03E : BA;
	B03F : 90;
	B040 : 14;
	B041 : 31;
	B042 : 9B;
	B043 : AA;
	B044 : D2;
	B045 : 09;
	B046 : 82;
	B047 : 49;
	B048 : AE;
	B049 : A8;
	B04A : 21;
	B04B : 13;
	B04C : 8A;
	B04D : 27;
	B04E : 71;
	B04F : 9A;
	B050 : 80;
	B051 : 23;
	B052 : 0B;
	B053 : A0;
	B054 : BD;
	B055 : 9A;
	B056 : CA;
	B057 : 11;
	B058 : 85;
	B059 : 39;
	B05A : C3;
	B05B : 01;
	B05C : 88;
	B05D : 28;
	B05E : 57;
	B05F : 30;
	B060 : A9;
	B061 : C0;
	B062 : 21;
	B063 : AC;
	B064 : C9;
	B065 : A9;
	B066 : 08;
	B067 : 15;
	B068 : 31;
	B069 : 29;
	B06A : CA;
	B06B : 8A;
	B06C : C1;
	B06D : 0A;
	B06E : 03;
	B06F : 75;
	B070 : 18;
	B071 : A9;
	B072 : 99;
	B073 : C9;
	B074 : 90;
	B075 : 01;
	B076 : 73;
	B077 : 00;
	B078 : 04;
	B079 : 01;
	B07A : 0F;
	B07B : A0;
	B07C : 90;
	B07D : 12;
	B07E : 00;
	B07F : 22;
	B080 : AE;
	B081 : A0;
	B082 : 1A;
	B083 : A9;
	B084 : B4;
	B085 : 2A;
	B086 : A3;
	B087 : 3F;
	B088 : A0;
	B089 : 94;
	B08A : 31;
	B08B : A9;
	B08C : 10;
	B08D : E9;
	B08E : 51;
	B08F : 21;
	B090 : 7F;
	B091 : 0B;
	B092 : AA;
	B093 : 09;
	B094 : BB;
	B095 : C7;
	B096 : 71;
	B097 : 80;
	B098 : AA;
	B099 : BA;
	B09A : 98;
	B09B : 27;
	B09C : 30;
	B09D : 9C;
	B09E : 89;
	B09F : A0;
	B0A0 : 03;
	B0A1 : 42;
	B0A2 : 32;
	B0A3 : 03;
	B0A4 : 1B;
	B0A5 : EB;
	B0A6 : 10;
	B0A7 : BA;
	B0A8 : B8;
	B0A9 : 00;
	B0AA : AF;
	B0AB : C1;
	B0AC : 30;
	B0AD : 98;
	B0AE : 03;
	B0AF : 31;
	B0B0 : 41;
	B0B1 : 00;
	B0B2 : 0A;
	B0B3 : 91;
	B0B4 : D2;
	B0B5 : 7B;
	B0B6 : C9;
	B0B7 : AD;
	B0B8 : 06;
	B0B9 : 28;
	B0BA : 93;
	B0BB : 08;
	B0BC : 0B;
	B0BD : B2;
	B0BE : 11;
	B0BF : 23;
	B0C0 : 6D;
	B0C1 : 90;
	B0C2 : A9;
	B0C3 : 80;
	B0C4 : 18;
	B0C5 : 71;
	B0C6 : 81;
	B0C7 : 0C;
	B0C8 : AA;
	B0C9 : BA;
	B0CA : C4;
	B0CB : 41;
	B0CC : 21;
	B0CD : 92;
	B0CE : 18;
	B0CF : EB;
	B0D0 : BC;
	B0D1 : 83;
	B0D2 : 72;
	B0D3 : 20;
	B0D4 : 88;
	B0D5 : 9A;
	B0D6 : BC;
	B0D7 : B8;
	B0D8 : 88;
	B0D9 : 23;
	B0DA : 52;
	B0DB : 18;
	B0DC : B9;
	B0DD : A8;
	B0DE : 89;
	B0DF : 45;
	B0E0 : 98;
	B0E1 : 53;
	B0E2 : 0B;
	B0E3 : 89;
	B0E4 : EA;
	B0E5 : 18;
	B0E6 : AA;
	B0E7 : 77;
	B0E8 : 90;
	B0E9 : 89;
	B0EA : 98;
	B0EB : 11;
	B0EC : 80;
	B0ED : 1B;
	B0EE : 98;
	B0EF : 89;
	B0F0 : F9;
	B0F1 : A1;
	B0F2 : 60;
	B0F3 : 31;
	B0F4 : A8;
	B0F5 : 00;
	B0F6 : 00;
	B0F7 : 80;
	B0F8 : A1;
	B0F9 : 71;
	B0FA : 8A;
	B0FB : 90;
	B0FC : A5;
	B0FD : 9B;
	B0FE : 1C;
	B0FF : A3;
	B100 : 00;
	B101 : BD;
	B102 : 20;
	B103 : 14;
	B104 : 88;
	B105 : 8D;
	B106 : F9;
	B107 : 23;
	B108 : 90;
	B109 : 33;
	B10A : 11;
	B10B : 3B;
	B10C : FB;
	B10D : A1;
	B10E : 41;
	B10F : 22;
	B110 : 7F;
	B111 : 0A;
	B112 : AB;
	B113 : 9B;
	B114 : D0;
	B115 : 21;
	B116 : 40;
	B117 : A3;
	B118 : AF;
	B119 : 08;
	B11A : 42;
	B11B : 90;
	B11C : 08;
	B11D : A2;
	B11E : 03;
	B11F : 70;
	B120 : 00;
	B121 : 08;
	B122 : AB;
	B123 : FF;
	B124 : A0;
	B125 : 13;
	B126 : 20;
	B127 : 9B;
	B128 : A0;
	B129 : 10;
	B12A : 00;
	B12B : 81;
	B12C : 72;
	B12D : AA;
	B12E : 04;
	B12F : AA;
	B130 : 90;
	B131 : 31;
	B132 : AD;
	B133 : AA;
	B134 : B2;
	B135 : 72;
	B136 : 34;
	B137 : 12;
	B138 : 21;
	B139 : BD;
	B13A : BC;
	B13B : A9;
	B13C : 37;
	B13D : 28;
	B13E : 10;
	B13F : 18;
	B140 : DC;
	B141 : 9A;
	B142 : B0;
	B143 : 11;
	B144 : 18;
	B145 : 13;
	B146 : 49;
	B147 : B0;
	B148 : A9;
	B149 : 1D;
	B14A : 26;
	B14B : 22;
	B14C : 01;
	B14D : AA;
	B14E : CA;
	B14F : 82;
	B150 : 5C;
	B151 : C8;
	B152 : 24;
	B153 : 80;
	B154 : 09;
	B155 : 33;
	B156 : 88;
	B157 : 0A;
	B158 : 23;
	B159 : 25;
	B15A : BC;
	B15B : BF;
	B15C : B8;
	B15D : 12;
	B15E : 23;
	B15F : 11;
	B160 : 60;
	B161 : AB;
	B162 : 89;
	B163 : 91;
	B164 : 1A;
	B165 : 07;
	B166 : 19;
	B167 : B0;
	B168 : 19;
	B169 : BF;
	B16A : CA;
	B16B : 11;
	B16C : 60;
	B16D : 81;
	B16E : 90;
	B16F : 91;
	B170 : 4B;
	B171 : CB;
	B172 : A3;
	B173 : 73;
	B174 : 19;
	B175 : BC;
	B176 : 90;
	B177 : 10;
	B178 : 24;
	B179 : 02;
	B17A : 29;
	B17B : 00;
	B17C : C9;
	B17D : 20;
	B17E : CA;
	B17F : 0D;
	B180 : 92;
	B181 : 01;
	B182 : 05;
	B183 : 0D;
	B184 : 90;
	B185 : 0A;
	B186 : 13;
	B187 : 32;
	B188 : B2;
	B189 : CB;
	B18A : 01;
	B18B : 8B;
	B18C : CC;
	B18D : 12;
	B18E : 42;
	B18F : 2D;
	B190 : 7F;
	B191 : B2;
	B192 : 71;
	B193 : 99;
	B194 : C8;
	B195 : 42;
	B196 : 12;
	B197 : BA;
	B198 : 59;
	B199 : B0;
	B19A : 8A;
	B19B : 8A;
	B19C : 11;
	B19D : 22;
	B19E : 9F;
	B19F : A6;
	B1A0 : 89;
	B1A1 : 91;
	B1A2 : 83;
	B1A3 : 4A;
	B1A4 : C1;
	B1A5 : 4A;
	B1A6 : A1;
	B1A7 : 28;
	B1A8 : 21;
	B1A9 : 9A;
	B1AA : 88;
	B1AB : E9;
	B1AC : 03;
	B1AD : 0C;
	B1AE : 25;
	B1AF : AC;
	B1B0 : 83;
	B1B1 : 98;
	B1B2 : 2A;
	B1B3 : A4;
	B1B4 : 18;
	B1B5 : 2A;
	B1B6 : 09;
	B1B7 : F0;
	B1B8 : 51;
	B1B9 : 9B;
	B1BA : 12;
	B1BB : 24;
	B1BC : 80;
	B1BD : 18;
	B1BE : C8;
	B1BF : 8B;
	B1C0 : BA;
	B1C1 : 80;
	B1C2 : 09;
	B1C3 : B0;
	B1C4 : 54;
	B1C5 : 8A;
	B1C6 : DA;
	B1C7 : 28;
	B1C8 : 92;
	B1C9 : 23;
	B1CA : 72;
	B1CB : A9;
	B1CC : DA;
	B1CD : 81;
	B1CE : 33;
	B1CF : 39;
	B1D0 : A0;
	B1D1 : 8B;
	B1D2 : FA;
	B1D3 : 04;
	B1D4 : 12;
	B1D5 : 3B;
	B1D6 : 92;
	B1D7 : 29;
	B1D8 : A0;
	B1D9 : 8A;
	B1DA : 84;
	B1DB : 20;
	B1DC : 89;
	B1DD : 8A;
	B1DE : 88;
	B1DF : 99;
	B1E0 : BD;
	B1E1 : 08;
	B1E2 : 12;
	B1E3 : A8;
	B1E4 : 11;
	B1E5 : 40;
	B1E6 : 91;
	B1E7 : A8;
	B1E8 : 18;
	B1E9 : 82;
	B1EA : 80;
	B1EB : 8B;
	B1EC : 21;
	B1ED : 0C;
	B1EE : 04;
	B1EF : 80;
	B1F0 : 38;
	B1F1 : 88;
	B1F2 : B0;
	B1F3 : 41;
	B1F4 : 10;
	B1F5 : BD;
	B1F6 : C9;
	B1F7 : 01;
	B1F8 : 21;
	B1F9 : 26;
	B1FA : 28;
	B1FB : 8B;
	B1FC : 8B;
	B1FD : B0;
	B1FE : A8;
	B1FF : 25;
	B200 : 11;
	B201 : 1A;
	B202 : A9;
	B203 : 99;
	B204 : A8;
	B205 : 02;
	B206 : 21;
	B207 : 99;
	B208 : 08;
	B209 : 92;
	B20A : 8A;
	B20B : 90;
	B20C : 00;
	B20D : 02;
	B20E : 10;
	B20F : AB;
	B210 : 60;
	B211 : 98;
	B212 : 80;
	B213 : 88;
	B214 : 13;
	B215 : 40;
	B216 : 99;
	B217 : 90;
	B218 : 99;
	B219 : 00;
	B21A : 11;
	B21B : 12;
	B21C : 10;
	B21D : 09;
	B21E : 89;
	B21F : 98;
	B220 : 00;
	B221 : 00;
	B222 : 01;
	B223 : 0B;
	B224 : BA;
	B225 : 81;
	B226 : 99;
	B227 : 82;
	B228 : 3A;
	B229 : 81;
	B22A : 80;
	B22B : 88;
	B22C : 00;
	B22D : 01;
	B22E : 40;
	B22F : 99;
	B230 : 08;
	B231 : 00;
	B232 : DB;
	B233 : 00;
	B234 : 32;
	B235 : 98;
	B236 : 10;
	B237 : 0A;
	B238 : 89;
	B239 : 91;
	B23A : 82;
	B23B : 19;
	B23C : 82;
	B23D : 18;
	B23E : 89;
	B23F : 91;
	B240 : 20;
	B241 : 98;
	B242 : 90;
	B243 : 18;
	B244 : 18;
	B245 : 80;
	B246 : 01;
	B247 : 88;
	B248 : 88;
	B249 : 00;
	B24A : AA;
	B24B : 98;
	B24C : 00;
	B24D : 18;
	B24E : 10;
	B24F : 80;
	B250 : 08;
	B251 : 88;
	B252 : 01;
	B253 : 00;
	B254 : 00;
	B255 : 08;
	B256 : 09;
	B257 : 89;
	B258 : 88;
	B259 : 00;
	B25A : 08;
	B25B : 80;
	B25C : 80;
	B25D : 88;
	B25E : 00;
	B25F : 80;
	B260 : 80;
	B261 : 08;
	B262 : 08;
	B263 : 80;
	B264 : 80;
	B265 : 08;
	B266 : 08;
	B267 : 08;
	B268 : 08;
	B269 : 08;
	B26A : 08;
	B26B : 08;
	B26C : 08;
	B26D : 08;
	B26E : 08;
	B26F : 08;
	B270 : 08;
	B271 : 00;
	B272 : 00;
	B273 : 00;
	B274 : 00;
	B275 : 00;
	B276 : 00;
	B277 : 00;
	B278 : 00;
	B279 : 00;
	B27A : 00;
	B27B : 00;
	B27C : 00;
	B27D : 00;
	B27E : 00;
	B27F : 00;
	B280 : 7F;
	B281 : 00;
	B282 : 80;
	B283 : 80;
	B284 : 80;
	B285 : 80;
	B286 : 80;
	B287 : 80;
	B288 : 80;
	B289 : 80;
	B28A : 80;
	B28B : 80;
	B28C : 80;
	B28D : 80;
	B28E : 80;
	B28F : 80;
	B290 : 08;
	B291 : 80;
	B292 : 80;
	B293 : 80;
	B294 : 00;
	B295 : 90;
	B296 : 08;
	B297 : 80;
	B298 : 88;
	B299 : 08;
	B29A : 00;
	B29B : 80;
	B29C : 08;
	B29D : 98;
	B29E : 08;
	B29F : 11;
	B2A0 : 89;
	B2A1 : 91;
	B2A2 : 18;
	B2A3 : 19;
	B2A4 : B0;
	B2A5 : 21;
	B2A6 : 91;
	B2A7 : 9B;
	B2A8 : 30;
	B2A9 : A2;
	B2AA : A9;
	B2AB : 4A;
	B2AC : 88;
	B2AD : 22;
	B2AE : B0;
	B2AF : 20;
	B2B0 : 09;
	B2B1 : 98;
	B2B2 : B0;
	B2B3 : 29;
	B2B4 : 40;
	B2B5 : C1;
	B2B6 : 6A;
	B2B7 : A4;
	B2B8 : 8A;
	B2B9 : 09;
	B2BA : 11;
	B2BB : 08;
	B2BC : A3;
	B2BD : 3A;
	B2BE : 9D;
	B2BF : 96;
	B2C0 : 2B;
	B2C1 : B3;
	B2C2 : AA;
	B2C3 : 78;
	B2C4 : 80;
	B2C5 : 08;
	B2C6 : 93;
	B2C7 : C8;
	B2C8 : 4A;
	B2C9 : 31;
	B2CA : C0;
	B2CB : D1;
	B2CC : 68;
	B2CD : A8;
	B2CE : 19;
	B2CF : A5;
	B2D0 : 0A;
	B2D1 : 83;
	B2D2 : 2B;
	B2D3 : 8C;
	B2D4 : 81;
	B2D5 : 68;
	B2D6 : F1;
	B2D7 : 09;
	B2D8 : 68;
	B2D9 : A0;
	B2DA : 80;
	B2DB : 80;
	B2DC : 0A;
	B2DD : 18;
	B2DE : 09;
	B2DF : 20;
	B2E0 : F3;
	B2E1 : 09;
	B2E2 : 09;
	B2E3 : 88;
	B2E4 : 98;
	B2E5 : 97;
	B2E6 : 89;
	B2E7 : 4A;
	B2E8 : 13;
	B2E9 : F9;
	B2EA : 23;
	B2EB : BB;
	B2EC : 13;
	B2ED : 1F;
	B2EE : 40;
	B2EF : D2;
	B2F0 : 0A;
	B2F1 : 11;
	B2F2 : 8C;
	B2F3 : 14;
	B2F4 : B0;
	B2F5 : 1A;
	B2F6 : 40;
	B2F7 : 81;
	B2F8 : F9;
	B2F9 : 59;
	B2FA : 89;
	B2FB : 10;
	B2FC : A4;
	B2FD : 1D;
	B2FE : 01;
	B2FF : 01;
	B300 : 7F;
	B301 : 8C;
	B302 : 91;
	B303 : 30;
	B304 : A8;
	B305 : 98;
	B306 : 61;
	B307 : C9;
	B308 : 12;
	B309 : B1;
	B30A : 3B;
	B30B : 04;
	B30C : F3;
	B30D : 1E;
	B30E : 29;
	B30F : 93;
	B310 : 99;
	B311 : 12;
	B312 : 9B;
	B313 : 38;
	B314 : 84;
	B315 : BA;
	B316 : 32;
	B317 : E9;
	B318 : 58;
	B319 : 80;
	B31A : 88;
	B31B : 85;
	B31C : 0F;
	B31D : 20;
	B31E : B2;
	B31F : B2;
	B320 : 39;
	B321 : 1B;
	B322 : 93;
	B323 : B5;
	B324 : 3F;
	B325 : 19;
	B326 : D4;
	B327 : 1B;
	B328 : 08;
	B329 : 02;
	B32A : 93;
	B32B : 8F;
	B32C : 39;
	B32D : C3;
	B32E : 1A;
	B32F : 80;
	B330 : 80;
	B331 : 49;
	B332 : B1;
	B333 : 30;
	B334 : BA;
	B335 : A5;
	B336 : 1F;
	B337 : 83;
	B338 : 19;
	B339 : A0;
	B33A : 21;
	B33B : 2F;
	B33C : 95;
	B33D : 98;
	B33E : 99;
	B33F : 32;
	B340 : C9;
	B341 : 22;
	B342 : 9B;
	B343 : 60;
	B344 : AD;
	B345 : 15;
	B346 : 98;
	B347 : 1E;
	B348 : 04;
	B349 : 89;
	B34A : 09;
	B34B : 00;
	B34C : 98;
	B34D : 24;
	B34E : AB;
	B34F : 10;
	B350 : 91;
	B351 : 41;
	B352 : B9;
	B353 : 9D;
	B354 : 86;
	B355 : 20;
	B356 : AA;
	B357 : 0B;
	B358 : 96;
	B359 : 22;
	B35A : AF;
	B35B : 81;
	B35C : 92;
	B35D : 60;
	B35E : C0;
	B35F : 8D;
	B360 : 04;
	B361 : 10;
	B362 : 8A;
	B363 : CA;
	B364 : 42;
	B365 : 22;
	B366 : BD;
	B367 : AA;
	B368 : 43;
	B369 : 23;
	B36A : EA;
	B36B : A8;
	B36C : 35;
	B36D : 28;
	B36E : CA;
	B36F : B0;
	B370 : 52;
	B371 : 20;
	B372 : DA;
	B373 : 98;
	B374 : 43;
	B375 : 2A;
	B376 : CB;
	B377 : B3;
	B378 : 44;
	B379 : 2A;
	B37A : D9;
	B37B : A2;
	B37C : 51;
	B37D : 1A;
	B37E : CA;
	B37F : 82;
	B380 : 7F;
	B381 : 42;
	B382 : 0B;
	B383 : BB;
	B384 : A5;
	B385 : 42;
	B386 : 1C;
	B387 : BB;
	B388 : 04;
	B389 : 32;
	B38A : 0C;
	B38B : CB;
	B38C : 04;
	B38D : 41;
	B38E : 8B;
	B38F : C9;
	B390 : 12;
	B391 : 43;
	B392 : AD;
	B393 : A9;
	B394 : 14;
	B395 : 22;
	B396 : AB;
	B397 : CA;
	B398 : 24;
	B399 : 42;
	B39A : AD;
	B39B : B9;
	B39C : 34;
	B39D : 31;
	B39E : CB;
	B39F : 9A;
	B3A0 : 26;
	B3A1 : 20;
	B3A2 : AB;
	B3A3 : BA;
	B3A4 : 44;
	B3A5 : 12;
	B3A6 : AE;
	B3A7 : 99;
	B3A8 : 14;
	B3A9 : 22;
	B3AA : BC;
	B3AB : 9A;
	B3AC : 15;
	B3AD : 21;
	B3AE : 9C;
	B3AF : A9;
	B3B0 : 04;
	B3B1 : 22;
	B3B2 : 0C;
	B3B3 : CA;
	B3B4 : 03;
	B3B5 : 34;
	B3B6 : 1B;
	B3B7 : D9;
	B3B8 : A1;
	B3B9 : 52;
	B3BA : 19;
	B3BB : C9;
	B3BC : A8;
	B3BD : 34;
	B3BE : 21;
	B3BF : BC;
	B3C0 : AA;
	B3C1 : 25;
	B3C2 : 23;
	B3C3 : 9D;
	B3C4 : AB;
	B3C5 : 05;
	B3C6 : 11;
	B3C7 : 2A;
	B3C8 : D9;
	B3C9 : 91;
	B3CA : 33;
	B3CB : 38;
	B3CC : DC;
	B3CD : 99;
	B3CE : 34;
	B3CF : 21;
	B3D0 : AD;
	B3D1 : 9A;
	B3D2 : 23;
	B3D3 : 25;
	B3D4 : 8C;
	B3D5 : AA;
	B3D6 : 93;
	B3D7 : 52;
	B3D8 : 19;
	B3D9 : DA;
	B3DA : 98;
	B3DB : 42;
	B3DC : 22;
	B3DD : DA;
	B3DE : 9A;
	B3DF : 24;
	B3E0 : 22;
	B3E1 : 0D;
	B3E2 : BA;
	B3E3 : 84;
	B3E4 : 22;
	B3E5 : 3B;
	B3E6 : F9;
	B3E7 : 90;
	B3E8 : 42;
	B3E9 : 10;
	B3EA : CA;
	B3EB : 9A;
	B3EC : 43;
	B3ED : 13;
	B3EE : AE;
	B3EF : 9A;
	B3F0 : 84;
	B3F1 : 23;
	B3F2 : 1C;
	B3F3 : C9;
	B3F4 : 92;
	B3F5 : 41;
	B3F6 : 28;
	B3F7 : DA;
	B3F8 : 98;
	B3F9 : 33;
	B3FA : 41;
	B3FB : CB;
	B3FC : 8C;
	B3FD : 14;
	B3FE : 22;
	B3FF : 0E;
	B400 : 7F;
	B401 : 98;
	B402 : A3;
	B403 : 30;
	B404 : 3A;
	B405 : D8;
	B406 : B8;
	B407 : 42;
	B408 : 22;
	B409 : CB;
	B40A : AB;
	B40B : 27;
	B40C : 11;
	B40D : 0C;
	B40E : A9;
	B40F : 93;
	B410 : 42;
	B411 : 2B;
	B412 : C9;
	B413 : C1;
	B414 : 32;
	B415 : 41;
	B416 : DA;
	B417 : AA;
	B418 : 34;
	B419 : 32;
	B41A : 9E;
	B41B : 9A;
	B41C : 04;
	B41D : 12;
	B41E : 1C;
	B41F : B9;
	B420 : A3;
	B421 : 42;
	B422 : 4A;
	B423 : C9;
	B424 : B8;
	B425 : 61;
	B426 : 12;
	B427 : CA;
	B428 : AA;
	B429 : 42;
	B42A : 14;
	B42B : AB;
	B42C : 9B;
	B42D : 85;
	B42E : 22;
	B42F : 2D;
	B430 : A9;
	B431 : A2;
	B432 : 42;
	B433 : 28;
	B434 : E9;
	B435 : A8;
	B436 : 51;
	B437 : 11;
	B438 : C9;
	B439 : 9A;
	B43A : 33;
	B43B : 15;
	B43C : 9D;
	B43D : 8A;
	B43E : 85;
	B43F : 01;
	B440 : 2C;
	B441 : A8;
	B442 : A2;
	B443 : 41;
	B444 : 3A;
	B445 : D8;
	B446 : A9;
	B447 : 50;
	B448 : 21;
	B449 : C9;
	B44A : 9B;
	B44B : 42;
	B44C : 14;
	B44D : AC;
	B44E : 8A;
	B44F : 85;
	B450 : 03;
	B451 : 0D;
	B452 : 8A;
	B453 : 94;
	B454 : 11;
	B455 : 2B;
	B456 : C0;
	B457 : B2;
	B458 : 40;
	B459 : 49;
	B45A : C9;
	B45B : 98;
	B45C : 51;
	B45D : 11;
	B45E : D8;
	B45F : 9B;
	B460 : 51;
	B461 : 82;
	B462 : 9B;
	B463 : 9B;
	B464 : 35;
	B465 : 12;
	B466 : 9E;
	B467 : 8A;
	B468 : 04;
	B469 : 12;
	B46A : 0E;
	B46B : 89;
	B46C : 94;
	B46D : 11;
	B46E : 1C;
	B46F : 99;
	B470 : A4;
	B471 : 21;
	B472 : 2B;
	B473 : C9;
	B474 : B3;
	B475 : 50;
	B476 : 3A;
	B477 : D8;
	B478 : A1;
	B479 : 41;
	B47A : 10;
	B47B : E8;
	B47C : 98;
	B47D : 41;
	B47E : 18;
	B47F : C9;
	B480 : 7F;
	B481 : 98;
	B482 : 51;
	B483 : 18;
	B484 : BA;
	B485 : A9;
	B486 : 71;
	B487 : 01;
	B488 : BA;
	B489 : A9;
	B48A : 61;
	B48B : 11;
	B48C : C9;
	B48D : 9A;
	B48E : 43;
	B48F : 10;
	B490 : BC;
	B491 : 99;
	B492 : 35;
	B493 : 02;
	B494 : BD;
	B495 : 89;
	B496 : 34;
	B497 : 82;
	B498 : 9E;
	B499 : 8A;
	B49A : 24;
	B49B : 02;
	B49C : 9D;
	B49D : 8A;
	B49E : 24;
	B49F : 01;
	B4A0 : 8E;
	B4A1 : 88;
	B4A2 : 84;
	B4A3 : 01;
	B4A4 : 8B;
	B4A5 : A9;
	B4A6 : 87;
	B4A7 : 11;
	B4A8 : 8C;
	B4A9 : 89;
	B4AA : 84;
	B4AB : 01;
	B4AC : 0C;
	B4AD : 99;
	B4AE : 84;
	B4AF : 22;
	B4B0 : 8D;
	B4B1 : 9A;
	B4B2 : 85;
	B4B3 : 11;
	B4B4 : 1C;
	B4B5 : 9A;
	B4B6 : 84;
	B4B7 : 12;
	B4B8 : 0C;
	B4B9 : 9B;
	B4BA : 86;
	B4BB : 02;
	B4BC : 0C;
	B4BD : 99;
	B4BE : 95;
	B4BF : 10;
	B4C0 : 1C;
	B4C1 : 8A;
	B4C2 : 95;
	B4C3 : 00;
	B4C4 : 2B;
	B4C5 : A9;
	B4C6 : 95;
	B4C7 : 20;
	B4C8 : 1C;
	B4C9 : A9;
	B4CA : 95;
	B4CB : 20;
	B4CC : 0C;
	B4CD : A8;
	B4CE : 96;
	B4CF : 10;
	B4D0 : 0C;
	B4D1 : 98;
	B4D2 : 85;
	B4D3 : 18;
	B4D4 : 1C;
	B4D5 : 99;
	B4D6 : 05;
	B4D7 : 01;
	B4D8 : 8C;
	B4D9 : 99;
	B4DA : 05;
	B4DB : 01;
	B4DC : 8C;
	B4DD : 99;
	B4DE : 14;
	B4DF : 12;
	B4E0 : 9D;
	B4E1 : 99;
	B4E2 : 15;
	B4E3 : 01;
	B4E4 : 9C;
	B4E5 : 8A;
	B4E6 : 25;
	B4E7 : 01;
	B4E8 : AC;
	B4E9 : 8A;
	B4EA : 35;
	B4EB : 00;
	B4EC : 9B;
	B4ED : A9;
	B4EE : 36;
	B4EF : 10;
	B4F0 : BC;
	B4F1 : 98;
	B4F2 : 35;
	B4F3 : 01;
	B4F4 : BC;
	B4F5 : 99;
	B4F6 : 43;
	B4F7 : 11;
	B4F8 : DA;
	B4F9 : 99;
	B4FA : 43;
	B4FB : 28;
	B4FC : DA;
	B4FD : 98;
	B4FE : 52;
	B4FF : 18;
	B500 : 7F;
	B501 : CA;
	B502 : 90;
	B503 : 51;
	B504 : 10;
	B505 : DA;
	B506 : 80;
	B507 : 42;
	B508 : 19;
	B509 : D9;
	B50A : 91;
	B50B : 42;
	B50C : 09;
	B50D : D9;
	B50E : 92;
	B50F : 41;
	B510 : 1A;
	B511 : CA;
	B512 : 83;
	B513 : 33;
	B514 : 1C;
	B515 : CB;
	B516 : 84;
	B517 : 32;
	B518 : 0C;
	B519 : BC;
	B51A : 04;
	B51B : 22;
	B51C : 0D;
	B51D : AA;
	B51E : 05;
	B51F : 11;
	B520 : 0B;
	B521 : CA;
	B522 : 15;
	B523 : 12;
	B524 : 9C;
	B525 : 9A;
	B526 : 16;
	B527 : 01;
	B528 : 9B;
	B529 : A9;
	B52A : 25;
	B52B : 11;
	B52C : BB;
	B52D : A9;
	B52E : 53;
	B52F : 10;
	B530 : CA;
	B531 : C0;
	B532 : 51;
	B533 : 18;
	B534 : BA;
	B535 : B1;
	B536 : 61;
	B537 : 2A;
	B538 : C9;
	B539 : 91;
	B53A : 51;
	B53B : 19;
	B53C : CA;
	B53D : 93;
	B53E : 42;
	B53F : 0A;
	B540 : E9;
	B541 : 83;
	B542 : 31;
	B543 : 1C;
	B544 : BB;
	B545 : 86;
	B546 : 21;
	B547 : 0D;
	B548 : 9A;
	B549 : 05;
	B54A : 11;
	B54B : 8B;
	B54C : AC;
	B54D : 15;
	B54E : 11;
	B54F : 9B;
	B550 : AA;
	B551 : 34;
	B552 : 21;
	B553 : BC;
	B554 : BA;
	B555 : 62;
	B556 : 11;
	B557 : BB;
	B558 : B9;
	B559 : 62;
	B55A : 20;
	B55B : D9;
	B55C : B0;
	B55D : 51;
	B55E : 18;
	B55F : BA;
	B560 : B2;
	B561 : 52;
	B562 : 2A;
	B563 : D9;
	B564 : A2;
	B565 : 51;
	B566 : 1A;
	B567 : BB;
	B568 : B5;
	B569 : 32;
	B56A : 2D;
	B56B : AA;
	B56C : 94;
	B56D : 32;
	B56E : 1D;
	B56F : AA;
	B570 : 95;
	B571 : 12;
	B572 : 0C;
	B573 : 9A;
	B574 : 84;
	B575 : 22;
	B576 : 0D;
	B577 : 9B;
	B578 : 05;
	B579 : 12;
	B57A : 8C;
	B57B : AA;
	B57C : 15;
	B57D : 12;
	B57E : 9C;
	B57F : AA;
	B580 : 7F;
	B581 : 25;
	B582 : 01;
	B583 : 8B;
	B584 : BB;
	B585 : 43;
	B586 : 22;
	B587 : AC;
	B588 : D8;
	B589 : 32;
	B58A : 32;
	B58B : DB;
	B58C : AA;
	B58D : 62;
	B58E : 01;
	B58F : BB;
	B590 : A9;
	B591 : 62;
	B592 : 11;
	B593 : CA;
	B594 : B0;
	B595 : 51;
	B596 : 11;
	B597 : CB;
	B598 : A0;
	B599 : 52;
	B59A : 10;
	B59B : D9;
	B59C : A0;
	B59D : 51;
	B59E : 18;
	B59F : BA;
	B5A0 : C1;
	B5A1 : 50;
	B5A2 : 28;
	B5A3 : C9;
	B5A4 : B1;
	B5A5 : 51;
	B5A6 : 10;
	B5A7 : D9;
	B5A8 : 90;
	B5A9 : 41;
	B5AA : 28;
	B5AB : DA;
	B5AC : 90;
	B5AD : 51;
	B5AE : 10;
	B5AF : D9;
	B5B0 : 90;
	B5B1 : 41;
	B5B2 : 10;
	B5B3 : D9;
	B5B4 : 90;
	B5B5 : 40;
	B5B6 : 11;
	B5B7 : CA;
	B5B8 : A1;
	B5B9 : 41;
	B5BA : 10;
	B5BB : CA;
	B5BC : 99;
	B5BD : 53;
	B5BE : 00;
	B5BF : CA;
	B5C0 : 99;
	B5C1 : 43;
	B5C2 : 12;
	B5C3 : CC;
	B5C4 : 99;
	B5C5 : 25;
	B5C6 : 11;
	B5C7 : AC;
	B5C8 : 8B;
	B5C9 : 25;
	B5CA : 11;
	B5CB : 9C;
	B5CC : A9;
	B5CD : 15;
	B5CE : 11;
	B5CF : 8D;
	B5D0 : 99;
	B5D1 : 04;
	B5D2 : 11;
	B5D3 : 1D;
	B5D4 : 99;
	B5D5 : 83;
	B5D6 : 21;
	B5D7 : 2D;
	B5D8 : A9;
	B5D9 : A4;
	B5DA : 31;
	B5DB : 2B;
	B5DC : D8;
	B5DD : A2;
	B5DE : 58;
	B5DF : 28;
	B5E0 : D9;
	B5E1 : 88;
	B5E2 : 41;
	B5E3 : 11;
	B5E4 : CA;
	B5E5 : A9;
	B5E6 : 52;
	B5E7 : 11;
	B5E8 : BC;
	B5E9 : 8B;
	B5EA : 26;
	B5EB : 01;
	B5EC : 0D;
	B5ED : 98;
	B5EE : 94;
	B5EF : 20;
	B5F0 : 1B;
	B5F1 : B9;
	B5F2 : A3;
	B5F3 : 60;
	B5F4 : 29;
	B5F5 : E8;
	B5F6 : 90;
	B5F7 : 40;
	B5F8 : 11;
	B5F9 : D8;
	B5FA : 99;
	B5FB : 33;
	B5FC : 12;
	B5FD : CC;
	B5FE : 0B;
	B5FF : 05;
	B600 : 7F;
	B601 : 12;
	B602 : 0D;
	B603 : 9A;
	B604 : 95;
	B605 : 10;
	B606 : 3A;
	B607 : C9;
	B608 : 90;
	B609 : 50;
	B60A : 21;
	B60B : CA;
	B60C : A9;
	B60D : 33;
	B60E : 25;
	B60F : 9D;
	B610 : 9A;
	B611 : 86;
	B612 : 01;
	B613 : 1B;
	B614 : A9;
	B615 : B4;
	B616 : 40;
	B617 : 28;
	B618 : D9;
	B619 : A8;
	B61A : 42;
	B61B : 12;
	B61C : CB;
	B61D : 8A;
	B61E : 15;
	B61F : 12;
	B620 : 0E;
	B621 : 98;
	B622 : A4;
	B623 : 11;
	B624 : 2A;
	B625 : C8;
	B626 : A0;
	B627 : 41;
	B628 : 12;
	B629 : CB;
	B62A : 8B;
	B62B : 16;
	B62C : 12;
	B62D : 8D;
	B62E : 8A;
	B62F : 94;
	B630 : 12;
	B631 : 2A;
	B632 : CA;
	B633 : 98;
	B634 : 42;
	B635 : 22;
	B636 : CB;
	B637 : AC;
	B638 : 24;
	B639 : 23;
	B63A : 0E;
	B63B : AA;
	B63C : 95;
	B63D : 21;
	B63E : 2A;
	B63F : C9;
	B640 : B8;
	B641 : 71;
	B642 : 11;
	B643 : BB;
	B644 : AA;
	B645 : 34;
	B646 : 23;
	B647 : 9E;
	B648 : 9A;
	B649 : 95;
	B64A : 12;
	B64B : 2C;
	B64C : B8;
	B64D : B2;
	B64E : 51;
	B64F : 28;
	B650 : CA;
	B651 : A9;
	B652 : 43;
	B653 : 23;
	B654 : CD;
	B655 : 8A;
	B656 : 14;
	B657 : 12;
	B658 : 0D;
	B659 : 99;
	B65A : A3;
	B65B : 32;
	B65C : 3A;
	B65D : F9;
	B65E : 90;
	B65F : 40;
	B660 : 22;
	B661 : CA;
	B662 : 9B;
	B663 : 25;
	B664 : 03;
	B665 : 8D;
	B666 : 9A;
	B667 : 95;
	B668 : 20;
	B669 : 2B;
	B66A : BA;
	B66B : A2;
	B66C : 51;
	B66D : 30;
	B66E : E9;
	B66F : A9;
	B670 : 42;
	B671 : 13;
	B672 : BC;
	B673 : 9B;
	B674 : 06;
	B675 : 11;
	B676 : 2D;
	B677 : A8;
	B678 : A2;
	B679 : 40;
	B67A : 49;
	B67B : C9;
	B67C : 98;
	B67D : 41;
	B67E : 12;
	B67F : BC;
	B680 : 7F;
	B681 : 8B;
	B682 : 15;
	B683 : 13;
	B684 : 0E;
	B685 : 99;
	B686 : 93;
	B687 : 22;
	B688 : 3C;
	B689 : B9;
	B68A : C1;
	B68B : 50;
	B68C : 21;
	B68D : CA;
	B68E : 9A;
	B68F : 34;
	B690 : 13;
	B691 : 9F;
	B692 : 8A;
	B693 : 85;
	B694 : 01;
	B695 : 1B;
	B696 : A9;
	B697 : A2;
	B698 : 41;
	B699 : 48;
	B69A : D9;
	B69B : 98;
	B69C : 40;
	B69D : 22;
	B69E : CA;
	B69F : 9B;
	B6A0 : 34;
	B6A1 : 13;
	B6A2 : 8F;
	B6A3 : 89;
	B6A4 : 94;
	B6A5 : 11;
	B6A6 : 2C;
	B6A7 : A8;
	B6A8 : B2;
	B6A9 : 41;
	B6AA : 28;
	B6AB : D9;
	B6AC : A8;
	B6AD : 51;
	B6AE : 12;
	B6AF : BD;
	B6B0 : 0A;
	B6B1 : 04;
	B6B2 : 12;
	B6B3 : 0E;
	B6B4 : 99;
	B6B5 : 82;
	B6B6 : 31;
	B6B7 : 3A;
	B6B8 : E8;
	B6B9 : A0;
	B6BA : 40;
	B6BB : 31;
	B6BC : E9;
	B6BD : 89;
	B6BE : 23;
	B6BF : 04;
	B6C0 : AD;
	B6C1 : 8A;
	B6C2 : 13;
	B6C3 : 13;
	B6C4 : 1E;
	B6C5 : A9;
	B6C6 : A5;
	B6C7 : 11;
	B6C8 : 3B;
	B6C9 : C8;
	B6CA : A0;
	B6CB : 50;
	B6CC : 21;
	B6CD : E8;
	B6CE : 99;
	B6CF : 32;
	B6D0 : 03;
	B6D1 : AE;
	B6D2 : 89;
	B6D3 : 04;
	B6D4 : 01;
	B6D5 : 1C;
	B6D6 : 99;
	B6D7 : A4;
	B6D8 : 20;
	B6D9 : 4A;
	B6DA : D0;
	B6DB : A0;
	B6DC : 31;
	B6DD : 22;
	B6DE : DA;
	B6DF : 9B;
	B6E0 : 43;
	B6E1 : 04;
	B6E2 : 9E;
	B6E3 : 0A;
	B6E4 : 84;
	B6E5 : 02;
	B6E6 : 1C;
	B6E7 : 99;
	B6E8 : A3;
	B6E9 : 30;
	B6EA : 58;
	B6EB : D8;
	B6EC : A8;
	B6ED : 40;
	B6EE : 22;
	B6EF : D9;
	B6F0 : 9B;
	B6F1 : 42;
	B6F2 : 13;
	B6F3 : 9E;
	B6F4 : 8A;
	B6F5 : 04;
	B6F6 : 02;
	B6F7 : 2D;
	B6F8 : A8;
	B6F9 : A3;
	B6FA : 30;
	B6FB : 49;
	B6FC : D8;
	B6FD : A8;
	B6FE : 51;
	B6FF : 02;
	B700 : 7F;
	B701 : BB;
	B702 : 9B;
	B703 : 36;
	B704 : 01;
	B705 : 0D;
	B706 : 8A;
	B707 : 85;
	B708 : 01;
	B709 : 1B;
	B70A : A9;
	B70B : B3;
	B70C : 50;
	B70D : 20;
	B70E : E8;
	B70F : A8;
	B710 : 41;
	B711 : 03;
	B712 : C9;
	B713 : 9A;
	B714 : 15;
	B715 : 02;
	B716 : 8D;
	B717 : 89;
	B718 : 84;
	B719 : 01;
	B71A : 2D;
	B71B : 98;
	B71C : A3;
	B71D : 20;
	B71E : 49;
	B71F : D8;
	B720 : A0;
	B721 : 58;
	B722 : 21;
	B723 : D8;
	B724 : 8A;
	B725 : 40;
	B726 : 03;
	B727 : AB;
	B728 : 8D;
	B729 : 13;
	B72A : 04;
	B72B : 8C;
	B72C : 8A;
	B72D : 84;
	B72E : 02;
	B72F : 2C;
	B730 : A8;
	B731 : C2;
	B732 : 48;
	B733 : 49;
	B734 : C0;
	B735 : A9;
	B736 : 68;
	B737 : 12;
	B738 : B9;
	B739 : 9B;
	B73A : 33;
	B73B : 15;
	B73C : BA;
	B73D : 8C;
	B73E : 85;
	B73F : 02;
	B740 : 1D;
	B741 : 89;
	B742 : A4;
	B743 : 10;
	B744 : 4B;
	B745 : A0;
	B746 : D1;
	B747 : 30;
	B748 : 20;
	B749 : C9;
	B74A : A9;
	B74B : 50;
	B74C : 23;
	B74D : DA;
	B74E : 0C;
	B74F : 22;
	B750 : 04;
	B751 : 9B;
	B752 : 8B;
	B753 : 97;
	B754 : 01;
	B755 : 1B;
	B756 : A8;
	B757 : B4;
	B758 : 20;
	B759 : 49;
	B75A : C8;
	B75B : A8;
	B75C : 40;
	B75D : 33;
	B75E : F9;
	B75F : 8A;
	B760 : 31;
	B761 : 14;
	B762 : AC;
	B763 : 0B;
	B764 : 14;
	B765 : 83;
	B766 : 1E;
	B767 : 89;
	B768 : A4;
	B769 : 10;
	B76A : 3B;
	B76B : C0;
	B76C : B2;
	B76D : 48;
	B76E : 40;
	B76F : D8;
	B770 : 99;
	B771 : 31;
	B772 : 24;
	B773 : BC;
	B774 : 8B;
	B775 : 24;
	B776 : 04;
	B777 : 8D;
	B778 : 0A;
	B779 : 94;
	B77A : 01;
	B77B : 3C;
	B77C : A0;
	B77D : C1;
	B77E : 48;
	B77F : 30;
	B780 : 7F;
	B781 : E0;
	B782 : A9;
	B783 : 41;
	B784 : 03;
	B785 : CA;
	B786 : 8B;
	B787 : 33;
	B788 : 04;
	B789 : 8E;
	B78A : 0A;
	B78B : 85;
	B78C : 00;
	B78D : 2C;
	B78E : 98;
	B78F : A3;
	B790 : 20;
	B791 : 38;
	B792 : F8;
	B793 : 99;
	B794 : 50;
	B795 : 11;
	B796 : C9;
	B797 : 89;
	B798 : 32;
	B799 : 85;
	B79A : BB;
	B79B : 1D;
	B79C : 14;
	B79D : 92;
	B79E : 1D;
	B79F : 0A;
	B7A0 : 84;
	B7A1 : 00;
	B7A2 : 2A;
	B7A3 : B8;
	B7A4 : C2;
	B7A5 : 58;
	B7A6 : 28;
	B7A7 : C8;
	B7A8 : A8;
	B7A9 : 50;
	B7AA : 12;
	B7AB : BB;
	B7AC : 0E;
	B7AD : 22;
	B7AE : 83;
	B7AF : 0D;
	B7B0 : 8A;
	B7B1 : 95;
	B7B2 : 01;
	B7B3 : 2C;
	B7B4 : 98;
	B7B5 : B3;
	B7B6 : 38;
	B7B7 : 58;
	B7B8 : D0;
	B7B9 : A8;
	B7BA : 30;
	B7BB : 33;
	B7BC : E9;
	B7BD : 8B;
	B7BE : 32;
	B7BF : 15;
	B7C0 : 9D;
	B7C1 : 0A;
	B7C2 : 96;
	B7C3 : 81;
	B7C4 : 2C;
	B7C5 : 90;
	B7C6 : B3;
	B7C7 : 20;
	B7C8 : 39;
	B7C9 : D8;
	B7CA : B0;
	B7CB : 50;
	B7CC : 13;
	B7CD : E8;
	B7CE : 8B;
	B7CF : 32;
	B7D0 : 04;
	B7D1 : AC;
	B7D2 : 0A;
	B7D3 : 84;
	B7D4 : 12;
	B7D5 : 1D;
	B7D6 : A8;
	B7D7 : A3;
	B7D8 : 30;
	B7D9 : 6A;
	B7DA : B0;
	B7DB : B0;
	B7DC : 50;
	B7DD : 22;
	B7DE : F8;
	B7DF : 8A;
	B7E0 : 22;
	B7E1 : 04;
	B7E2 : 9C;
	B7E3 : 0B;
	B7E4 : 86;
	B7E5 : 00;
	B7E6 : 1B;
	B7E7 : 98;
	B7E8 : B3;
	B7E9 : 30;
	B7EA : 59;
	B7EB : C0;
	B7EC : B9;
	B7ED : 51;
	B7EE : 12;
	B7EF : CA;
	B7F0 : 8B;
	B7F1 : 25;
	B7F2 : 84;
	B7F3 : 8C;
	B7F4 : 98;
	B7F5 : 93;
	B7F6 : 22;
	B7F7 : 2B;
	B7F8 : D9;
	B7F9 : B2;
	B7FA : 51;
	B7FB : 20;
	B7FC : D9;
	B7FD : B9;
	B7FE : 51;
	B7FF : 22;
	B800 : 7F;
	B801 : AD;
	B802 : 8A;
	B803 : 85;
	B804 : 11;
	B805 : 1C;
	B806 : A9;
	B807 : 92;
	B808 : 41;
	B809 : 39;
	B80A : E9;
	B80B : 99;
	B80C : 51;
	B80D : 11;
	B80E : AB;
	B80F : 9B;
	B810 : 15;
	B811 : 22;
	B812 : 0D;
	B813 : AA;
	B814 : 83;
	B815 : 32;
	B816 : 4A;
	B817 : DA;
	B818 : 90;
	B819 : 42;
	B81A : 22;
	B81B : DB;
	B81C : A9;
	B81D : 25;
	B81E : 13;
	B81F : 8E;
	B820 : A8;
	B821 : 83;
	B822 : 22;
	B823 : 3C;
	B824 : C9;
	B825 : A0;
	B826 : 52;
	B827 : 12;
	B828 : DB;
	B829 : 9A;
	B82A : 34;
	B82B : 22;
	B82C : 8E;
	B82D : A8;
	B82E : 94;
	B82F : 21;
	B830 : 2B;
	B831 : D8;
	B832 : A0;
	B833 : 50;
	B834 : 31;
	B835 : DA;
	B836 : 99;
	B837 : 24;
	B838 : 03;
	B839 : 9C;
	B83A : AA;
	B83B : 84;
	B83C : 31;
	B83D : 3B;
	B83E : F8;
	B83F : A0;
	B840 : 41;
	B841 : 21;
	B842 : CB;
	B843 : 99;
	B844 : 24;
	B845 : 13;
	B846 : 8D;
	B847 : AA;
	B848 : 94;
	B849 : 31;
	B84A : 4A;
	B84B : C9;
	B84C : A9;
	B84D : 51;
	B84E : 23;
	B84F : CC;
	B850 : 8A;
	B851 : 14;
	B852 : 11;
	B853 : 2C;
	B854 : C8;
	B855 : A1;
	B856 : 51;
	B857 : 10;
	B858 : CA;
	B859 : 8A;
	B85A : 26;
	B85B : 01;
	B85C : 0D;
	B85D : 99;
	B85E : 84;
	B85F : 20;
	B860 : 19;
	B861 : D9;
	B862 : 88;
	B863 : 41;
	B864 : 12;
	B865 : CA;
	B866 : 9B;
	B867 : 25;
	B868 : 11;
	B869 : 1C;
	B86A : B8;
	B86B : A2;
	B86C : 51;
	B86D : 20;
	B86E : DA;
	B86F : A8;
	B870 : 33;
	B871 : 14;
	B872 : 8E;
	B873 : A8;
	B874 : 93;
	B875 : 32;
	B876 : 49;
	B877 : E9;
	B878 : 98;
	B879 : 33;
	B87A : 12;
	B87B : 9F;
	B87C : 99;
	B87D : 94;
	B87E : 21;
	B87F : 2B;
	B880 : 7F;
	B881 : E8;
	B882 : 80;
	B883 : 32;
	B884 : 11;
	B885 : CC;
	B886 : 99;
	B887 : 24;
	B888 : 21;
	B889 : 1E;
	B88A : A8;
	B88B : 91;
	B88C : 50;
	B88D : 10;
	B88E : CA;
	B88F : 89;
	B890 : 25;
	B891 : 02;
	B892 : 8D;
	B893 : 99;
	B894 : 83;
	B895 : 30;
	B896 : 39;
	B897 : F9;
	B898 : 98;
	B899 : 41;
	B89A : 12;
	B89B : BC;
	B89C : 9A;
	B89D : 05;
	B89E : 20;
	B89F : 3B;
	B8A0 : E8;
	B8A1 : 98;
	B8A2 : 51;
	B8A3 : 01;
	B8A4 : AC;
	B8A5 : 8A;
	B8A6 : 05;
	B8A7 : 12;
	B8A8 : 8B;
	B8A9 : C8;
	B8AA : 92;
	B8AB : 41;
	B8AC : 20;
	B8AD : EA;
	B8AE : 89;
	B8AF : 24;
	B8B0 : 11;
	B8B1 : 8D;
	B8B2 : 99;
	B8B3 : 94;
	B8B4 : 21;
	B8B5 : 29;
	B8B6 : DA;
	B8B7 : 89;
	B8B8 : 42;
	B8B9 : 21;
	B8BA : 9E;
	B8BB : 99;
	B8BC : 83;
	B8BD : 41;
	B8BE : 1A;
	B8BF : D9;
	B8C0 : A0;
	B8C1 : 51;
	B8C2 : 12;
	B8C3 : AE;
	B8C4 : 89;
	B8C5 : 03;
	B8C6 : 21;
	B8C7 : 2C;
	B8C8 : C9;
	B8C9 : 90;
	B8CA : 43;
	B8CB : 20;
	B8CC : CD;
	B8CD : 88;
	B8CE : 03;
	B8CF : 31;
	B8D0 : 1D;
	B8D1 : C8;
	B8D2 : 80;
	B8D3 : 42;
	B8D4 : 01;
	B8D5 : CC;
	B8D6 : 88;
	B8D7 : 05;
	B8D8 : 01;
	B8D9 : 1C;
	B8DA : B8;
	B8DB : 93;
	B8DC : 41;
	B8DD : 11;
	B8DE : EA;
	B8DF : 89;
	B8E0 : 14;
	B8E1 : 12;
	B8E2 : 0D;
	B8E3 : B8;
	B8E4 : 82;
	B8E5 : 41;
	B8E6 : 18;
	B8E7 : BD;
	B8E8 : 90;
	B8E9 : 05;
	B8EA : 10;
	B8EB : 1C;
	B8EC : C0;
	B8ED : 80;
	B8EE : 50;
	B8EF : 01;
	B8F0 : CA;
	B8F1 : 88;
	B8F2 : 13;
	B8F3 : 21;
	B8F4 : 1E;
	B8F5 : B8;
	B8F6 : 80;
	B8F7 : 61;
	B8F8 : 01;
	B8F9 : CB;
	B8FA : 09;
	B8FB : 14;
	B8FC : 11;
	B8FD : 1C;
	B8FE : C8;
	B8FF : 91;
	B900 : 7F;
	B901 : 41;
	B902 : 11;
	B903 : CB;
	B904 : 99;
	B905 : 15;
	B906 : 13;
	B907 : 0C;
	B908 : D8;
	B909 : 80;
	B90A : 41;
	B90B : 11;
	B90C : BE;
	B90D : 88;
	B90E : 84;
	B90F : 11;
	B910 : 2C;
	B911 : B8;
	B912 : A0;
	B913 : 51;
	B914 : 12;
	B915 : BC;
	B916 : A9;
	B917 : 04;
	B918 : 32;
	B919 : 1A;
	B91A : EA;
	B91B : 90;
	B91C : 42;
	B91D : 21;
	B91E : AF;
	B91F : 98;
	B920 : 83;
	B921 : 22;
	B922 : 2A;
	B923 : EA;
	B924 : 80;
	B925 : 24;
	B926 : 11;
	B927 : AE;
	B928 : 90;
	B929 : 82;
	B92A : 22;
	B92B : 2A;
	B92C : E9;
	B92D : 89;
	B92E : 33;
	B92F : 14;
	B930 : 9F;
	B931 : 98;
	B932 : 01;
	B933 : 31;
	B934 : 18;
	B935 : DA;
	B936 : 8A;
	B937 : 34;
	B938 : 13;
	B939 : 8D;
	B93A : B9;
	B93B : 92;
	B93C : 51;
	B93D : 21;
	B93E : E9;
	B93F : 9A;
	B940 : 24;
	B941 : 03;
	B942 : 1D;
	B943 : B8;
	B944 : 91;
	B945 : 41;
	B946 : 22;
	B947 : DB;
	B948 : 8B;
	B949 : 15;
	B94A : 12;
	B94B : 1B;
	B94C : CA;
	B94D : 90;
	B94E : 42;
	B94F : 33;
	B950 : DB;
	B951 : AA;
	B952 : 05;
	B953 : 13;
	B954 : 2A;
	B955 : EA;
	B956 : 90;
	B957 : 32;
	B958 : 33;
	B959 : AF;
	B95A : A9;
	B95B : 83;
	B95C : 32;
	B95D : 59;
	B95E : CA;
	B95F : 99;
	B960 : 14;
	B961 : 23;
	B962 : 0D;
	B963 : AB;
	B964 : 91;
	B965 : 52;
	B966 : 30;
	B967 : CB;
	B968 : C8;
	B969 : 03;
	B96A : 34;
	B96B : 2B;
	B96C : EA;
	B96D : 88;
	B96E : 24;
	B96F : 22;
	B970 : 9E;
	B971 : 99;
	B972 : 92;
	B973 : 33;
	B974 : 48;
	B975 : DB;
	B976 : 99;
	B977 : 24;
	B978 : 23;
	B979 : 1E;
	B97A : AA;
	B97B : 91;
	B97C : 42;
	B97D : 31;
	B97E : CC;
	B97F : A9;
	B980 : 7F;
	B981 : 85;
	B982 : 22;
	B983 : 2A;
	B984 : DB;
	B985 : 98;
	B986 : 43;
	B987 : 13;
	B988 : 9E;
	B989 : B8;
	B98A : 81;
	B98B : 51;
	B98C : 10;
	B98D : BC;
	B98E : 99;
	B98F : 05;
	B990 : 21;
	B991 : 1A;
	B992 : EA;
	B993 : 80;
	B994 : 33;
	B995 : 30;
	B996 : 9D;
	B997 : C9;
	B998 : 02;
	B999 : 41;
	B99A : 28;
	B99B : BE;
	B99C : 90;
	B99D : 03;
	B99E : 40;
	B99F : 0A;
	B9A0 : DA;
	B9A1 : 00;
	B9A2 : 24;
	B9A3 : 28;
	B9A4 : 9B;
	B9A5 : D9;
	B9A6 : 11;
	B9A7 : 52;
	B9A8 : 88;
	B9A9 : BC;
	B9AA : A0;
	B9AB : 23;
	B9AC : 41;
	B9AD : 89;
	B9AE : DC;
	B9AF : 82;
	B9B0 : 23;
	B9B1 : 10;
	B9B2 : 8D;
	B9B3 : C9;
	B9B4 : 12;
	B9B5 : 23;
	B9B6 : 08;
	B9B7 : 9D;
	B9B8 : B0;
	B9B9 : 11;
	B9BA : 50;
	B9BB : 80;
	B9BC : AC;
	B9BD : A1;
	B9BE : 03;
	B9BF : 50;
	B9C0 : 08;
	B9C1 : DB;
	B9C2 : 00;
	B9C3 : 85;
	B9C4 : 28;
	B9C5 : 08;
	B9C6 : CB;
	B9C7 : 09;
	B9C8 : 35;
	B9C9 : 11;
	B9CA : 1B;
	B9CB : EA;
	B9CC : 80;
	B9CD : 35;
	B9CE : 82;
	B9CF : 0E;
	B9D0 : A8;
	B9D1 : 08;
	B9D2 : 51;
	B9D3 : 83;
	B9D4 : AD;
	B9D5 : 98;
	B9D6 : 81;
	B9D7 : 68;
	B9D8 : 83;
	B9D9 : CA;
	B9DA : 09;
	B9DB : 02;
	B9DC : 38;
	B9DD : 32;
	B9DE : EA;
	B9DF : 8B;
	B9E0 : 04;
	B9E1 : 03;
	B9E2 : 49;
	B9E3 : 8C;
	B9E4 : CA;
	B9E5 : 02;
	B9E6 : 17;
	B9E7 : 18;
	B9E8 : 0B;
	B9E9 : B9;
	B9EA : B1;
	B9EB : 43;
	B9EC : 50;
	B9ED : 99;
	B9EE : CC;
	B9EF : 08;
	B9F0 : 24;
	B9F1 : 12;
	B9F2 : 0A;
	B9F3 : DA;
	B9F4 : 88;
	B9F5 : 33;
	B9F6 : A2;
	B9F7 : 29;
	B9F8 : 2D;
	B9F9 : A9;
	B9FA : 01;
	B9FB : 00;
	B9FC : 03;
	B9FD : 31;
	B9FE : 8F;
	B9FF : B8;
	BA00 : 7F;
	BA01 : A0;
	BA02 : 70;
	BA03 : 11;
	BA04 : 98;
	BA05 : 99;
	BA06 : B9;
	BA07 : 3A;
	BA08 : 53;
	BA09 : C3;
	BA0A : 9B;
	BA0B : 39;
	BA0C : 8A;
	BA0D : D3;
	BA0E : 26;
	BA0F : 8C;
	BA10 : 10;
	BA11 : 88;
	BA12 : D2;
	BA13 : 80;
	BA14 : 3A;
	BA15 : 60;
	BA16 : D0;
	BA17 : A8;
	BA18 : 30;
	BA19 : 00;
	BA1A : 92;
	BA1B : 09;
	BA1C : CC;
	BA1D : 02;
	BA1E : 41;
	BA1F : 00;
	BA20 : AA;
	BA21 : AB;
	BA22 : 09;
	BA23 : 44;
	BA24 : 42;
	BA25 : 8C;
	BA26 : CB;
	BA27 : 85;
	BA28 : 28;
	BA29 : 08;
	BA2A : 0A;
	BA2B : C8;
	BA2C : 01;
	BA2D : 50;
	BA2E : 91;
	BA2F : AC;
	BA30 : 82;
	BA31 : 34;
	BA32 : 9B;
	BA33 : BC;
	BA34 : A5;
	BA35 : 31;
	BA36 : 21;
	BA37 : BA;
	BA38 : EC;
	BA39 : 93;
	BA3A : 52;
	BA3B : 28;
	BA3C : BD;
	BA3D : B9;
	BA3E : 35;
	BA3F : 00;
	BA40 : 2A;
	BA41 : 1C;
	BA42 : D8;
	BA43 : 32;
	BA44 : 10;
	BA45 : 0B;
	BA46 : B9;
	BA47 : A3;
	BA48 : 71;
	BA49 : A1;
	BA4A : 9B;
	BA4B : 0A;
	BA4C : 16;
	BA4D : 28;
	BA4E : 0A;
	BA4F : DA;
	BA50 : 12;
	BA51 : 13;
	BA52 : 00;
	BA53 : 0D;
	BA54 : C8;
	BA55 : 01;
	BA56 : 42;
	BA57 : 88;
	BA58 : 9C;
	BA59 : A0;
	BA5A : 11;
	BA5B : 30;
	BA5C : 92;
	BA5D : 8F;
	BA5E : A4;
	BA5F : 10;
	BA60 : AB;
	BA61 : 61;
	BA62 : C9;
	BA63 : 12;
	BA64 : 18;
	BA65 : BA;
	BA66 : 81;
	BA67 : 91;
	BA68 : 72;
	BA69 : 9C;
	BA6A : 90;
	BA6B : 98;
	BA6C : 43;
	BA6D : 80;
	BA6E : BC;
	BA6F : 8B;
	BA70 : 87;
	BA71 : 49;
	BA72 : 89;
	BA73 : 90;
	BA74 : A0;
	BA75 : 15;
	BA76 : 30;
	BA77 : DC;
	BA78 : 02;
	BA79 : 08;
	BA7A : 11;
	BA7B : 0B;
	BA7C : A0;
	BA7D : 89;
	BA7E : 16;
	BA7F : 39;
	BA80 : 7F;
	BA81 : CB;
	BA82 : A4;
	BA83 : 21;
	BA84 : 08;
	BA85 : B0;
	BA86 : B1;
	BA87 : 60;
	BA88 : 08;
	BA89 : 19;
	BA8A : FC;
	BA8B : 04;
	BA8C : 21;
	BA8D : 02;
	BA8E : CE;
	BA8F : 80;
	BA90 : 11;
	BA91 : 00;
	BA92 : 00;
	BA93 : BC;
	BA94 : B3;
	BA95 : 62;
	BA96 : 98;
	BA97 : 99;
	BA98 : AB;
	BA99 : 36;
	BA9A : 88;
	BA9B : 28;
	BA9C : 0B;
	BA9D : F0;
	BA9E : 32;
	BA9F : 09;
	BAA0 : AA;
	BAA1 : 82;
	BAA2 : 08;
	BAA3 : 00;
	BAA4 : 11;
	BAA5 : 1D;
	BAA6 : 00;
	BAA7 : F0;
	BAA8 : 38;
	BAA9 : 02;
	BAAA : D8;
	BAAB : 88;
	BAAC : 40;
	BAAD : A8;
	BAAE : 41;
	BAAF : C8;
	BAB0 : A9;
	BAB1 : 24;
	BAB2 : 23;
	BAB3 : 8D;
	BAB4 : B9;
	BAB5 : B0;
	BAB6 : 72;
	BAB7 : 93;
	BAB8 : 9B;
	BAB9 : 98;
	BABA : B1;
	BABB : 58;
	BABC : 21;
	BABD : A8;
	BABE : 8B;
	BABF : 35;
	BAC0 : AC;
	BAC1 : 81;
	BAC2 : 11;
	BAC3 : 88;
	BAC4 : 22;
	BAC5 : BD;
	BAC6 : A1;
	BAC7 : 53;
	BAC8 : 0D;
	BAC9 : 81;
	BACA : 2A;
	BACB : C0;
	BACC : 12;
	BACD : 2A;
	BACE : 9B;
	BACF : C1;
	BAD0 : 32;
	BAD1 : 41;
	BAD2 : F9;
	BAD3 : 88;
	BAD4 : 38;
	BAD5 : B0;
	BAD6 : 51;
	BAD7 : 9B;
	BAD8 : C1;
	BAD9 : 31;
	BADA : 09;
	BADB : 09;
	BADC : D1;
	BADD : 11;
	BADE : 18;
	BADF : A0;
	BAE0 : 19;
	BAE1 : B1;
	BAE2 : 68;
	BAE3 : 90;
	BAE4 : A9;
	BAE5 : 00;
	BAE6 : 84;
	BAE7 : 2A;
	BAE8 : 08;
	BAE9 : B9;
	BAEA : A0;
	BAEB : 41;
	BAEC : 10;
	BAED : 98;
	BAEE : 99;
	BAEF : C0;
	BAF0 : 61;
	BAF1 : 88;
	BAF2 : 0B;
	BAF3 : 82;
	BAF4 : 80;
	BAF5 : 10;
	BAF6 : 00;
	BAF7 : 99;
	BAF8 : A2;
	BAF9 : 38;
	BAFA : 80;
	BAFB : 88;
	BAFC : 8A;
	BAFD : 80;
	BAFE : 23;
	BAFF : 89;
	BB00 : 36;
	BB01 : 80;
	BB02 : 98;
	BB03 : 08;
	BB04 : 13;
	BB05 : 8B;
	BB06 : A2;
	BB07 : 08;
	BB08 : 08;
	BB09 : 00;
	BB0A : 09;
	BB0B : 90;
	BB0C : 10;
	BB0D : 98;
	BB0E : 00;
	BB0F : 88;
	BB10 : 00;
	BB11 : 80;
	BB12 : 88;
	BB13 : 08;
	BB14 : 00;
	BB15 : 08;
	BB16 : 88;
	BB17 : 80;
	BB18 : 81;
	BB19 : 08;
	BB1A : 88;
	BB1B : 08;
	BB1C : 08;
	BB1D : 08;
	BB1E : 00;
	BB1F : 88;
	BB20 : 08;
	BB21 : 08;
	BB22 : 08;
	BB23 : 08;
	BB24 : 08;
	BB25 : 08;
	BB26 : 08;
	BB27 : 08;
	BB28 : 08;
	BB29 : 08;
	BB2A : 08;
	BB2B : 08;
	BB2C : 08;
	BB2D : 08;
	BB2E : 08;
	BB2F : 08;
	BB30 : 08;
	BB31 : 08;
	BB32 : 08;
	BB33 : 08;
	BB34 : 08;
	BB35 : 08;
	BB36 : 08;
	BB37 : 00;
	BB38 : 00;
	BB39 : 00;
	BB3A : 00;
	BB3B : 00;
	BB3C : 00;
	BB3D : 00;
	BB3E : 00;
	BB3F : 00;
	BB40 : 7F;
	BB41 : 00;
	BB42 : 80;
	BB43 : 80;
	BB44 : 80;
	BB45 : 80;
	BB46 : 80;
	BB47 : 80;
	BB48 : 80;
	BB49 : 80;
	BB4A : 80;
	BB4B : 09;
	BB4C : 88;
	BB4D : 41;
	BB4E : C9;
	BB4F : 36;
	BB50 : 9F;
	BB51 : 92;
	BB52 : 72;
	BB53 : EB;
	BB54 : 27;
	BB55 : 0E;
	BB56 : 92;
	BB57 : 48;
	BB58 : B9;
	BB59 : 13;
	BB5A : 1B;
	BB5B : C0;
	BB5C : 24;
	BB5D : 8B;
	BB5E : B1;
	BB5F : 62;
	BB60 : 8B;
	BB61 : F0;
	BB62 : 32;
	BB63 : 0C;
	BB64 : C0;
	BB65 : 32;
	BB66 : 2D;
	BB67 : D8;
	BB68 : 42;
	BB69 : 0A;
	BB6A : D8;
	BB6B : 23;
	BB6C : 2B;
	BB6D : E8;
	BB6E : 23;
	BB6F : 1B;
	BB70 : C9;
	BB71 : 24;
	BB72 : 2A;
	BB73 : D9;
	BB74 : 23;
	BB75 : 2A;
	BB76 : D9;
	BB77 : 04;
	BB78 : 29;
	BB79 : CA;
	BB7A : 14;
	BB7B : 10;
	BB7C : BC;
	BB7D : 83;
	BB7E : 41;
	BB7F : BD;
	BB80 : 82;
	BB81 : 32;
	BB82 : 9F;
	BB83 : 91;
	BB84 : 23;
	BB85 : 9C;
	BB86 : A0;
	BB87 : 33;
	BB88 : 0C;
	BB89 : C8;
	BB8A : 25;
	BB8B : 19;
	BB8C : CA;
	BB8D : 14;
	BB8E : 28;
	BB8F : CA;
	BB90 : 03;
	BB91 : 31;
	BB92 : CC;
	BB93 : 92;
	BB94 : 42;
	BB95 : AC;
	BB96 : A1;
	BB97 : 34;
	BB98 : 0C;
	BB99 : B8;
	BB9A : 24;
	BB9B : 2A;
	BB9C : CA;
	BB9D : 14;
	BB9E : 20;
	BB9F : CB;
	BBA0 : 93;
	BBA1 : 52;
	BBA2 : AC;
	BBA3 : A1;
	BBA4 : 34;
	BBA5 : 8B;
	BBA6 : C9;
	BBA7 : 34;
	BBA8 : 29;
	BBA9 : DA;
	BBAA : 02;
	BBAB : 41;
	BBAC : BB;
	BBAD : B3;
	BBAE : 43;
	BBAF : 0D;
	BBB0 : B9;
	BBB1 : 34;
	BBB2 : 3A;
	BBB3 : DA;
	BBB4 : 12;
	BBB5 : 31;
	BBB6 : CC;
	BBB7 : 01;
	BBB8 : 12;
	BBB9 : 0B;
	BBBA : E0;
	BBBB : 38;
	BBBC : 39;
	BBBD : CC;
	BBBE : 24;
	BBBF : 21;
	BBC0 : 7F;
	BBC1 : BB;
	BBC2 : A8;
	BBC3 : 94;
	BBC4 : 28;
	BBC5 : 30;
	BBC6 : C0;
	BBC7 : 1E;
	BBC8 : B3;
	BBC9 : 58;
	BBCA : 99;
	BBCB : A8;
	BBCC : 52;
	BBCD : 20;
	BBCE : AD;
	BBCF : 99;
	BBD0 : 03;
	BBD1 : 01;
	BBD2 : 2B;
	BBD3 : 99;
	BBD4 : A2;
	BBD5 : 12;
	BBD6 : 78;
	BBD7 : C9;
	BBD8 : AB;
	BBD9 : 64;
	BBDA : 19;
	BBDB : 88;
	BBDC : E8;
	BBDD : 20;
	BBDE : 10;
	BBDF : AB;
	BBE0 : A4;
	BBE1 : 62;
	BBE2 : 8C;
	BBE3 : 98;
	BBE4 : A1;
	BBE5 : 48;
	BBE6 : 02;
	BBE7 : AB;
	BBE8 : 28;
	BBE9 : E0;
	BBEA : 40;
	BBEB : 88;
	BBEC : C8;
	BBED : 24;
	BBEE : 30;
	BBEF : AF;
	BBF0 : A0;
	BBF1 : 21;
	BBF2 : 29;
	BBF3 : D9;
	BBF4 : 21;
	BBF5 : 34;
	BBF6 : BD;
	BBF7 : 82;
	BBF8 : 80;
	BBF9 : 3C;
	BBFA : B0;
	BBFB : 34;
	BBFC : 3D;
	BBFD : C1;
	BBFE : 18;
	BBFF : 01;
	BC00 : B8;
	BC01 : 24;
	BC02 : 0A;
	BC03 : CA;
	BC04 : 21;
	BC05 : 80;
	BC06 : C0;
	BC07 : 54;
	BC08 : 19;
	BC09 : AE;
	BC0A : 91;
	BC0B : 18;
	BC0C : 13;
	BC0D : A9;
	BC0E : 89;
	BC0F : 25;
	BC10 : 18;
	BC11 : 8A;
	BC12 : DC;
	BC13 : 13;
	BC14 : 99;
	BC15 : 50;
	BC16 : 91;
	BC17 : 0B;
	BC18 : D0;
	BC19 : 36;
	BC1A : AA;
	BC1B : 91;
	BC1C : 23;
	BC1D : 20;
	BC1E : BE;
	BC1F : 8A;
	BC20 : 93;
	BC21 : 31;
	BC22 : 22;
	BC23 : 9F;
	BC24 : D0;
	BC25 : 22;
	BC26 : 1A;
	BC27 : E8;
	BC28 : 24;
	BC29 : 28;
	BC2A : AC;
	BC2B : 9A;
	BC2C : 13;
	BC2D : 11;
	BC2E : 82;
	BC2F : 3C;
	BC30 : D8;
	BC31 : 12;
	BC32 : 1B;
	BC33 : F9;
	BC34 : 34;
	BC35 : 48;
	BC36 : BB;
	BC37 : 81;
	BC38 : 83;
	BC39 : CB;
	BC3A : 13;
	BC3B : 72;
	BC3C : AB;
	BC3D : A1;
	BC3E : 08;
	BC3F : 9A;
	BC40 : 7F;
	BC41 : 93;
	BC42 : 75;
	BC43 : 8B;
	BC44 : B0;
	BC45 : 40;
	BC46 : 8A;
	BC47 : C0;
	BC48 : 25;
	BC49 : 29;
	BC4A : AC;
	BC4B : 91;
	BC4C : 11;
	BC4D : A0;
	BC4E : 20;
	BC4F : 01;
	BC50 : 1B;
	BC51 : B9;
	BC52 : AA;
	BC53 : 86;
	BC54 : 74;
	BC55 : 9A;
	BC56 : A8;
	BC57 : 88;
	BC58 : AB;
	BC59 : 36;
	BC5A : 31;
	BC5B : 0D;
	BC5C : A9;
	BC5D : A1;
	BC5E : 43;
	BC5F : 18;
	BC60 : 18;
	BC61 : AD;
	BC62 : D9;
	BC63 : 42;
	BC64 : 0A;
	BC65 : 00;
	BC66 : 02;
	BC67 : CD;
	BC68 : 84;
	BC69 : 28;
	BC6A : 80;
	BC6B : 80;
	BC6C : AD;
	BC6D : 81;
	BC6E : 71;
	BC6F : A8;
	BC70 : A0;
	BC71 : 2A;
	BC72 : A2;
	BC73 : 85;
	BC74 : 09;
	BC75 : 89;
	BC76 : 10;
	BC77 : E8;
	BC78 : 12;
	BC79 : 59;
	BC7A : A1;
	BC7B : 80;
	BC7C : AF;
	BC7D : 11;
	BC7E : 22;
	BC7F : C8;
	BC80 : 10;
	BC81 : 0E;
	BC82 : 93;
	BC83 : 12;
	BC84 : B9;
	BC85 : 20;
	BC86 : 8F;
	BC87 : 82;
	BC88 : 38;
	BC89 : C1;
	BC8A : 11;
	BC8B : BD;
	BC8C : 31;
	BC8D : 2C;
	BC8E : A6;
	BC8F : 89;
	BC90 : A8;
	BC91 : 50;
	BC92 : 9B;
	BC93 : 23;
	BC94 : 0C;
	BC95 : B5;
	BC96 : 00;
	BC97 : C0;
	BC98 : 48;
	BC99 : 9B;
	BC9A : 41;
	BC9B : 9A;
	BC9C : A7;
	BC9D : 09;
	BC9E : B2;
	BC9F : 39;
	BCA0 : BA;
	BCA1 : 60;
	BCA2 : 9B;
	BCA3 : 15;
	BCA4 : 8A;
	BCA5 : A4;
	BCA6 : 2A;
	BCA7 : B8;
	BCA8 : 68;
	BCA9 : 9A;
	BCAA : 22;
	BCAB : 8B;
	BCAC : 96;
	BCAD : 0A;
	BCAE : B3;
	BCAF : 39;
	BCB0 : AC;
	BCB1 : 50;
	BCB2 : 9A;
	BCB3 : 23;
	BCB4 : BA;
	BCB5 : A7;
	BCB6 : 1A;
	BCB7 : B1;
	BCB8 : 59;
	BCB9 : 99;
	BCBA : 48;
	BCBB : 99;
	BCBC : 14;
	BCBD : AA;
	BCBE : 95;
	BCBF : 09;
	BCC0 : 7F;
	BCC1 : 90;
	BCC2 : 3B;
	BCC3 : 0A;
	BCC4 : 68;
	BCC5 : A9;
	BCC6 : 24;
	BCC7 : AA;
	BCC8 : A5;
	BCC9 : 09;
	BCCA : 91;
	BCCB : 3D;
	BCCC : 81;
	BCCD : 3A;
	BCCE : B2;
	BCCF : 21;
	BCD0 : F1;
	BCD1 : 18;
	BCD2 : A9;
	BCD3 : 48;
	BCD4 : 89;
	BCD5 : 21;
	BCD6 : A9;
	BCD7 : 85;
	BCD8 : A0;
	BCD9 : 98;
	BCDA : 00;
	BCDB : 40;
	BCDC : AB;
	BCDD : 02;
	BCDE : 28;
	BCDF : A0;
	BCE0 : A9;
	BCE1 : 07;
	BCE2 : 8A;
	BCE3 : 91;
	BCE4 : 29;
	BCE5 : 3B;
	BCE6 : A1;
	BCE7 : B7;
	BCE8 : 18;
	BCE9 : C9;
	BCEA : 13;
	BCEB : 59;
	BCEC : CC;
	BCED : 04;
	BCEE : 28;
	BCEF : C0;
	BCF0 : 80;
	BCF1 : 11;
	BCF2 : 2A;
	BCF3 : CA;
	BCF4 : 22;
	BCF5 : A2;
	BCF6 : 3B;
	BCF7 : B2;
	BCF8 : B3;
	BCF9 : D9;
	BCFA : 78;
	BCFB : 20;
	BCFC : B8;
	BCFD : B8;
	BCFE : 60;
	BCFF : 00;
	BD00 : C9;
	BD01 : 01;
	BD02 : 30;
	BD03 : A8;
	BD04 : 85;
	BD05 : 0D;
	BD06 : 28;
	BD07 : B2;
	BD08 : 81;
	BD09 : A1;
	BD0A : 1A;
	BD0B : 70;
	BD0C : C1;
	BD0D : A1;
	BD0E : 3A;
	BD0F : 09;
	BD10 : 03;
	BD11 : D7;
	BD12 : 8D;
	BD13 : 18;
	BD14 : 11;
	BD15 : 99;
	BD16 : A4;
	BD17 : 49;
	BD18 : A8;
	BD19 : 9A;
	BD1A : 04;
	BD1B : 10;
	BD1C : 8A;
	BD1D : 1C;
	BD1E : 51;
	BD1F : AA;
	BD20 : 10;
	BD21 : B5;
	BD22 : 8D;
	BD23 : 02;
	BD24 : 30;
	BD25 : 99;
	BD26 : C0;
	BD27 : 31;
	BD28 : 0C;
	BD29 : 8A;
	BD2A : 15;
	BD2B : 18;
	BD2C : C9;
	BD2D : 39;
	BD2E : 91;
	BD2F : 1A;
	BD30 : 03;
	BD31 : B3;
	BD32 : 79;
	BD33 : F9;
	BD34 : 30;
	BD35 : 12;
	BD36 : C9;
	BD37 : 8B;
	BD38 : 13;
	BD39 : 32;
	BD3A : 99;
	BD3B : F9;
	BD3C : 50;
	BD3D : 98;
	BD3E : 82;
	BD3F : 99;
	BD40 : 7F;
	BD41 : CA;
	BD42 : 54;
	BD43 : 81;
	BD44 : CB;
	BD45 : 22;
	BD46 : 29;
	BD47 : AA;
	BD48 : 80;
	BD49 : 3F;
	BD4A : A4;
	BD4B : 83;
	BD4C : 39;
	BD4D : 9E;
	BD4E : 90;
	BD4F : 21;
	BD50 : 8A;
	BD51 : 03;
	BD52 : 01;
	BD53 : C8;
	BD54 : 99;
	BD55 : 3A;
	BD56 : 8B;
	BD57 : 45;
	BD58 : 10;
	BD59 : A0;
	BD5A : A2;
	BD5B : 1F;
	BD5C : C2;
	BD5D : 40;
	BD5E : 0C;
	BD5F : 93;
	BD60 : 20;
	BD61 : 8C;
	BD62 : B9;
	BD63 : 51;
	BD64 : 14;
	BD65 : 0C;
	BD66 : A8;
	BD67 : 84;
	BD68 : 28;
	BD69 : BD;
	BD6A : 93;
	BD6B : 38;
	BD6C : 00;
	BD6D : D8;
	BD6E : 1B;
	BD6F : A1;
	BD70 : 15;
	BD71 : 50;
	BD72 : CA;
	BD73 : 10;
	BD74 : 10;
	BD75 : 19;
	BD76 : BC;
	BD77 : 35;
	BD78 : 29;
	BD79 : B8;
	BD7A : 95;
	BD7B : 1F;
	BD7C : A1;
	BD7D : 42;
	BD7E : 88;
	BD7F : BC;
	BD80 : 11;
	BD81 : 81;
	BD82 : 50;
	BD83 : B9;
	BD84 : 82;
	BD85 : 39;
	BD86 : FA;
	BD87 : 22;
	BD88 : 43;
	BD89 : DA;
	BD8A : 88;
	BD8B : 31;
	BD8C : BE;
	BD8D : 80;
	BD8E : 07;
	BD8F : 28;
	BD90 : AB;
	BD91 : 82;
	BD92 : 08;
	BD93 : 99;
	BD94 : 83;
	BD95 : 40;
	BD96 : 88;
	BD97 : BD;
	BD98 : 98;
	BD99 : 21;
	BD9A : 01;
	BD9B : A2;
	BD9C : 14;
	BD9D : 3B;
	BD9E : 99;
	BD9F : 63;
	BDA0 : 9D;
	BDA1 : F9;
	BDA2 : 13;
	BDA3 : 40;
	BDA4 : 8B;
	BDA5 : D8;
	BDA6 : 03;
	BDA7 : 89;
	BDA8 : 90;
	BDA9 : 60;
	BDAA : 9A;
	BDAB : 21;
	BDAC : B8;
	BDAD : 94;
	BDAE : 1B;
	BDAF : B0;
	BDB0 : 70;
	BDB1 : B9;
	BDB2 : 82;
	BDB3 : 27;
	BDB4 : 19;
	BDB5 : BB;
	BDB6 : 94;
	BDB7 : 39;
	BDB8 : C0;
	BDB9 : 93;
	BDBA : 28;
	BDBB : DA;
	BDBC : 10;
	BDBD : 62;
	BDBE : BD;
	BDBF : 91;
	BDC0 : 7F;
	BDC1 : 23;
	BDC2 : 9B;
	BDC3 : A1;
	BDC4 : 23;
	BDC5 : 5A;
	BDC6 : BC;
	BDC7 : 05;
	BDC8 : 2A;
	BDC9 : C8;
	BDCA : 33;
	BDCB : 3A;
	BDCC : FA;
	BDCD : 03;
	BDCE : 20;
	BDCF : BD;
	BDD0 : 13;
	BDD1 : 10;
	BDD2 : AB;
	BDD3 : A3;
	BDD4 : 23;
	BDD5 : 0F;
	BDD6 : 91;
	BDD7 : 31;
	BDD8 : 8A;
	BDD9 : E2;
	BDDA : 30;
	BDDB : 9B;
	BDDC : A1;
	BDDD : 58;
	BDDE : C1;
	BDDF : 20;
	BDE0 : 10;
	BDE1 : D9;
	BDE2 : 19;
	BDE3 : 96;
	BDE4 : 2B;
	BDE5 : B3;
	BDE6 : 8A;
	BDE7 : 49;
	BDE8 : D0;
	BDE9 : 41;
	BDEA : A9;
	BDEB : 8D;
	BDEC : 17;
	BDED : 0A;
	BDEE : 90;
	BDEF : 90;
	BDF0 : 41;
	BDF1 : D0;
	BDF2 : 19;
	BDF3 : 01;
	BDF4 : 09;
	BDF5 : 90;
	BDF6 : A5;
	BDF7 : 0A;
	BDF8 : 83;
	BDF9 : 88;
	BDFA : 4E;
	BDFB : B2;
	BDFC : 68;
	BDFD : 82;
	BDFE : E8;
	BDFF : 20;
	BE00 : 8A;
	BE01 : 39;
	BE02 : A5;
	BE03 : 19;
	BE04 : B8;
	BE05 : 00;
	BE06 : 31;
	BE07 : 0A;
	BE08 : BE;
	BE09 : 97;
	BE0A : 2B;
	BE0B : 89;
	BE0C : 81;
	BE0D : 68;
	BE0E : C1;
	BE0F : 88;
	BE10 : 11;
	BE11 : 9A;
	BE12 : 38;
	BE13 : A4;
	BE14 : BA;
	BE15 : 22;
	BE16 : B1;
	BE17 : 5C;
	BE18 : B7;
	BE19 : 0A;
	BE1A : 01;
	BE1B : A9;
	BE1C : 25;
	BE1D : 9B;
	BE1E : 08;
	BE1F : 18;
	BE20 : 23;
	BE21 : C9;
	BE22 : 01;
	BE23 : 80;
	BE24 : 2E;
	BE25 : 18;
	BE26 : 05;
	BE27 : 3C;
	BE28 : F2;
	BE29 : 1B;
	BE2A : 30;
	BE2B : B8;
	BE2C : 30;
	BE2D : 82;
	BE2E : F9;
	BE2F : 41;
	BE30 : E0;
	BE31 : 48;
	BE32 : A9;
	BE33 : 02;
	BE34 : 1B;
	BE35 : B7;
	BE36 : 2D;
	BE37 : B6;
	BE38 : 2B;
	BE39 : C0;
	BE3A : 60;
	BE3B : BA;
	BE3C : 42;
	BE3D : BD;
	BE3E : 34;
	BE3F : 9D;
	BE40 : 7F;
	BE41 : 04;
	BE42 : 8B;
	BE43 : 95;
	BE44 : 1B;
	BE45 : A3;
	BE46 : 3B;
	BE47 : C1;
	BE48 : 68;
	BE49 : C0;
	BE4A : 21;
	BE4B : BA;
	BE4C : 33;
	BE4D : BC;
	BE4E : 16;
	BE4F : 8C;
	BE50 : 03;
	BE51 : 0B;
	BE52 : B4;
	BE53 : 3B;
	BE54 : C1;
	BE55 : 58;
	BE56 : B9;
	BE57 : 51;
	BE58 : BA;
	BE59 : 33;
	BE5A : AD;
	BE5B : 04;
	BE5C : 0C;
	BE5D : 82;
	BE5E : 2B;
	BE5F : B3;
	BE60 : 48;
	BE61 : D8;
	BE62 : 32;
	BE63 : CA;
	BE64 : 24;
	BE65 : 9C;
	BE66 : 03;
	BE67 : 1C;
	BE68 : 92;
	BE69 : 3A;
	BE6A : C0;
	BE6B : 50;
	BE6C : AB;
	BE6D : 24;
	BE6E : 9B;
	BE6F : 84;
	BE70 : 1B;
	BE71 : A3;
	BE72 : 49;
	BE73 : D0;
	BE74 : 31;
	BE75 : CA;
	BE76 : 24;
	BE77 : 9B;
	BE78 : 85;
	BE79 : 0A;
	BE7A : B3;
	BE7B : 48;
	BE7C : D8;
	BE7D : 31;
	BE7E : AC;
	BE7F : 23;
	BE80 : 8C;
	BE81 : 94;
	BE82 : 2C;
	BE83 : A2;
	BE84 : 38;
	BE85 : D8;
	BE86 : 32;
	BE87 : BC;
	BE88 : 23;
	BE89 : 0D;
	BE8A : 93;
	BE8B : 29;
	BE8C : E1;
	BE8D : 30;
	BE8E : CA;
	BE8F : 34;
	BE90 : 9D;
	BE91 : 03;
	BE92 : 1B;
	BE93 : B3;
	BE94 : 38;
	BE95 : E8;
	BE96 : 32;
	BE97 : BC;
	BE98 : 14;
	BE99 : 0B;
	BE9A : A3;
	BE9B : 39;
	BE9C : E8;
	BE9D : 41;
	BE9E : BA;
	BE9F : 32;
	BEA0 : 8C;
	BEA1 : 94;
	BEA2 : 29;
	BEA3 : D0;
	BEA4 : 31;
	BEA5 : BD;
	BEA6 : 22;
	BEA7 : 1D;
	BEA8 : 93;
	BEA9 : 29;
	BEAA : D1;
	BEAB : 38;
	BEAC : AB;
	BEAD : 42;
	BEAE : 8D;
	BEAF : 83;
	BEB0 : 29;
	BEB1 : F0;
	BEB2 : 21;
	BEB3 : AA;
	BEB4 : 22;
	BEB5 : 1E;
	BEB6 : 93;
	BEB7 : 29;
	BEB8 : C1;
	BEB9 : 21;
	BEBA : BC;
	BEBB : 23;
	BEBC : 1D;
	BEBD : A4;
	BEBE : 29;
	BEBF : D0;
	BEC0 : 7F;
	BEC1 : 31;
	BEC2 : AD;
	BEC3 : 22;
	BEC4 : 0C;
	BEC5 : 92;
	BEC6 : 38;
	BEC7 : E0;
	BEC8 : 22;
	BEC9 : AD;
	BECA : 12;
	BECB : 1B;
	BECC : A3;
	BECD : 38;
	BECE : F8;
	BECF : 31;
	BED0 : 9D;
	BED1 : 12;
	BED2 : 1B;
	BED3 : A2;
	BED4 : 30;
	BED5 : E9;
	BED6 : 33;
	BED7 : 9F;
	BED8 : 02;
	BED9 : 1A;
	BEDA : A1;
	BEDB : 31;
	BEDC : DA;
	BEDD : 33;
	BEDE : 9D;
	BEDF : 02;
	BEE0 : 2A;
	BEE1 : D1;
	BEE2 : 40;
	BEE3 : BB;
	BEE4 : 34;
	BEE5 : 8C;
	BEE6 : 82;
	BEE7 : 29;
	BEE8 : E0;
	BEE9 : 40;
	BEEA : AA;
	BEEB : 13;
	BEEC : 1E;
	BEED : 82;
	BEEE : 29;
	BEEF : D0;
	BEF0 : 31;
	BEF1 : BB;
	BEF2 : 24;
	BEF3 : 0C;
	BEF4 : 92;
	BEF5 : 39;
	BEF6 : D8;
	BEF7 : 32;
	BEF8 : BC;
	BEF9 : 15;
	BEFA : 0C;
	BEFB : 93;
	BEFC : 29;
	BEFD : C0;
	BEFE : 23;
	BEFF : BC;
	BF00 : 23;
	BF01 : 0E;
	BF02 : 93;
	BF03 : 28;
	BF04 : E8;
	BF05 : 31;
	BF06 : AB;
	BF07 : 23;
	BF08 : 1F;
	BF09 : 82;
	BF0A : 18;
	BF0B : C0;
	BF0C : 22;
	BF0D : BB;
	BF0E : 24;
	BF0F : 8D;
	BF10 : 84;
	BF11 : 08;
	BF12 : C1;
	BF13 : 20;
	BF14 : B9;
	BF15 : 33;
	BF16 : 9E;
	BF17 : 02;
	BF18 : 2B;
	BF19 : C2;
	BF1A : 30;
	BF1B : E8;
	BF1C : 31;
	BF1D : 9C;
	BF1E : 12;
	BF1F : 1C;
	BF20 : 93;
	BF21 : 29;
	BF22 : E0;
	BF23 : 22;
	BF24 : BC;
	BF25 : 42;
	BF26 : 9C;
	BF27 : 02;
	BF28 : 1A;
	BF29 : C2;
	BF2A : 30;
	BF2B : D8;
	BF2C : 22;
	BF2D : 8E;
	BF2E : 02;
	BF2F : 1A;
	BF30 : C3;
	BF31 : 38;
	BF32 : E8;
	BF33 : 31;
	BF34 : 9C;
	BF35 : 13;
	BF36 : 0C;
	BF37 : A3;
	BF38 : 29;
	BF39 : D0;
	BF3A : 40;
	BF3B : AB;
	BF3C : 33;
	BF3D : 0F;
	BF3E : 02;
	BF3F : 09;
	BF40 : 7F;
	BF41 : B2;
	BF42 : 38;
	BF43 : E8;
	BF44 : 40;
	BF45 : 9B;
	BF46 : 23;
	BF47 : 8C;
	BF48 : 95;
	BF49 : 1B;
	BF4A : B2;
	BF4B : 40;
	BF4C : C9;
	BF4D : 32;
	BF4E : AC;
	BF4F : 14;
	BF50 : 8B;
	BF51 : A6;
	BF52 : 1A;
	BF53 : B2;
	BF54 : 48;
	BF55 : C9;
	BF56 : 32;
	BF57 : AB;
	BF58 : 16;
	BF59 : 8B;
	BF5A : 93;
	BF5B : 3C;
	BF5C : B2;
	BF5D : 48;
	BF5E : C8;
	BF5F : 41;
	BF60 : AB;
	BF61 : 15;
	BF62 : 8B;
	BF63 : 94;
	BF64 : 1B;
	BF65 : B3;
	BF66 : 58;
	BF67 : C9;
	BF68 : 40;
	BF69 : AB;
	BF6A : 25;
	BF6B : 8B;
	BF6C : 84;
	BF6D : 1B;
	BF6E : B2;
	BF6F : 59;
	BF70 : B0;
	BF71 : 40;
	BF72 : C9;
	BF73 : 34;
	BF74 : AB;
	BF75 : 04;
	BF76 : 0C;
	BF77 : 93;
	BF78 : 2A;
	BF79 : C1;
	BF7A : 40;
	BF7B : C9;
	BF7C : 33;
	BF7D : BB;
	BF7E : 05;
	BF7F : 0C;
	BF80 : 93;
	BF81 : 2A;
	BF82 : C1;
	BF83 : 48;
	BF84 : C8;
	BF85 : 41;
	BF86 : BA;
	BF87 : 23;
	BF88 : AC;
	BF89 : 15;
	BF8A : 8B;
	BF8B : 83;
	BF8C : 1C;
	BF8D : A3;
	BF8E : 49;
	BF8F : C0;
	BF90 : 30;
	BF91 : BB;
	BF92 : 51;
	BF93 : 9B;
	BF94 : 15;
	BF95 : 9A;
	BF96 : 95;
	BF97 : 8A;
	BF98 : 82;
	BF99 : 2C;
	BF9A : 92;
	BF9B : 4A;
	BF9C : B0;
	BF9D : 69;
	BF9E : B2;
	BF9F : 29;
	BFA0 : B2;
	BFA1 : 2A;
	BFA2 : B2;
	BFA3 : 6A;
	BFA4 : B3;
	BFA5 : 29;
	BFA6 : C2;
	BFA7 : 28;
	BFA8 : D0;
	BFA9 : 48;
	BFAA : B8;
	BFAB : 40;
	BFAC : A9;
	BFAD : 12;
	BFAE : 9B;
	BFAF : 05;
	BFB0 : 8B;
	BFB1 : 94;
	BFB2 : 3D;
	BFB3 : 92;
	BFB4 : 2A;
	BFB5 : B3;
	BFB6 : 4B;
	BFB7 : C2;
	BFB8 : 30;
	BFB9 : D8;
	BFBA : 30;
	BFBB : B8;
	BFBC : 41;
	BFBD : CA;
	BFBE : 33;
	BFBF : AB;
	BFC0 : 7F;
	BFC1 : 03;
	BFC2 : 99;
	BFC3 : 12;
	BFC4 : 0F;
	BFC5 : 00;
	BFC6 : 21;
	BFC7 : B9;
	BFC8 : 84;
	BFC9 : 2C;
	BFCA : A2;
	BFCB : 29;
	BFCC : D1;
	BFCD : 48;
	BFCE : B9;
	BFCF : 61;
	BFD0 : BC;
	BFD1 : 14;
	BFD2 : 88;
	BFD3 : A0;
	BFD4 : 28;
	BFD5 : C0;
	BFD6 : 50;
	BFD7 : CA;
	BFD8 : 41;
	BFD9 : 0A;
	BFDA : A1;
	BFDB : 38;
	BFDC : C0;
	BFDD : 30;
	BFDE : CA;
	BFDF : 42;
	BFE0 : AB;
	BFE1 : 84;
	BFE2 : 38;
	BFE3 : E8;
	BFE4 : 38;
	BFE5 : A8;
	BFE6 : 49;
	BFE7 : 8A;
	BFE8 : 06;
	BFE9 : 88;
	BFEA : D1;
	BFEB : 20;
	BFEC : 9A;
	BFED : 28;
	BFEE : 29;
	BFEF : 92;
	BFF0 : 89;
	BFF1 : F1;
	BFF2 : 58;
	BFF3 : A9;
	BFF4 : 14;
	BFF5 : 0C;
	BFF6 : A3;
	BFF7 : 4C;
	BFF8 : A3;
	BFF9 : 19;
	BFFA : 90;
	BFFB : 03;
	BFFC : 9F;
	BFFD : 04;
	BFFE : 2A;
	BFFF : E0;
	C000 : 28;
	C001 : 88;
	C002 : 20;
	C003 : B8;
	C004 : 87;
	C005 : 0B;
	C006 : C3;
	C007 : 49;
	C008 : A9;
	C009 : 30;
	C00A : 8D;
	C00B : 14;
	C00C : 9B;
	C00D : 04;
	C00E : 09;
	C00F : B8;
	C010 : 34;
	C011 : BD;
	C012 : 24;
	C013 : 9B;
	C014 : 04;
	C015 : 8A;
	C016 : 90;
	C017 : 31;
	C018 : CC;
	C019 : 35;
	C01A : B9;
	C01B : 12;
	C01C : A0;
	C01D : 8A;
	C01E : 78;
	C01F : B8;
	C020 : 40;
	C021 : C1;
	C022 : 08;
	C023 : 29;
	C024 : 98;
	C025 : 20;
	C026 : B8;
	C027 : 50;
	C028 : 8D;
	C029 : 84;
	C02A : 00;
	C02B : C9;
	C02C : 40;
	C02D : AA;
	C02E : 51;
	C02F : C9;
	C030 : 13;
	C031 : 1B;
	C032 : B0;
	C033 : 78;
	C034 : C1;
	C035 : 28;
	C036 : B1;
	C037 : 11;
	C038 : 3F;
	C039 : A3;
	C03A : 39;
	C03B : F1;
	C03C : 18;
	C03D : 98;
	C03E : 12;
	C03F : 8B;
	C040 : 7F;
	C041 : 85;
	C042 : 1B;
	C043 : C1;
	C044 : 38;
	C045 : A0;
	C046 : 38;
	C047 : AE;
	C048 : 33;
	C049 : 8F;
	C04A : 84;
	C04B : 88;
	C04C : 90;
	C04D : 08;
	C04E : 1A;
	C04F : 22;
	C050 : AD;
	C051 : 05;
	C052 : 89;
	C053 : 09;
	C054 : 81;
	C055 : 2B;
	C056 : 04;
	C057 : AC;
	C058 : 15;
	C059 : A0;
	C05A : 98;
	C05B : 28;
	C05C : A8;
	C05D : 25;
	C05E : C9;
	C05F : 30;
	C060 : 9B;
	C061 : 13;
	C062 : 80;
	C063 : D2;
	C064 : 80;
	C065 : 4E;
	C066 : 21;
	C067 : B0;
	C068 : 10;
	C069 : B4;
	C06A : 8E;
	C06B : 11;
	C06C : 88;
	C06D : 10;
	C06E : 00;
	C06F : DB;
	C070 : 71;
	C071 : B9;
	C072 : 22;
	C073 : B0;
	C074 : 80;
	C075 : 3A;
	C076 : F0;
	C077 : 51;
	C078 : C9;
	C079 : 31;
	C07A : AB;
	C07B : 06;
	C07C : 0C;
	C07D : B6;
	C07E : 3B;
	C07F : D1;
	C080 : 48;
	C081 : C0;
	C082 : 38;
	C083 : AA;
	C084 : 42;
	C085 : AC;
	C086 : 13;
	C087 : 8B;
	C088 : 95;
	C089 : 1C;
	C08A : 83;
	C08B : 1B;
	C08C : C3;
	C08D : 3A;
	C08E : A8;
	C08F : 48;
	C090 : B8;
	C091 : 42;
	C092 : CB;
	C093 : 16;
	C094 : 99;
	C095 : 93;
	C096 : 1C;
	C097 : 92;
	C098 : 7A;
	C099 : B1;
	C09A : 38;
	C09B : AA;
	C09C : 33;
	C09D : 9F;
	C09E : 04;
	C09F : 8B;
	C0A0 : 95;
	C0A1 : 1A;
	C0A2 : B3;
	C0A3 : 38;
	C0A4 : E8;
	C0A5 : 30;
	C0A6 : AA;
	C0A7 : 50;
	C0A8 : AB;
	C0A9 : 35;
	C0AA : 9B;
	C0AB : 84;
	C0AC : 0C;
	C0AD : 84;
	C0AE : 1C;
	C0AF : 92;
	C0B0 : 4B;
	C0B1 : B2;
	C0B2 : 39;
	C0B3 : B0;
	C0B4 : 78;
	C0B5 : B9;
	C0B6 : 52;
	C0B7 : CA;
	C0B8 : 24;
	C0B9 : AC;
	C0BA : 24;
	C0BB : 9D;
	C0BC : 04;
	C0BD : 0C;
	C0BE : 93;
	C0BF : 2B;
	C0C0 : 7F;
	C0C1 : A2;
	C0C2 : 5A;
	C0C3 : B2;
	C0C4 : 48;
	C0C5 : C9;
	C0C6 : 50;
	C0C7 : BA;
	C0C8 : 43;
	C0C9 : BD;
	C0CA : 23;
	C0CB : 9C;
	C0CC : 04;
	C0CD : 0D;
	C0CE : 83;
	C0CF : 1A;
	C0D0 : B2;
	C0D1 : 49;
	C0D2 : C1;
	C0D3 : 30;
	C0D4 : D8;
	C0D5 : 30;
	C0D6 : B9;
	C0D7 : 42;
	C0D8 : CB;
	C0D9 : 34;
	C0DA : 9B;
	C0DB : 86;
	C0DC : 8B;
	C0DD : 94;
	C0DE : 1A;
	C0DF : A2;
	C0E0 : 4A;
	C0E1 : B1;
	C0E2 : 48;
	C0E3 : D8;
	C0E4 : 40;
	C0E5 : A9;
	C0E6 : 23;
	C0E7 : BB;
	C0E8 : 24;
	C0E9 : 9D;
	C0EA : 04;
	C0EB : 0B;
	C0EC : 94;
	C0ED : 1B;
	C0EE : A3;
	C0EF : 4A;
	C0F0 : D0;
	C0F1 : 48;
	C0F2 : B8;
	C0F3 : 41;
	C0F4 : AB;
	C0F5 : 33;
	C0F6 : BC;
	C0F7 : 25;
	C0F8 : 9C;
	C0F9 : 04;
	C0FA : 8B;
	C0FB : 84;
	C0FC : 1C;
	C0FD : 93;
	C0FE : 1A;
	C0FF : C2;
	C100 : 49;
	C101 : C0;
	C102 : 40;
	C103 : B9;
	C104 : 32;
	C105 : CA;
	C106 : 33;
	C107 : AD;
	C108 : 14;
	C109 : 8C;
	C10A : 84;
	C10B : 0A;
	C10C : A3;
	C10D : 3B;
	C10E : D2;
	C10F : 39;
	C110 : C8;
	C111 : 40;
	C112 : B9;
	C113 : 42;
	C114 : BB;
	C115 : 25;
	C116 : 9C;
	C117 : 85;
	C118 : 8A;
	C119 : 93;
	C11A : 2C;
	C11B : 92;
	C11C : 3A;
	C11D : C1;
	C11E : 40;
	C11F : C9;
	C120 : 32;
	C121 : BD;
	C122 : 33;
	C123 : 9D;
	C124 : 03;
	C125 : 0C;
	C126 : 94;
	C127 : 1A;
	C128 : A2;
	C129 : 28;
	C12A : D0;
	C12B : 48;
	C12C : B9;
	C12D : 42;
	C12E : BB;
	C12F : 34;
	C130 : AD;
	C131 : 14;
	C132 : 8A;
	C133 : 94;
	C134 : 0B;
	C135 : 93;
	C136 : 2B;
	C137 : C3;
	C138 : 49;
	C139 : D0;
	C13A : 30;
	C13B : C9;
	C13C : 51;
	C13D : BA;
	C13E : 23;
	C13F : 9C;
	C140 : 7F;
	C141 : 85;
	C142 : 0B;
	C143 : 93;
	C144 : 2A;
	C145 : C1;
	C146 : 48;
	C147 : B9;
	C148 : 51;
	C149 : BB;
	C14A : 25;
	C14B : 9B;
	C14C : 03;
	C14D : 2D;
	C14E : A3;
	C14F : 4A;
	C150 : C1;
	C151 : 38;
	C152 : C9;
	C153 : 51;
	C154 : AB;
	C155 : 24;
	C156 : 8D;
	C157 : 84;
	C158 : 1B;
	C159 : A3;
	C15A : 29;
	C15B : C8;
	C15C : 50;
	C15D : B9;
	C15E : 32;
	C15F : AD;
	C160 : 13;
	C161 : 0C;
	C162 : 93;
	C163 : 4A;
	C164 : D1;
	C165 : 20;
	C166 : C9;
	C167 : 33;
	C168 : AD;
	C169 : 14;
	C16A : 0C;
	C16B : 82;
	C16C : 1A;
	C16D : B2;
	C16E : 50;
	C16F : D8;
	C170 : 22;
	C171 : AC;
	C172 : 04;
	C173 : 0B;
	C174 : 93;
	C175 : 3A;
	C176 : D0;
	C177 : 40;
	C178 : B9;
	C179 : 24;
	C17A : AC;
	C17B : 05;
	C17C : 0B;
	C17D : A3;
	C17E : 3A;
	C17F : D0;
	C180 : 41;
	C181 : BA;
	C182 : 23;
	C183 : 9D;
	C184 : 84;
	C185 : 2B;
	C186 : B1;
	C187 : 48;
	C188 : C8;
	C189 : 41;
	C18A : BA;
	C18B : 24;
	C18C : 8D;
	C18D : 02;
	C18E : 1B;
	C18F : A2;
	C190 : 49;
	C191 : D0;
	C192 : 32;
	C193 : CA;
	C194 : 23;
	C195 : 8D;
	C196 : 83;
	C197 : 3B;
	C198 : C0;
	C199 : 40;
	C19A : B9;
	C19B : 25;
	C19C : AC;
	C19D : 13;
	C19E : 0C;
	C19F : 92;
	C1A0 : 3A;
	C1A1 : C0;
	C1A2 : 41;
	C1A3 : C9;
	C1A4 : 23;
	C1A5 : AD;
	C1A6 : 04;
	C1A7 : 1B;
	C1A8 : A1;
	C1A9 : 58;
	C1AA : C0;
	C1AB : 22;
	C1AC : BC;
	C1AD : 14;
	C1AE : 0C;
	C1AF : 93;
	C1B0 : 3B;
	C1B1 : C1;
	C1B2 : 48;
	C1B3 : C0;
	C1B4 : 22;
	C1B5 : AC;
	C1B6 : 05;
	C1B7 : 0B;
	C1B8 : A2;
	C1B9 : 59;
	C1BA : B8;
	C1BB : 40;
	C1BC : AB;
	C1BD : 25;
	C1BE : 9B;
	C1BF : 85;
	C1C0 : 7F;
	C1C1 : 1B;
	C1C2 : A2;
	C1C3 : 30;
	C1C4 : E9;
	C1C5 : 32;
	C1C6 : AC;
	C1C7 : 05;
	C1C8 : 0B;
	C1C9 : A3;
	C1CA : 4A;
	C1CB : B0;
	C1CC : 41;
	C1CD : C9;
	C1CE : 23;
	C1CF : AC;
	C1D0 : 04;
	C1D1 : 0B;
	C1D2 : A3;
	C1D3 : 4A;
	C1D4 : B1;
	C1D5 : 40;
	C1D6 : C9;
	C1D7 : 23;
	C1D8 : AC;
	C1D9 : 05;
	C1DA : 0B;
	C1DB : 93;
	C1DC : 2A;
	C1DD : C0;
	C1DE : 50;
	C1DF : C8;
	C1E0 : 22;
	C1E1 : BA;
	C1E2 : 14;
	C1E3 : 8B;
	C1E4 : 94;
	C1E5 : 3C;
	C1E6 : B2;
	C1E7 : 48;
	C1E8 : C8;
	C1E9 : 32;
	C1EA : CB;
	C1EB : 24;
	C1EC : 8C;
	C1ED : 84;
	C1EE : 0A;
	C1EF : 91;
	C1F0 : 49;
	C1F1 : C0;
	C1F2 : 31;
	C1F3 : C9;
	C1F4 : 23;
	C1F5 : AC;
	C1F6 : 04;
	C1F7 : 1D;
	C1F8 : 93;
	C1F9 : 2A;
	C1FA : C1;
	C1FB : 31;
	C1FC : E8;
	C1FD : 22;
	C1FE : BB;
	C1FF : 25;
	C200 : 8C;
	C201 : 83;
	C202 : 2C;
	C203 : A3;
	C204 : 39;
	C205 : D8;
	C206 : 41;
	C207 : C9;
	C208 : 23;
	C209 : AC;
	C20A : 13;
	C20B : 1D;
	C20C : 92;
	C20D : 4A;
	C20E : C1;
	C20F : 38;
	C210 : C8;
	C211 : 41;
	C212 : C9;
	C213 : 22;
	C214 : 8D;
	C215 : 03;
	C216 : 1C;
	C217 : 92;
	C218 : 3A;
	C219 : D1;
	C21A : 30;
	C21B : C9;
	C21C : 42;
	C21D : CA;
	C21E : 23;
	C21F : 9C;
	C220 : 03;
	C221 : 2E;
	C222 : 82;
	C223 : 2B;
	C224 : B2;
	C225 : 40;
	C226 : E8;
	C227 : 31;
	C228 : AB;
	C229 : 15;
	C22A : 8B;
	C22B : 83;
	C22C : 2D;
	C22D : 92;
	C22E : 3A;
	C22F : D1;
	C230 : 31;
	C231 : E8;
	C232 : 22;
	C233 : BB;
	C234 : 24;
	C235 : 8D;
	C236 : 12;
	C237 : 0C;
	C238 : 82;
	C239 : 2B;
	C23A : A2;
	C23B : 40;
	C23C : E8;
	C23D : 31;
	C23E : BA;
	C23F : 33;
	C240 : 7F;
	C241 : AE;
	C242 : 04;
	C243 : 0B;
	C244 : 82;
	C245 : 3C;
	C246 : B2;
	C247 : 48;
	C248 : C8;
	C249 : 32;
	C24A : CA;
	C24B : 24;
	C24C : 9C;
	C24D : 03;
	C24E : 1C;
	C24F : 92;
	C250 : 4A;
	C251 : C1;
	C252 : 38;
	C253 : C8;
	C254 : 23;
	C255 : BC;
	C256 : 24;
	C257 : 8D;
	C258 : 03;
	C259 : 1C;
	C25A : 91;
	C25B : 49;
	C25C : B8;
	C25D : 41;
	C25E : C9;
	C25F : 24;
	C260 : AA;
	C261 : 03;
	C262 : 1E;
	C263 : 81;
	C264 : 3B;
	C265 : A1;
	C266 : 58;
	C267 : C0;
	C268 : 21;
	C269 : BA;
	C26A : 16;
	C26B : 9A;
	C26C : 83;
	C26D : 2D;
	C26E : 92;
	C26F : 3B;
	C270 : B0;
	C271 : 60;
	C272 : C0;
	C273 : 12;
	C274 : BA;
	C275 : 06;
	C276 : 8B;
	C277 : 02;
	C278 : 2C;
	C279 : 80;
	C27A : 5A;
	C27B : B1;
	C27C : 40;
	C27D : C8;
	C27E : 14;
	C27F : AA;
	C280 : 03;
	C281 : 8C;
	C282 : 82;
	C283 : 4B;
	C284 : A1;
	C285 : 69;
	C286 : C0;
	C287 : 31;
	C288 : C8;
	C289 : 12;
	C28A : 9B;
	C28B : 86;
	C28C : 0B;
	C28D : 81;
	C28E : 3B;
	C28F : B2;
	C290 : 68;
	C291 : C8;
	C292 : 23;
	C293 : C9;
	C294 : 05;
	C295 : 9B;
	C296 : 84;
	C297 : 1B;
	C298 : 91;
	C299 : 6A;
	C29A : A8;
	C29B : 40;
	C29C : B8;
	C29D : 15;
	C29E : AA;
	C29F : 04;
	C2A0 : 8B;
	C2A1 : 93;
	C2A2 : 4B;
	C2A3 : A8;
	C2A4 : 79;
	C2A5 : 98;
	C2A6 : 30;
	C2A7 : BA;
	C2A8 : 26;
	C2A9 : A9;
	C2AA : 84;
	C2AB : 0B;
	C2AC : A3;
	C2AD : 3A;
	C2AE : BA;
	C2AF : 71;
	C2B0 : BA;
	C2B1 : 34;
	C2B2 : BB;
	C2B3 : 07;
	C2B4 : 8A;
	C2B5 : 92;
	C2B6 : 3B;
	C2B7 : B0;
	C2B8 : 70;
	C2B9 : B9;
	C2BA : 40;
	C2BB : AA;
	C2BC : 25;
	C2BD : AA;
	C2BE : 85;
	C2BF : 0A;
	C2C0 : 7F;
	C2C1 : A1;
	C2C2 : 4A;
	C2C3 : A0;
	C2C4 : 58;
	C2C5 : B9;
	C2C6 : 41;
	C2C7 : AB;
	C2C8 : 25;
	C2C9 : AA;
	C2CA : 84;
	C2CB : 1B;
	C2CC : A2;
	C2CD : 6A;
	C2CE : B0;
	C2CF : 40;
	C2D0 : B9;
	C2D1 : 34;
	C2D2 : AC;
	C2D3 : 05;
	C2D4 : 8A;
	C2D5 : A4;
	C2D6 : 1B;
	C2D7 : 92;
	C2D8 : 4A;
	C2D9 : B8;
	C2DA : 51;
	C2DB : C9;
	C2DC : 24;
	C2DD : AB;
	C2DE : 14;
	C2DF : 8C;
	C2E0 : 83;
	C2E1 : 3D;
	C2E2 : 91;
	C2E3 : 49;
	C2E4 : C0;
	C2E5 : 30;
	C2E6 : BA;
	C2E7 : 34;
	C2E8 : 9D;
	C2E9 : 03;
	C2EA : 1D;
	C2EB : 93;
	C2EC : 2A;
	C2ED : C1;
	C2EE : 58;
	C2EF : B8;
	C2F0 : 31;
	C2F1 : CA;
	C2F2 : 34;
	C2F3 : 9C;
	C2F4 : 03;
	C2F5 : 1D;
	C2F6 : 92;
	C2F7 : 3A;
	C2F8 : C0;
	C2F9 : 58;
	C2FA : B8;
	C2FB : 32;
	C2FC : CA;
	C2FD : 25;
	C2FE : 9B;
	C2FF : 85;
	C300 : 0B;
	C301 : 92;
	C302 : 4A;
	C303 : C0;
	C304 : 40;
	C305 : B9;
	C306 : 32;
	C307 : AC;
	C308 : 06;
	C309 : 8B;
	C30A : 84;
	C30B : 0A;
	C30C : A1;
	C30D : 58;
	C30E : B8;
	C30F : 31;
	C310 : C9;
	C311 : 24;
	C312 : AB;
	C313 : 86;
	C314 : 0C;
	C315 : 83;
	C316 : 1A;
	C317 : B2;
	C318 : 49;
	C319 : C0;
	C31A : 40;
	C31B : BA;
	C31C : 25;
	C31D : 9C;
	C31E : 04;
	C31F : 8B;
	C320 : 83;
	C321 : 3C;
	C322 : A1;
	C323 : 48;
	C324 : C8;
	C325 : 31;
	C326 : BA;
	C327 : 26;
	C328 : 9B;
	C329 : 85;
	C32A : 0C;
	C32B : 82;
	C32C : 2A;
	C32D : B1;
	C32E : 48;
	C32F : B9;
	C330 : 51;
	C331 : BB;
	C332 : 35;
	C333 : 9C;
	C334 : 03;
	C335 : 0C;
	C336 : 83;
	C337 : 2C;
	C338 : A2;
	C339 : 48;
	C33A : D8;
	C33B : 40;
	C33C : AA;
	C33D : 23;
	C33E : AB;
	C33F : 15;
	C340 : 7F;
	C341 : 8C;
	C342 : 82;
	C343 : 3C;
	C344 : A3;
	C345 : 3A;
	C346 : E0;
	C347 : 40;
	C348 : B9;
	C349 : 33;
	C34A : CA;
	C34B : 14;
	C34C : 8D;
	C34D : 11;
	C34E : 1C;
	C34F : 82;
	C350 : 3B;
	C351 : C2;
	C352 : 39;
	C353 : D1;
	C354 : 30;
	C355 : D8;
	C356 : 31;
	C357 : BB;
	C358 : 34;
	C359 : AC;
	C35A : 14;
	C35B : 8B;
	C35C : 83;
	C35D : 2C;
	C35E : A3;
	C35F : 4B;
	C360 : C2;
	C361 : 38;
	C362 : D0;
	C363 : 30;
	C364 : C9;
	C365 : 41;
	C366 : BA;
	C367 : 42;
	C368 : BB;
	C369 : 42;
	C36A : AC;
	C36B : 22;
	C36C : AA;
	C36D : 15;
	C36E : AA;
	C36F : 14;
	C370 : 9C;
	C371 : 14;
	C372 : 8C;
	C373 : 03;
	C374 : 8B;
	C375 : 03;
	C376 : 0C;
	C377 : 93;
	C378 : 1A;
	C379 : B3;
	C37A : 39;
	C37B : D0;
	C37C : 48;
	C37D : A8;
	C37E : 11;
	C37F : 8B;
	C380 : 04;
	C381 : 0D;
	C382 : 95;
	C383 : 1C;
	C384 : 93;
	C385 : 1A;
	C386 : A2;
	C387 : 3A;
	C388 : C1;
	C389 : 40;
	C38A : C9;
	C38B : 40;
	C38C : A9;
	C38D : 22;
	C38E : B9;
	C38F : 14;
	C390 : 9A;
	C391 : 94;
	C392 : 0B;
	C393 : 82;
	C394 : 2C;
	C395 : 00;
	C396 : 21;
	C397 : F8;
	C398 : 32;
	C399 : E0;
	C39A : 11;
	C39B : A9;
	C39C : 11;
	C39D : 0D;
	C39E : 12;
	C39F : 8B;
	C3A0 : 12;
	C3A1 : 99;
	C3A2 : 02;
	C3A3 : C8;
	C3A4 : 32;
	C3A5 : F1;
	C3A6 : 2B;
	C3A7 : B3;
	C3A8 : 4A;
	C3A9 : AA;
	C3AA : 72;
	C3AB : D9;
	C3AC : 58;
	C3AD : A9;
	C3AE : 22;
	C3AF : 9B;
	C3B0 : 06;
	C3B1 : 0B;
	C3B2 : 94;
	C3B3 : 8B;
	C3B4 : 03;
	C3B5 : 2B;
	C3B6 : E2;
	C3B7 : 38;
	C3B8 : C0;
	C3B9 : 38;
	C3BA : C0;
	C3BB : 23;
	C3BC : CC;
	C3BD : 25;
	C3BE : 9B;
	C3BF : 14;
	C3C0 : 7F;
	C3C1 : 9E;
	C3C2 : 13;
	C3C3 : 0D;
	C3C4 : 94;
	C3C5 : 2B;
	C3C6 : C3;
	C3C7 : 3A;
	C3C8 : E1;
	C3C9 : 48;
	C3CA : D8;
	C3CB : 41;
	C3CC : C8;
	C3CD : 22;
	C3CE : BB;
	C3CF : 43;
	C3D0 : CA;
	C3D1 : 15;
	C3D2 : 9B;
	C3D3 : 85;
	C3D4 : 0B;
	C3D5 : A5;
	C3D6 : 1B;
	C3D7 : A3;
	C3D8 : 4B;
	C3D9 : B2;
	C3DA : 68;
	C3DB : D0;
	C3DC : 30;
	C3DD : D8;
	C3DE : 31;
	C3DF : BA;
	C3E0 : 34;
	C3E1 : AC;
	C3E2 : 05;
	C3E3 : 8B;
	C3E4 : 84;
	C3E5 : 0B;
	C3E6 : 94;
	C3E7 : 2B;
	C3E8 : B2;
	C3E9 : 5A;
	C3EA : B1;
	C3EB : 48;
	C3EC : C8;
	C3ED : 41;
	C3EE : C9;
	C3EF : 31;
	C3F0 : AB;
	C3F1 : 34;
	C3F2 : AC;
	C3F3 : 05;
	C3F4 : 0C;
	C3F5 : 83;
	C3F6 : 1B;
	C3F7 : B3;
	C3F8 : 4A;
	C3F9 : B1;
	C3FA : 58;
	C3FB : C8;
	C3FC : 40;
	C3FD : B9;
	C3FE : 32;
	C3FF : AC;
	C400 : 24;
	C401 : 9C;
	C402 : 04;
	C403 : 0C;
	C404 : 93;
	C405 : 2B;
	C406 : B3;
	C407 : 5A;
	C408 : B0;
	C409 : 50;
	C40A : C8;
	C40B : 31;
	C40C : C9;
	C40D : 23;
	C40E : 9D;
	C40F : 04;
	C410 : 8B;
	C411 : 83;
	C412 : 3D;
	C413 : A3;
	C414 : 3A;
	C415 : C0;
	C416 : 40;
	C417 : C9;
	C418 : 33;
	C419 : CA;
	C41A : 14;
	C41B : 8C;
	C41C : 03;
	C41D : 1C;
	C41E : A2;
	C41F : 4A;
	C420 : B1;
	C421 : 58;
	C422 : C8;
	C423 : 32;
	C424 : C9;
	C425 : 13;
	C426 : 8D;
	C427 : 84;
	C428 : 0B;
	C429 : 94;
	C42A : 1A;
	C42B : B2;
	C42C : 49;
	C42D : B8;
	C42E : 42;
	C42F : CA;
	C430 : 25;
	C431 : AB;
	C432 : 15;
	C433 : 8C;
	C434 : 83;
	C435 : 1A;
	C436 : C2;
	C437 : 38;
	C438 : C8;
	C439 : 32;
	C43A : D9;
	C43B : 23;
	C43C : AC;
	C43D : 05;
	C43E : 8B;
	C43F : 83;
	C440 : 7F;
	C441 : 2C;
	C442 : B2;
	C443 : 69;
	C444 : A8;
	C445 : 41;
	C446 : BB;
	C447 : 33;
	C448 : AC;
	C449 : 86;
	C44A : 0B;
	C44B : 93;
	C44C : 3B;
	C44D : C1;
	C44E : 40;
	C44F : D8;
	C450 : 22;
	C451 : BA;
	C452 : 15;
	C453 : 9B;
	C454 : 85;
	C455 : 0A;
	C456 : A3;
	C457 : 3B;
	C458 : C1;
	C459 : 40;
	C45A : C9;
	C45B : 33;
	C45C : BD;
	C45D : 14;
	C45E : 8C;
	C45F : 83;
	C460 : 2B;
	C461 : C2;
	C462 : 49;
	C463 : C0;
	C464 : 31;
	C465 : BB;
	C466 : 43;
	C467 : BC;
	C468 : 14;
	C469 : 0C;
	C46A : 93;
	C46B : 3B;
	C46C : C1;
	C46D : 59;
	C46E : B8;
	C46F : 42;
	C470 : BB;
	C471 : 25;
	C472 : 9C;
	C473 : 03;
	C474 : 1C;
	C475 : 92;
	C476 : 39;
	C477 : E0;
	C478 : 31;
	C479 : C9;
	C47A : 23;
	C47B : BB;
	C47C : 06;
	C47D : 0B;
	C47E : 93;
	C47F : 3B;
	C480 : D1;
	C481 : 40;
	C482 : C9;
	C483 : 32;
	C484 : BB;
	C485 : 25;
	C486 : 8C;
	C487 : 94;
	C488 : 1A;
	C489 : B2;
	C48A : 59;
	C48B : B8;
	C48C : 50;
	C48D : AA;
	C48E : 23;
	C48F : 9C;
	C490 : 84;
	C491 : 1B;
	C492 : B3;
	C493 : 5A;
	C494 : B0;
	C495 : 50;
	C496 : C8;
	C497 : 22;
	C498 : 9C;
	C499 : 04;
	C49A : 0B;
	C49B : A3;
	C49C : 4A;
	C49D : C0;
	C49E : 40;
	C49F : BA;
	C4A0 : 42;
	C4A1 : AC;
	C4A2 : 14;
	C4A3 : 8B;
	C4A4 : 94;
	C4A5 : 2B;
	C4A6 : B1;
	C4A7 : 68;
	C4A8 : B8;
	C4A9 : 32;
	C4AA : BD;
	C4AB : 14;
	C4AC : 8B;
	C4AD : 94;
	C4AE : 2C;
	C4AF : A2;
	C4B0 : 49;
	C4B1 : B8;
	C4B2 : 41;
	C4B3 : BB;
	C4B4 : 35;
	C4B5 : 9C;
	C4B6 : 03;
	C4B7 : 1B;
	C4B8 : B2;
	C4B9 : 69;
	C4BA : B0;
	C4BB : 41;
	C4BC : C9;
	C4BD : 14;
	C4BE : 9B;
	C4BF : 84;
	C4C0 : 7F;
	C4C1 : 1C;
	C4C2 : A3;
	C4C3 : 3A;
	C4C4 : C0;
	C4C5 : 41;
	C4C6 : C9;
	C4C7 : 23;
	C4C8 : 9E;
	C4C9 : 03;
	C4CA : 0B;
	C4CB : 92;
	C4CC : 49;
	C4CD : D0;
	C4CE : 31;
	C4CF : CA;
	C4D0 : 33;
	C4D1 : 9D;
	C4D2 : 03;
	C4D3 : 1B;
	C4D4 : B3;
	C4D5 : 59;
	C4D6 : C8;
	C4D7 : 40;
	C4D8 : AB;
	C4D9 : 25;
	C4DA : 9B;
	C4DB : 84;
	C4DC : 2A;
	C4DD : C0;
	C4DE : 40;
	C4DF : B9;
	C4E0 : 34;
	C4E1 : BC;
	C4E2 : 14;
	C4E3 : 0C;
	C4E4 : 92;
	C4E5 : 3A;
	C4E6 : B8;
	C4E7 : 51;
	C4E8 : C9;
	C4E9 : 23;
	C4EA : 8D;
	C4EB : 83;
	C4EC : 1B;
	C4ED : B3;
	C4EE : 58;
	C4EF : D8;
	C4F0 : 32;
	C4F1 : BB;
	C4F2 : 06;
	C4F3 : 0B;
	C4F4 : A3;
	C4F5 : 4A;
	C4F6 : B8;
	C4F7 : 51;
	C4F8 : BB;
	C4F9 : 34;
	C4FA : 9B;
	C4FB : 95;
	C4FC : 19;
	C4FD : C0;
	C4FE : 40;
	C4FF : BA;
	C500 : 42;
	C501 : AB;
	C502 : 85;
	C503 : 1B;
	C504 : B2;
	C505 : 68;
	C506 : B9;
	C507 : 33;
	C508 : BC;
	C509 : 05;
	C50A : 1B;
	C50B : B2;
	C50C : 48;
	C50D : D8;
	C50E : 32;
	C50F : AC;
	C510 : 13;
	C511 : 0C;
	C512 : A3;
	C513 : 5A;
	C514 : B0;
	C515 : 33;
	C516 : CB;
	C517 : 16;
	C518 : 8B;
	C519 : 93;
	C51A : 3A;
	C51B : D0;
	C51C : 32;
	C51D : BD;
	C51E : 23;
	C51F : 0E;
	C520 : 82;
	C521 : 29;
	C522 : C0;
	C523 : 31;
	C524 : BB;
	C525 : 26;
	C526 : 8B;
	C527 : A3;
	C528 : 49;
	C529 : D0;
	C52A : 31;
	C52B : BB;
	C52C : 24;
	C52D : 0D;
	C52E : 93;
	C52F : 29;
	C530 : D0;
	C531 : 32;
	C532 : CA;
	C533 : 23;
	C534 : 8C;
	C535 : A4;
	C536 : 2A;
	C537 : C0;
	C538 : 50;
	C539 : AA;
	C53A : 14;
	C53B : 8C;
	C53C : 83;
	C53D : 2A;
	C53E : C0;
	C53F : 40;
	C540 : 7F;
	C541 : BA;
	C542 : 25;
	C543 : 9B;
	C544 : 84;
	C545 : 1A;
	C546 : C1;
	C547 : 40;
	C548 : C9;
	C549 : 32;
	C54A : AB;
	C54B : 05;
	C54C : 0B;
	C54D : A3;
	C54E : 48;
	C54F : D8;
	C550 : 32;
	C551 : BC;
	C552 : 14;
	C553 : 0B;
	C554 : A3;
	C555 : 3A;
	C556 : D8;
	C557 : 51;
	C558 : BB;
	C559 : 24;
	C55A : 0C;
	C55B : 94;
	C55C : 1A;
	C55D : B1;
	C55E : 40;
	C55F : BB;
	C560 : 43;
	C561 : 9D;
	C562 : 84;
	C563 : 1A;
	C564 : B1;
	C565 : 40;
	C566 : C9;
	C567 : 32;
	C568 : 9D;
	C569 : 04;
	C56A : 0B;
	C56B : A3;
	C56C : 49;
	C56D : C9;
	C56E : 42;
	C56F : BB;
	C570 : 24;
	C571 : 8B;
	C572 : B4;
	C573 : 49;
	C574 : D0;
	C575 : 48;
	C576 : A9;
	C577 : 23;
	C578 : 9C;
	C579 : 83;
	C57A : 1A;
	C57B : C2;
	C57C : 48;
	C57D : C9;
	C57E : 41;
	C57F : 9C;
	C580 : 14;
	C581 : 8B;
	C582 : 94;
	C583 : 09;
	C584 : B2;
	C585 : 49;
	C586 : C8;
	C587 : 41;
	C588 : AA;
	C589 : 14;
	C58A : AA;
	C58B : 86;
	C58C : 8A;
	C58D : 93;
	C58E : 1A;
	C58F : 91;
	C590 : 09;
	C591 : 11;
	C592 : A9;
	C593 : 48;
	C594 : B0;
	C595 : 14;
	C596 : CA;
	C597 : 24;
	C598 : 9B;
	C599 : 84;
	C59A : 2B;
	C59B : 98;
	C59C : 49;
	C59D : 89;
	C59E : 96;
	C59F : 0B;
	C5A0 : A5;
	C5A1 : 2B;
	C5A2 : B1;
	C5A3 : 69;
	C5A4 : A9;
	C5A5 : 41;
	C5A6 : AA;
	C5A7 : 14;
	C5A8 : 9B;
	C5A9 : 94;
	C5AA : 2C;
	C5AB : 91;
	C5AC : 48;
	C5AD : C8;
	C5AE : 22;
	C5AF : AA;
	C5B0 : 03;
	C5B1 : 1C;
	C5B2 : 81;
	C5B3 : 18;
	C5B4 : B8;
	C5B5 : 52;
	C5B6 : D8;
	C5B7 : 11;
	C5B8 : 1C;
	C5B9 : 81;
	C5BA : 18;
	C5BB : A0;
	C5BC : 22;
	C5BD : C9;
	C5BE : 12;
	C5BF : 0D;
	C5C0 : 7F;
	C5C1 : 10;
	C5C2 : 18;
	C5C3 : 98;
	C5C4 : 85;
	C5C5 : B0;
	C5C6 : 82;
	C5C7 : 3C;
	C5C8 : BB;
	C5C9 : 72;
	C5CA : BB;
	C5CB : 36;
	C5CC : A9;
	C5CD : 94;
	C5CE : 0C;
	C5CF : 82;
	C5D0 : 28;
	C5D1 : C9;
	C5D2 : 50;
	C5D3 : 98;
	C5D4 : A1;
	C5D5 : 38;
	C5D6 : D2;
	C5D7 : 3E;
	C5D8 : 93;
	C5D9 : 18;
	C5DA : 9C;
	C5DB : 25;
	C5DC : B8;
	C5DD : 19;
	C5DE : 20;
	C5DF : 99;
	C5E0 : 00;
	C5E1 : 1C;
	C5E2 : 03;
	C5E3 : 89;
	C5E4 : C4;
	C5E5 : 4F;
	C5E6 : 93;
	C5E7 : 00;
	C5E8 : 1B;
	C5E9 : C3;
	C5EA : 00;
	C5EB : 1B;
	C5EC : B7;
	C5ED : 0B;
	C5EE : 21;
	C5EF : AA;
	C5F0 : 14;
	C5F1 : 8B;
	C5F2 : A1;
	C5F3 : 62;
	C5F4 : BD;
	C5F5 : 20;
	C5F6 : 81;
	C5F7 : 0C;
	C5F8 : 22;
	C5F9 : E0;
	C5FA : 4A;
	C5FB : A1;
	C5FC : 38;
	C5FD : 9C;
	C5FE : 24;
	C5FF : AA;
	C600 : 05;
	C601 : 0A;
	C602 : B0;
	C603 : 50;
	C604 : 9D;
	C605 : 22;
	C606 : A2;
	C607 : A9;
	C608 : 59;
	C609 : D3;
	C60A : 2A;
	C60B : A0;
	C60C : 81;
	C60D : 7A;
	C60E : C4;
	C60F : 09;
	C610 : 80;
	C611 : 82;
	C612 : B9;
	C613 : 41;
	C614 : BC;
	C615 : 34;
	C616 : AA;
	C617 : 00;
	C618 : 12;
	C619 : AE;
	C61A : 30;
	C61B : 80;
	C61C : 81;
	C61D : B9;
	C61E : 26;
	C61F : 9B;
	C620 : 92;
	C621 : 59;
	C622 : A8;
	C623 : 29;
	C624 : 94;
	C625 : A9;
	C626 : 01;
	C627 : 10;
	C628 : 2E;
	C629 : 09;
	C62A : 11;
	C62B : 13;
	C62C : FA;
	C62D : 14;
	C62E : 0B;
	C62F : 8A;
	C630 : 51;
	C631 : B0;
	C632 : 3B;
	C633 : B2;
	C634 : 15;
	C635 : 0F;
	C636 : 94;
	C637 : 0A;
	C638 : 88;
	C639 : 11;
	C63A : 90;
	C63B : 29;
	C63C : A1;
	C63D : 18;
	C63E : 91;
	C63F : F9;
	C640 : 7F;
	C641 : 61;
	C642 : B8;
	C643 : 92;
	C644 : 1A;
	C645 : 38;
	C646 : 0A;
	C647 : A4;
	C648 : 8A;
	C649 : 82;
	C64A : F4;
	C64B : 2D;
	C64C : 83;
	C64D : 8C;
	C64E : 82;
	C64F : 19;
	C650 : 19;
	C651 : 82;
	C652 : A0;
	C653 : 28;
	C654 : 01;
	C655 : E8;
	C656 : 60;
	C657 : D0;
	C658 : 11;
	C659 : 89;
	C65A : 02;
	C65B : 1F;
	C65C : 83;
	C65D : 89;
	C65E : 80;
	C65F : 12;
	C660 : AB;
	C661 : 28;
	C662 : 88;
	C663 : B5;
	C664 : 29;
	C665 : B2;
	C666 : C0;
	C667 : 02;
	C668 : 3F;
	C669 : 22;
	C66A : D8;
	C66B : 28;
	C66C : A2;
	C66D : 90;
	C66E : 60;
	C66F : B9;
	C670 : 2B;
	C671 : 95;
	C672 : 02;
	C673 : 9D;
	C674 : 83;
	C675 : 2A;
	C676 : B8;
	C677 : 02;
	C678 : 11;
	C679 : AA;
	C67A : AA;
	C67B : 63;
	C67C : 0E;
	C67D : 90;
	C67E : 13;
	C67F : 99;
	C680 : 92;
	C681 : B8;
	C682 : 50;
	C683 : 8D;
	C684 : 00;
	C685 : 12;
	C686 : 8C;
	C687 : 03;
	C688 : D1;
	C689 : 21;
	C68A : 9D;
	C68B : 08;
	C68C : 58;
	C68D : 98;
	C68E : A4;
	C68F : 81;
	C690 : 91;
	C691 : 9E;
	C692 : 10;
	C693 : 58;
	C694 : B0;
	C695 : 82;
	C696 : A2;
	C697 : A1;
	C698 : 8D;
	C699 : 50;
	C69A : 3C;
	C69B : 91;
	C69C : B4;
	C69D : 81;
	C69E : A8;
	C69F : 3B;
	C6A0 : 4B;
	C6A1 : 2A;
	C6A2 : 98;
	C6A3 : 97;
	C6A4 : A0;
	C6A5 : A2;
	C6A6 : 29;
	C6A7 : 2C;
	C6A8 : 29;
	C6A9 : 09;
	C6AA : 01;
	C6AB : A1;
	C6AC : 82;
	C6AD : 09;
	C6AE : A0;
	C6AF : 20;
	C6B0 : A8;
	C6B1 : 10;
	C6B2 : 88;
	C6B3 : 81;
	C6B4 : 88;
	C6B5 : 91;
	C6B6 : 08;
	C6B7 : 80;
	C6B8 : 08;
	C6B9 : 88;
	C6BA : 00;
	C6BB : 08;
	C6BC : 08;
	C6BD : 08;
	C6BE : 08;
	C6BF : 80;
	C6C0 : 11;
	C6C1 : 80;
	C6C2 : 80;
	C6C3 : 08;
	C6C4 : 08;
	C6C5 : 08;
	C6C6 : 08;
	C6C7 : 08;
	C6C8 : 08;
	C6C9 : 08;
	C6CA : 08;
	C6CB : 08;
	C6CC : 08;
	C6CD : 08;
	C6CE : 08;
	C6CF : 08;
	C6D0 : 08;
	C6D1 : 08;
	C6D2 : 00;
	C6D3 : 00;
	C6D4 : 00;
	C6D5 : 00;
	C6D6 : 00;
	C6D7 : 00;
	C6D8 : 00;
	C6D9 : 00;
	C6DA : 00;
	C6DB : 00;
	C6DC : 00;
	C6DD : 00;
	C6DE : 00;
	C6DF : 00;
	C6E0 : 7F;
	C6E1 : 00;
	C6E2 : 80;
	C6E3 : 80;
	C6E4 : 80;
	C6E5 : 80;
	C6E6 : 80;
	C6E7 : 80;
	C6E8 : 80;
	C6E9 : 80;
	C6EA : 80;
	C6EB : 80;
	C6EC : 80;
	C6ED : 80;
	C6EE : 80;
	C6EF : 80;
	C6F0 : 89;
	C6F1 : A9;
	C6F2 : 22;
	C6F3 : 00;
	C6F4 : 13;
	C6F5 : 8A;
	C6F6 : 00;
	C6F7 : 90;
	C6F8 : 81;
	C6F9 : 0B;
	C6FA : B0;
	C6FB : 33;
	C6FC : 18;
	C6FD : FD;
	C6FE : 04;
	C6FF : 61;
	C700 : BB;
	C701 : A1;
	C702 : 20;
	C703 : A9;
	C704 : 34;
	C705 : 1F;
	C706 : B1;
	C707 : 52;
	C708 : 09;
	C709 : 09;
	C70A : BE;
	C70B : 98;
	C70C : 00;
	C70D : 45;
	C70E : 28;
	C70F : 02;
	C710 : 9F;
	C711 : D9;
	C712 : 10;
	C713 : 04;
	C714 : 20;
	C715 : 90;
	C716 : 88;
	C717 : BE;
	C718 : 91;
	C719 : 13;
	C71A : 41;
	C71B : 9A;
	C71C : 11;
	C71D : DC;
	C71E : A1;
	C71F : 32;
	C720 : 01;
	C721 : 28;
	C722 : B4;
	C723 : 1A;
	C724 : FD;
	C725 : 92;
	C726 : 22;
	C727 : 32;
	C728 : 9A;
	C729 : 19;
	C72A : DE;
	C72B : B0;
	C72C : 33;
	C72D : 34;
	C72E : 22;
	C72F : AF;
	C730 : C9;
	C731 : A8;
	C732 : 43;
	C733 : 21;
	C734 : 02;
	C735 : 8C;
	C736 : FA;
	C737 : 08;
	C738 : 11;
	C739 : 33;
	C73A : 13;
	C73B : 1B;
	C73C : FF;
	C73D : 00;
	C73E : 10;
	C73F : 10;
	C740 : 01;
	C741 : 0B;
	C742 : E9;
	C743 : 12;
	C744 : 89;
	C745 : 12;
	C746 : 31;
	C747 : 9C;
	C748 : E9;
	C749 : 03;
	C74A : 08;
	C74B : 23;
	C74C : 2C;
	C74D : E9;
	C74E : 04;
	C74F : 19;
	C750 : B9;
	C751 : 35;
	C752 : 1B;
	C753 : B9;
	C754 : 11;
	C755 : 30;
	C756 : 91;
	C757 : 9D;
	C758 : B0;
	C759 : 72;
	C75A : 88;
	C75B : 0B;
	C75C : E8;
	C75D : 23;
	C75E : 10;
	C75F : 80;
	C760 : 7F;
	C761 : DD;
	C762 : 83;
	C763 : 50;
	C764 : AB;
	C765 : 08;
	C766 : 15;
	C767 : 29;
	C768 : E9;
	C769 : 80;
	C76A : 24;
	C76B : 19;
	C76C : A8;
	C76D : 8D;
	C76E : B1;
	C76F : 73;
	C770 : 0A;
	C771 : C9;
	C772 : 12;
	C773 : 19;
	C774 : B9;
	C775 : 24;
	C776 : 29;
	C777 : 99;
	C778 : 18;
	C779 : EE;
	C77A : 04;
	C77B : 30;
	C77C : 99;
	C77D : 9A;
	C77E : 81;
	C77F : 0C;
	C780 : 86;
	C781 : 49;
	C782 : C0;
	C783 : 30;
	C784 : BA;
	C785 : 09;
	C786 : A1;
	C787 : 73;
	C788 : 99;
	C789 : 08;
	C78A : CA;
	C78B : 33;
	C78C : B8;
	C78D : 61;
	C78E : CC;
	C78F : 14;
	C790 : 09;
	C791 : 80;
	C792 : 9D;
	C793 : 24;
	C794 : 0A;
	C795 : 88;
	C796 : 99;
	C797 : 25;
	C798 : 1A;
	C799 : AB;
	C79A : 83;
	C79B : 51;
	C79C : CB;
	C79D : 36;
	C79E : 9B;
	C79F : 92;
	C7A0 : 19;
	C7A1 : 14;
	C7A2 : 8E;
	C7A3 : 91;
	C7A4 : 39;
	C7A5 : 92;
	C7A6 : 0C;
	C7A7 : 84;
	C7A8 : 2B;
	C7A9 : C8;
	C7AA : 02;
	C7AB : 43;
	C7AC : AF;
	C7AD : A3;
	C7AE : 58;
	C7AF : C9;
	C7B0 : 12;
	C7B1 : 08;
	C7B2 : 88;
	C7B3 : 88;
	C7B4 : 81;
	C7B5 : 19;
	C7B6 : A9;
	C7B7 : 25;
	C7B8 : 39;
	C7B9 : D9;
	C7BA : 89;
	C7BB : 06;
	C7BC : 2A;
	C7BD : D9;
	C7BE : 42;
	C7BF : 09;
	C7C0 : 8A;
	C7C1 : E0;
	C7C2 : 42;
	C7C3 : 9D;
	C7C4 : 02;
	C7C5 : 38;
	C7C6 : CB;
	C7C7 : 03;
	C7C8 : 31;
	C7C9 : BD;
	C7CA : 91;
	C7CB : 34;
	C7CC : 0A;
	C7CD : DA;
	C7CE : 12;
	C7CF : 30;
	C7D0 : AA;
	C7D1 : A1;
	C7D2 : 52;
	C7D3 : 0B;
	C7D4 : BD;
	C7D5 : A3;
	C7D6 : 62;
	C7D7 : 8A;
	C7D8 : 81;
	C7D9 : 8B;
	C7DA : 9A;
	C7DB : 92;
	C7DC : 76;
	C7DD : 9B;
	C7DE : 92;
	C7DF : 28;
	C7E0 : 7F;
	C7E1 : CC;
	C7E2 : 04;
	C7E3 : 40;
	C7E4 : 9B;
	C7E5 : 91;
	C7E6 : 09;
	C7E7 : 11;
	C7E8 : 98;
	C7E9 : 12;
	C7EA : 88;
	C7EB : 31;
	C7EC : FF;
	C7ED : 03;
	C7EE : 08;
	C7EF : 02;
	C7F0 : 0C;
	C7F1 : C8;
	C7F2 : 13;
	C7F3 : 21;
	C7F4 : AF;
	C7F5 : 90;
	C7F6 : 52;
	C7F7 : 8A;
	C7F8 : C9;
	C7F9 : 14;
	C7FA : 18;
	C7FB : B9;
	C7FC : 12;
	C7FD : 19;
	C7FE : 89;
	C7FF : B0;
	C800 : 09;
	C801 : 54;
	C802 : 2A;
	C803 : DA;
	C804 : 80;
	C805 : 25;
	C806 : 1A;
	C807 : B1;
	C808 : 19;
	C809 : A8;
	C80A : 03;
	C80B : 40;
	C80C : BB;
	C80D : 05;
	C80E : 0D;
	C80F : B0;
	C810 : 54;
	C811 : 08;
	C812 : BB;
	C813 : A8;
	C814 : 03;
	C815 : 73;
	C816 : 0E;
	C817 : B0;
	C818 : 14;
	C819 : 1A;
	C81A : BB;
	C81B : 27;
	C81C : 18;
	C81D : 9B;
	C81E : A9;
	C81F : 15;
	C820 : 40;
	C821 : 99;
	C822 : 9A;
	C823 : B8;
	C824 : 63;
	C825 : 0B;
	C826 : B0;
	C827 : 23;
	C828 : 2A;
	C829 : DC;
	C82A : 83;
	C82B : 31;
	C82C : 80;
	C82D : 1A;
	C82E : D9;
	C82F : A0;
	C830 : 43;
	C831 : 8C;
	C832 : 17;
	C833 : 1B;
	C834 : D8;
	C835 : 10;
	C836 : 01;
	C837 : 31;
	C838 : CB;
	C839 : 93;
	C83A : 38;
	C83B : BB;
	C83C : 82;
	C83D : 33;
	C83E : 89;
	C83F : 26;
	C840 : 0F;
	C841 : F8;
	C842 : 33;
	C843 : 0A;
	C844 : A2;
	C845 : 8A;
	C846 : B1;
	C847 : 42;
	C848 : AA;
	C849 : 12;
	C84A : 40;
	C84B : CE;
	C84C : A3;
	C84D : 41;
	C84E : 99;
	C84F : 00;
	C850 : 9D;
	C851 : 02;
	C852 : 29;
	C853 : 05;
	C854 : 1B;
	C855 : F9;
	C856 : 11;
	C857 : 21;
	C858 : 08;
	C859 : 99;
	C85A : AB;
	C85B : 83;
	C85C : 68;
	C85D : 99;
	C85E : 44;
	C85F : 8C;
	C860 : 7F;
	C861 : E9;
	C862 : 13;
	C863 : 32;
	C864 : 8B;
	C865 : CB;
	C866 : 91;
	C867 : 42;
	C868 : 11;
	C869 : 31;
	C86A : DF;
	C86B : B1;
	C86C : 22;
	C86D : 12;
	C86E : 1B;
	C86F : CA;
	C870 : 08;
	C871 : B0;
	C872 : 56;
	C873 : 19;
	C874 : 9A;
	C875 : 9A;
	C876 : 93;
	C877 : 43;
	C878 : 0B;
	C879 : 92;
	C87A : 1D;
	C87B : B8;
	C87C : 11;
	C87D : 05;
	C87E : 49;
	C87F : CA;
	C880 : 02;
	C881 : 19;
	C882 : A8;
	C883 : 24;
	C884 : 19;
	C885 : 8A;
	C886 : BD;
	C887 : 04;
	C888 : 20;
	C889 : 82;
	C88A : 29;
	C88B : FC;
	C88C : 91;
	C88D : 53;
	C88E : 0B;
	C88F : D1;
	C890 : 22;
	C891 : CC;
	C892 : 82;
	C893 : 20;
	C894 : 01;
	C895 : 29;
	C896 : BD;
	C897 : A8;
	C898 : 33;
	C899 : 21;
	C89A : 91;
	C89B : 9D;
	C89C : BA;
	C89D : 24;
	C89E : 41;
	C89F : AE;
	C8A0 : 83;
	C8A1 : 29;
	C8A2 : AA;
	C8A3 : A9;
	C8A4 : 55;
	C8A5 : 1A;
	C8A6 : B1;
	C8A7 : 2B;
	C8A8 : E8;
	C8A9 : 43;
	C8AA : 1A;
	C8AB : C8;
	C8AC : 81;
	C8AD : 80;
	C8AE : 21;
	C8AF : 18;
	C8B0 : AA;
	C8B1 : B8;
	C8B2 : 18;
	C8B3 : 24;
	C8B4 : 62;
	C8B5 : 9D;
	C8B6 : D9;
	C8B7 : 03;
	C8B8 : 40;
	C8B9 : 01;
	C8BA : 8B;
	C8BB : EB;
	C8BC : 81;
	C8BD : 34;
	C8BE : 62;
	C8BF : 9C;
	C8C0 : CA;
	C8C1 : 00;
	C8C2 : 32;
	C8C3 : 32;
	C8C4 : 89;
	C8C5 : BD;
	C8C6 : CB;
	C8C7 : 04;
	C8C8 : 31;
	C8C9 : 22;
	C8CA : 10;
	C8CB : DD;
	C8CC : BA;
	C8CD : 83;
	C8CE : 72;
	C8CF : 18;
	C8D0 : 9B;
	C8D1 : AA;
	C8D2 : 82;
	C8D3 : 31;
	C8D4 : 12;
	C8D5 : 21;
	C8D6 : AF;
	C8D7 : D9;
	C8D8 : 01;
	C8D9 : 22;
	C8DA : 51;
	C8DB : 9C;
	C8DC : C8;
	C8DD : 11;
	C8DE : 08;
	C8DF : 11;
	C8E0 : 7F;
	C8E1 : 20;
	C8E2 : 9C;
	C8E3 : BC;
	C8E4 : 86;
	C8E5 : 31;
	C8E6 : AA;
	C8E7 : 81;
	C8E8 : 1C;
	C8E9 : B9;
	C8EA : 35;
	C8EB : 30;
	C8EC : AA;
	C8ED : 80;
	C8EE : BA;
	C8EF : B4;
	C8F0 : 41;
	C8F1 : 22;
	C8F2 : 8F;
	C8F3 : B2;
	C8F4 : 10;
	C8F5 : A0;
	C8F6 : 39;
	C8F7 : F9;
	C8F8 : 63;
	C8F9 : 9B;
	C8FA : B0;
	C8FB : 80;
	C8FC : 53;
	C8FD : 8C;
	C8FE : A0;
	C8FF : 12;
	C900 : 18;
	C901 : A8;
	C902 : 09;
	C903 : DC;
	C904 : 26;
	C905 : 59;
	C906 : BB;
	C907 : 93;
	C908 : 52;
	C909 : 9D;
	C90A : 91;
	C90B : 40;
	C90C : 99;
	C90D : 90;
	C90E : 99;
	C90F : 03;
	C910 : 50;
	C911 : 88;
	C912 : 8B;
	C913 : B8;
	C914 : 20;
	C915 : B4;
	C916 : 71;
	C917 : CB;
	C918 : 25;
	C919 : 0B;
	C91A : 91;
	C91B : 9C;
	C91C : 06;
	C91D : 18;
	C91E : 80;
	C91F : 8C;
	C920 : 83;
	C921 : 0C;
	C922 : 94;
	C923 : 1A;
	C924 : 94;
	C925 : 3A;
	C926 : C8;
	C927 : 1B;
	C928 : B5;
	C929 : 40;
	C92A : 98;
	C92B : 9A;
	C92C : 94;
	C92D : 40;
	C92E : AB;
	C92F : 98;
	C930 : 34;
	C931 : 8D;
	C932 : 85;
	C933 : 1C;
	C934 : B1;
	C935 : 31;
	C936 : 81;
	C937 : 1B;
	C938 : F9;
	C939 : 32;
	C93A : 88;
	C93B : 18;
	C93C : C9;
	C93D : 42;
	C93E : AB;
	C93F : A2;
	C940 : 54;
	C941 : 0B;
	C942 : F8;
	C943 : 32;
	C944 : 9E;
	C945 : 82;
	C946 : 30;
	C947 : 8A;
	C948 : 99;
	C949 : 80;
	C94A : 21;
	C94B : 09;
	C94C : A8;
	C94D : 35;
	C94E : 8A;
	C94F : A9;
	C950 : C8;
	C951 : 63;
	C952 : 9E;
	C953 : 03;
	C954 : 29;
	C955 : A0;
	C956 : BF;
	C957 : 05;
	C958 : 19;
	C959 : B0;
	C95A : 41;
	C95B : 8D;
	C95C : A1;
	C95D : 33;
	C95E : 9B;
	C95F : C8;
	C960 : 7F;
	C961 : 33;
	C962 : 31;
	C963 : CE;
	C964 : A0;
	C965 : 34;
	C966 : 88;
	C967 : 98;
	C968 : 91;
	C969 : 28;
	C96A : AA;
	C96B : B1;
	C96C : 72;
	C96D : 0A;
	C96E : B0;
	C96F : 19;
	C970 : 99;
	C971 : 83;
	C972 : 74;
	C973 : 8F;
	C974 : A0;
	C975 : 52;
	C976 : 9B;
	C977 : B1;
	C978 : 24;
	C979 : 0B;
	C97A : A0;
	C97B : 20;
	C97C : 90;
	C97D : 09;
	C97E : 91;
	C97F : 1B;
	C980 : 27;
	C981 : 3C;
	C982 : E8;
	C983 : 20;
	C984 : 80;
	C985 : 30;
	C986 : AB;
	C987 : 90;
	C988 : 04;
	C989 : 48;
	C98A : FA;
	C98B : 06;
	C98C : 20;
	C98D : BE;
	C98E : 81;
	C98F : 22;
	C990 : 9B;
	C991 : 01;
	C992 : 28;
	C993 : 98;
	C994 : AB;
	C995 : 02;
	C996 : 24;
	C997 : 41;
	C998 : CD;
	C999 : 90;
	C99A : 21;
	C99B : 10;
	C99C : 9A;
	C99D : 11;
	C99E : BA;
	C99F : 04;
	C9A0 : 30;
	C9A1 : E9;
	C9A2 : 15;
	C9A3 : 2C;
	C9A4 : D9;
	C9A5 : 23;
	C9A6 : 30;
	C9A7 : AC;
	C9A8 : A9;
	C9A9 : 82;
	C9AA : 55;
	C9AB : 1A;
	C9AC : DA;
	C9AD : 83;
	C9AE : 20;
	C9AF : A9;
	C9B0 : 01;
	C9B1 : 11;
	C9B2 : 01;
	C9B3 : CD;
	C9B4 : 92;
	C9B5 : 31;
	C9B6 : 91;
	C9B7 : 3A;
	C9B8 : FF;
	C9B9 : 04;
	C9BA : 38;
	C9BB : BB;
	C9BC : 02;
	C9BD : 20;
	C9BE : AB;
	C9BF : B0;
	C9C0 : 52;
	C9C1 : 80;
	C9C2 : 42;
	C9C3 : CE;
	C9C4 : 90;
	C9C5 : 11;
	C9C6 : 08;
	C9C7 : 82;
	C9C8 : 60;
	C9C9 : BE;
	C9CA : 82;
	C9CB : 08;
	C9CC : 02;
	C9CD : 2A;
	C9CE : C9;
	C9CF : 12;
	C9D0 : 89;
	C9D1 : 03;
	C9D2 : 88;
	C9D3 : AA;
	C9D4 : 04;
	C9D5 : 4A;
	C9D6 : FE;
	C9D7 : 25;
	C9D8 : 19;
	C9D9 : A8;
	C9DA : 08;
	C9DB : A0;
	C9DC : 21;
	C9DD : 8A;
	C9DE : 13;
	C9DF : 30;
	C9E0 : 7F;
	C9E1 : 9F;
	C9E2 : D9;
	C9E3 : 25;
	C9E4 : 1A;
	C9E5 : 81;
	C9E6 : 19;
	C9E7 : C9;
	C9E8 : 22;
	C9E9 : 80;
	C9EA : 41;
	C9EB : EC;
	C9EC : 82;
	C9ED : 32;
	C9EE : 89;
	C9EF : B8;
	C9F0 : 08;
	C9F1 : 9A;
	C9F2 : 26;
	C9F3 : 08;
	C9F4 : 93;
	C9F5 : 4B;
	C9F6 : FC;
	C9F7 : 01;
	C9F8 : 33;
	C9F9 : 30;
	C9FA : CD;
	C9FB : A9;
	C9FC : 12;
	C9FD : 11;
	C9FE : 34;
	C9FF : 0C;
	CA00 : D9;
	CA01 : 02;
	CA02 : 00;
	CA03 : 10;
	CA04 : A9;
	CA05 : 02;
	CA06 : 9C;
	CA07 : 05;
	CA08 : 31;
	CA09 : BF;
	CA0A : A9;
	CA0B : 24;
	CA0C : 10;
	CA0D : 11;
	CA0E : BB;
	CA0F : 99;
	CA10 : DA;
	CA11 : 16;
	CA12 : 31;
	CA13 : 10;
	CA14 : BF;
	CA15 : 90;
	CA16 : 10;
	CA17 : 00;
	CA18 : 00;
	CA19 : 13;
	CA1A : 1D;
	CA1B : D9;
	CA1C : 01;
	CA1D : 11;
	CA1E : 11;
	CA1F : 18;
	CA20 : 8B;
	CA21 : EC;
	CA22 : 04;
	CA23 : 20;
	CA24 : B8;
	CA25 : 33;
	CA26 : 2D;
	CA27 : CA;
	CA28 : 12;
	CA29 : 98;
	CA2A : 43;
	CA2B : 1A;
	CA2C : B9;
	CA2D : BA;
	CA2E : 36;
	CA2F : 09;
	CA30 : 80;
	CA31 : 0B;
	CA32 : 17;
	CA33 : 1B;
	CA34 : D8;
	CA35 : 91;
	CA36 : 37;
	CA37 : 1A;
	CA38 : A8;
	CA39 : 99;
	CA3A : 23;
	CA3B : AD;
	CA3C : 85;
	CA3D : 19;
	CA3E : 82;
	CA3F : 2B;
	CA40 : D9;
	CA41 : 0A;
	CA42 : 94;
	CA43 : 62;
	CA44 : 09;
	CA45 : C8;
	CA46 : 80;
	CA47 : 8A;
	CA48 : B2;
	CA49 : 64;
	CA4A : 19;
	CA4B : BC;
	CA4C : A1;
	CA4D : 42;
	CA4E : 89;
	CA4F : 01;
	CA50 : 8C;
	CA51 : B8;
	CA52 : 22;
	CA53 : 45;
	CA54 : 2A;
	CA55 : CB;
	CA56 : C9;
	CA57 : 83;
	CA58 : 62;
	CA59 : 00;
	CA5A : 18;
	CA5B : CD;
	CA5C : B0;
	CA5D : 22;
	CA5E : 20;
	CA5F : 02;
	CA60 : 7F;
	CA61 : 21;
	CA62 : BF;
	CA63 : E9;
	CA64 : 22;
	CA65 : 21;
	CA66 : 91;
	CA67 : 0A;
	CA68 : E9;
	CA69 : 02;
	CA6A : 18;
	CA6B : 80;
	CA6C : 41;
	CA6D : BD;
	CA6E : 92;
	CA6F : 00;
	CA70 : 22;
	CA71 : 1E;
	CA72 : B8;
	CA73 : 45;
	CA74 : 8A;
	CA75 : B8;
	CA76 : 32;
	CA77 : 8B;
	CA78 : C1;
	CA79 : 42;
	CA7A : 19;
	CA7B : 99;
	CA7C : BC;
	CA7D : B1;
	CA7E : 47;
	CA7F : 10;
	CA80 : 8A;
	CA81 : 8A;
	CA82 : AA;
	CA83 : 92;
	CA84 : 64;
	CA85 : 1A;
	CA86 : B0;
	CA87 : 29;
	CA88 : D9;
	CA89 : 04;
	CA8A : 20;
	CA8B : 38;
	CA8C : FC;
	CA8D : 83;
	CA8E : 3A;
	CA8F : A1;
	CA90 : 38;
	CA91 : A0;
	CA92 : 41;
	CA93 : DC;
	CA94 : 93;
	CA95 : 22;
	CA96 : 88;
	CA97 : 01;
	CA98 : 9F;
	CA99 : B8;
	CA9A : 62;
	CA9B : 8B;
	CA9C : A2;
	CA9D : 50;
	CA9E : AA;
	CA9F : 98;
	CAA0 : 22;
	CAA1 : 08;
	CAA2 : 01;
	CAA3 : 1C;
	CAA4 : CA;
	CAA5 : 34;
	CAA6 : 1B;
	CAA7 : 03;
	CAA8 : 9B;
	CAA9 : 98;
	CAAA : EB;
	CAAB : 64;
	CAAC : 1B;
	CAAD : A3;
	CAAE : 49;
	CAAF : E8;
	CAB0 : 88;
	CAB1 : 81;
	CAB2 : 71;
	CAB3 : A9;
	CAB4 : 02;
	CAB5 : AC;
	CAB6 : 82;
	CAB7 : 30;
	CAB8 : 0A;
	CAB9 : A1;
	CABA : 19;
	CABB : E0;
	CABC : 52;
	CABD : CA;
	CABE : 23;
	CABF : 0C;
	CAC0 : 90;
	CAC1 : 81;
	CAC2 : 03;
	CAC3 : 2B;
	CAC4 : CB;
	CAC5 : 34;
	CAC6 : 1A;
	CAC7 : F8;
	CAC8 : 40;
	CAC9 : A1;
	CACA : 38;
	CACB : D9;
	CACC : 32;
	CACD : FA;
	CACE : 05;
	CACF : 28;
	CAD0 : 90;
	CAD1 : AA;
	CAD2 : 90;
	CAD3 : 00;
	CAD4 : 36;
	CAD5 : 10;
	CAD6 : 9B;
	CAD7 : DC;
	CAD8 : 83;
	CAD9 : 51;
	CADA : 98;
	CADB : 11;
	CADC : AD;
	CADD : 90;
	CADE : 10;
	CADF : 83;
	CAE0 : 7F;
	CAE1 : 61;
	CAE2 : BC;
	CAE3 : A0;
	CAE4 : 20;
	CAE5 : 80;
	CAE6 : 12;
	CAE7 : 12;
	CAE8 : 9F;
	CAE9 : E0;
	CAEA : 22;
	CAEB : 09;
	CAEC : 89;
	CAED : 83;
	CAEE : 39;
	CAEF : F9;
	CAF0 : 03;
	CAF1 : 1B;
	CAF2 : 98;
	CAF3 : 53;
	CAF4 : 2A;
	CAF5 : FA;
	CAF6 : 81;
	CAF7 : 12;
	CAF8 : 20;
	CAF9 : AA;
	CAFA : A0;
	CAFB : 42;
	CAFC : BD;
	CAFD : B0;
	CAFE : 73;
	CAFF : 89;
	CB00 : 8A;
	CB01 : A0;
	CB02 : 09;
	CB03 : 82;
	CB04 : 63;
	CB05 : 88;
	CB06 : AC;
	CB07 : A1;
	CB08 : 1C;
	CB09 : E0;
	CB0A : 54;
	CB0B : 1A;
	CB0C : AA;
	CB0D : 90;
	CB0E : 28;
	CB0F : 90;
	CB10 : 35;
	CB11 : 18;
	CB12 : 8B;
	CB13 : DA;
	CB14 : 00;
	CB15 : 93;
	CB16 : 73;
	CB17 : 99;
	CB18 : 99;
	CB19 : CA;
	CB1A : 24;
	CB1B : 8A;
	CB1C : 14;
	CB1D : 2A;
	CB1E : 80;
	CB1F : BF;
	CB20 : A1;
	CB21 : 53;
	CB22 : 0A;
	CB23 : B9;
	CB24 : 21;
	CB25 : 8B;
	CB26 : B1;
	CB27 : 44;
	CB28 : 21;
	CB29 : AE;
	CB2A : 90;
	CB2B : 00;
	CB2C : 11;
	CB2D : 9C;
	CB2E : 82;
	CB2F : 48;
	CB30 : 84;
	CB31 : 1C;
	CB32 : C8;
	CB33 : 1A;
	CB34 : A2;
	CB35 : 71;
	CB36 : 08;
	CB37 : 99;
	CB38 : 88;
	CB39 : DB;
	CB3A : 06;
	CB3B : 32;
	CB3C : 89;
	CB3D : AD;
	CB3E : B8;
	CB3F : 24;
	CB40 : 22;
	CB41 : 0C;
	CB42 : A8;
	CB43 : 21;
	CB44 : 9E;
	CB45 : 82;
	CB46 : 28;
	CB47 : 01;
	CB48 : 8A;
	CB49 : B8;
	CB4A : 35;
	CB4B : 2B;
	CB4C : 9C;
	CB4D : C9;
	CB4E : 87;
	CB4F : 51;
	CB50 : 9C;
	CB51 : 90;
	CB52 : 00;
	CB53 : 88;
	CB54 : 90;
	CB55 : 45;
	CB56 : 09;
	CB57 : 98;
	CB58 : 0E;
	CB59 : B0;
	CB5A : 23;
	CB5B : 51;
	CB5C : 8B;
	CB5D : 98;
	CB5E : 0C;
	CB5F : C1;
	CB60 : 7F;
	CB61 : 33;
	CB62 : 21;
	CB63 : 2A;
	CB64 : FB;
	CB65 : 81;
	CB66 : 11;
	CB67 : 00;
	CB68 : 32;
	CB69 : 8B;
	CB6A : F8;
	CB6B : 01;
	CB6C : AD;
	CB6D : 84;
	CB6E : 51;
	CB6F : 9A;
	CB70 : 80;
	CB71 : AA;
	CB72 : 03;
	CB73 : 39;
	CB74 : 99;
	CB75 : 18;
	CB76 : 72;
	CB77 : BD;
	CB78 : A2;
	CB79 : 20;
	CB7A : A0;
	CB7B : 21;
	CB7C : 99;
	CB7D : 23;
	CB7E : 8C;
	CB7F : 05;
	CB80 : AF;
	CB81 : C8;
	CB82 : 24;
	CB83 : 51;
	CB84 : 8B;
	CB85 : B9;
	CB86 : A9;
	CB87 : 15;
	CB88 : 20;
	CB89 : 83;
	CB8A : 48;
	CB8B : ED;
	CB8C : 90;
	CB8D : 13;
	CB8E : 30;
	CB8F : 89;
	CB90 : A0;
	CB91 : AB;
	CB92 : A0;
	CB93 : 26;
	CB94 : 40;
	CB95 : AD;
	CB96 : 02;
	CB97 : 10;
	CB98 : A9;
	CB99 : 9A;
	CB9A : 01;
	CB9B : 19;
	CB9C : 97;
	CB9D : 72;
	CB9E : 9C;
	CB9F : C9;
	CBA0 : 02;
	CBA1 : 11;
	CBA2 : 12;
	CBA3 : 19;
	CBA4 : AA;
	CBA5 : DC;
	CBA6 : 82;
	CBA7 : 32;
	CBA8 : 12;
	CBA9 : 2A;
	CBAA : BA;
	CBAB : BE;
	CBAC : C1;
	CBAD : 31;
	CBAE : 14;
	CBAF : 31;
	CBB0 : CB;
	CBB1 : A9;
	CBB2 : B9;
	CBB3 : 35;
	CBB4 : 20;
	CBB5 : 23;
	CBB6 : AE;
	CBB7 : A1;
	CBB8 : 0B;
	CBB9 : A8;
	CBBA : 44;
	CBBB : 33;
	CBBC : AE;
	CBBD : A1;
	CBBE : 0A;
	CBBF : C2;
	CBC0 : 51;
	CBC1 : 99;
	CBC2 : 10;
	CBC3 : 98;
	CBC4 : 23;
	CBC5 : BF;
	CBC6 : A8;
	CBC7 : 13;
	CBC8 : 52;
	CBC9 : AB;
	CBCA : C8;
	CBCB : 31;
	CBCC : 19;
	CBCD : 00;
	CBCE : 9B;
	CBCF : A5;
	CBD0 : 2B;
	CBD1 : A4;
	CBD2 : 5C;
	CBD3 : C1;
	CBD4 : 41;
	CBD5 : 9A;
	CBD6 : 09;
	CBD7 : E8;
	CBD8 : 44;
	CBD9 : 09;
	CBDA : 09;
	CBDB : AA;
	CBDC : 02;
	CBDD : AC;
	CBDE : 17;
	CBDF : 38;
	CBE0 : 7F;
	CBE1 : 9C;
	CBE2 : A9;
	CBE3 : 04;
	CBE4 : 20;
	CBE5 : 90;
	CBE6 : 28;
	CBE7 : BC;
	CBE8 : 90;
	CBE9 : 81;
	CBEA : 64;
	CBEB : 8A;
	CBEC : BA;
	CBED : 80;
	CBEE : 23;
	CBEF : 29;
	CBF0 : 85;
	CBF1 : 1B;
	CBF2 : FB;
	CBF3 : 22;
	CBF4 : 28;
	CBF5 : 99;
	CBF6 : 12;
	CBF7 : 80;
	CBF8 : 8F;
	CBF9 : 81;
	CBFA : 32;
	CBFB : CB;
	CBFC : 12;
	CBFD : 9A;
	CBFE : 25;
	CBFF : 68;
	CC00 : BB;
	CC01 : 94;
	CC02 : 1A;
	CC03 : B9;
	CC04 : 51;
	CC05 : 21;
	CC06 : 8C;
	CC07 : F9;
	CC08 : 15;
	CC09 : 29;
	CC0A : 9B;
	CC0B : 83;
	CC0C : 19;
	CC0D : BB;
	CC0E : 44;
	CC0F : 28;
	CC10 : A9;
	CC11 : A9;
	CC12 : A1;
	CC13 : 1A;
	CC14 : 46;
	CC15 : 40;
	CC16 : BA;
	CC17 : CA;
	CC18 : A2;
	CC19 : 52;
	CC1A : 2A;
	CC1B : 90;
	CC1C : 20;
	CC1D : DD;
	CC1E : 92;
	CC1F : 32;
	CC20 : 01;
	CC21 : AB;
	CC22 : C2;
	CC23 : 48;
	CC24 : DA;
	CC25 : 24;
	CC26 : 08;
	CC27 : 92;
	CC28 : 1C;
	CC29 : BA;
	CC2A : 17;
	CC2B : 1A;
	CC2C : 92;
	CC2D : 58;
	CC2E : DB;
	CC2F : 25;
	CC30 : 1A;
	CC31 : B9;
	CC32 : 13;
	CC33 : 20;
	CC34 : BC;
	CC35 : 94;
	CC36 : 40;
	CC37 : BA;
	CC38 : 08;
	CC39 : A9;
	CC3A : 37;
	CC3B : 19;
	CC3C : 82;
	CC3D : 0C;
	CC3E : C9;
	CC3F : 09;
	CC40 : 07;
	CC41 : 38;
	CC42 : B9;
	CC43 : 32;
	CC44 : DB;
	CC45 : 00;
	CC46 : 90;
	CC47 : 55;
	CC48 : 8A;
	CC49 : 92;
	CC4A : 1D;
	CC4B : B9;
	CC4C : 32;
	CC4D : 12;
	CC4E : 19;
	CC4F : 91;
	CC50 : 9E;
	CC51 : 80;
	CC52 : 1C;
	CC53 : 96;
	CC54 : 31;
	CC55 : BB;
	CC56 : 92;
	CC57 : 28;
	CC58 : 8A;
	CC59 : A8;
	CC5A : 87;
	CC5B : 30;
	CC5C : DB;
	CC5D : 33;
	CC5E : AE;
	CC5F : 03;
	CC60 : 7F;
	CC61 : 1A;
	CC62 : 84;
	CC63 : 0D;
	CC64 : D2;
	CC65 : 41;
	CC66 : A9;
	CC67 : 88;
	CC68 : A9;
	CC69 : 31;
	CC6A : 01;
	CC6B : 62;
	CC6C : 9B;
	CC6D : DA;
	CC6E : A8;
	CC6F : 46;
	CC70 : 19;
	CC71 : 81;
	CC72 : 1B;
	CC73 : F9;
	CC74 : 02;
	CC75 : 10;
	CC76 : 23;
	CC77 : 9C;
	CC78 : A9;
	CC79 : 19;
	CC7A : A1;
	CC7B : 34;
	CC7C : 21;
	CC7D : 2B;
	CC7E : FB;
	CC7F : 02;
	CC80 : 09;
	CC81 : 02;
	CC82 : 88;
	CC83 : 44;
	CC84 : AE;
	CC85 : 00;
	CC86 : 19;
	CC87 : C8;
	CC88 : 14;
	CC89 : 42;
	CC8A : AE;
	CC8B : A0;
	CC8C : 11;
	CC8D : 81;
	CC8E : 19;
	CC8F : A8;
	CC90 : 25;
	CC91 : 1B;
	CC92 : C9;
	CC93 : 03;
	CC94 : 29;
	CC95 : 88;
	CC96 : 92;
	CC97 : 2A;
	CC98 : F9;
	CC99 : 42;
	CC9A : 8A;
	CC9B : 01;
	CC9C : A0;
	CC9D : 30;
	CC9E : FF;
	CC9F : 87;
	CCA0 : 28;
	CCA1 : 9A;
	CCA2 : A8;
	CCA3 : 02;
	CCA4 : 00;
	CCA5 : 82;
	CCA6 : 39;
	CCA7 : A9;
	CCA8 : AC;
	CCA9 : 81;
	CCAA : 09;
	CCAB : 36;
	CCAC : 60;
	CCAD : 99;
	CCAE : BD;
	CCAF : 91;
	CCB0 : 30;
	CCB1 : 82;
	CCB2 : 41;
	CCB3 : 98;
	CCB4 : AE;
	CCB5 : BA;
	CCB6 : 35;
	CCB7 : 40;
	CCB8 : AB;
	CCB9 : 04;
	CCBA : 2A;
	CCBB : EA;
	CCBC : 02;
	CCBD : 13;
	CCBE : 29;
	CCBF : D8;
	CCC0 : 28;
	CCC1 : 9A;
	CCC2 : 09;
	CCC3 : 80;
	CCC4 : 44;
	CCC5 : 08;
	CCC6 : 20;
	CCC7 : BF;
	CCC8 : A0;
	CCC9 : 98;
	CCCA : 35;
	CCCB : 30;
	CCCC : B9;
	CCCD : 01;
	CCCE : AF;
	CCCF : B0;
	CCD0 : 42;
	CCD1 : 31;
	CCD2 : 8C;
	CCD3 : D9;
	CCD4 : 11;
	CCD5 : 31;
	CCD6 : 0B;
	CCD7 : D8;
	CCD8 : 24;
	CCD9 : 0A;
	CCDA : A2;
	CCDB : 29;
	CCDC : CA;
	CCDD : 22;
	CCDE : 90;
	CCDF : 39;
	CCE0 : 7F;
	CCE1 : 24;
	CCE2 : 08;
	CCE3 : FD;
	CCE4 : 91;
	CCE5 : 25;
	CCE6 : 3A;
	CCE7 : C9;
	CCE8 : 02;
	CCE9 : 0A;
	CCEA : AA;
	CCEB : 02;
	CCEC : 63;
	CCED : 80;
	CCEE : 8A;
	CCEF : DC;
	CCF0 : 91;
	CCF1 : 33;
	CCF2 : 29;
	CCF3 : 93;
	CCF4 : 2D;
	CCF5 : F9;
	CCF6 : 13;
	CCF7 : 00;
	CCF8 : 28;
	CCF9 : BD;
	CCFA : 82;
	CCFB : 80;
	CCFC : 23;
	CCFD : 08;
	CCFE : 99;
	CCFF : FB;
	CD00 : 14;
	CD01 : 3B;
	CD02 : F8;
	CD03 : 53;
	CD04 : 8B;
	CD05 : 98;
	CD06 : 98;
	CD07 : 84;
	CD08 : 39;
	CD09 : 99;
	CD0A : 8A;
	CD0B : 17;
	CD0C : 0A;
	CD0D : D8;
	CD0E : 32;
	CD0F : 9A;
	CD10 : 23;
	CD11 : 1C;
	CD12 : A8;
	CD13 : 09;
	CD14 : 05;
	CD15 : 4A;
	CD16 : EA;
	CD17 : 04;
	CD18 : 22;
	CD19 : 0B;
	CD1A : BA;
	CD1B : 08;
	CD1C : 99;
	CD1D : 55;
	CD1E : 08;
	CD1F : 11;
	CD20 : 9F;
	CD21 : C8;
	CD22 : 12;
	CD23 : 23;
	CD24 : 08;
	CD25 : AB;
	CD26 : AA;
	CD27 : A9;
	CD28 : 16;
	CD29 : 52;
	CD2A : 9B;
	CD2B : A1;
	CD2C : 30;
	CD2D : BD;
	CD2E : A0;
	CD2F : 15;
	CD30 : 1A;
	CD31 : A0;
	CD32 : 74;
	CD33 : 8A;
	CD34 : DA;
	CD35 : 92;
	CD36 : 31;
	CD37 : 01;
	CD38 : 22;
	CD39 : 8C;
	CD3A : DC;
	CD3B : 98;
	CD3C : 43;
	CD3D : 10;
	CD3E : 00;
	CD3F : 88;
	CD40 : BB;
	CD41 : DB;
	CD42 : 13;
	CD43 : 24;
	CD44 : 41;
	CD45 : 09;
	CD46 : AA;
	CD47 : EB;
	CD48 : A2;
	CD49 : 52;
	CD4A : 31;
	CD4B : 0C;
	CD4C : B8;
	CD4D : 19;
	CD4E : BC;
	CD4F : 05;
	CD50 : 34;
	CD51 : 1B;
	CD52 : C9;
	CD53 : 21;
	CD54 : AD;
	CD55 : 82;
	CD56 : 20;
	CD57 : 11;
	CD58 : 8B;
	CD59 : 06;
	CD5A : 1B;
	CD5B : FA;
	CD5C : 01;
	CD5D : 34;
	CD5E : 19;
	CD5F : C9;
	CD60 : 7F;
	CD61 : 02;
	CD62 : 1A;
	CD63 : 99;
	CD64 : 00;
	CD65 : 94;
	CD66 : 58;
	CD67 : C8;
	CD68 : 23;
	CD69 : BF;
	CD6A : 01;
	CD6B : 00;
	CD6C : 02;
	CD6D : AF;
	CD6E : 03;
	CD6F : 38;
	CD70 : BB;
	CD71 : 90;
	CD72 : 12;
	CD73 : 2C;
	CD74 : D1;
	CD75 : 63;
	CD76 : 8B;
	CD77 : D9;
	CD78 : 81;
	CD79 : 32;
	CD7A : 19;
	CD7B : 82;
	CD7C : 8A;
	CD7D : EB;
	CD7E : 90;
	CD7F : 35;
	CD80 : 51;
	CD81 : 9B;
	CD82 : AA;
	CD83 : 81;
	CD84 : 10;
	CD85 : 01;
	CD86 : 51;
	CD87 : 0B;
	CD88 : E8;
	CD89 : 02;
	CD8A : 0A;
	CD8B : B9;
	CD8C : 42;
	CD8D : 42;
	CD8E : 9B;
	CD8F : A1;
	CD90 : 1A;
	CD91 : FC;
	CD92 : 03;
	CD93 : 33;
	CD94 : 43;
	CD95 : DC;
	CD96 : B0;
	CD97 : 38;
	CD98 : 98;
	CD99 : 33;
	CD9A : 91;
	CD9B : 11;
	CD9C : EE;
	CD9D : 01;
	CD9E : 48;
	CD9F : 8B;
	CDA0 : 91;
	CDA1 : 32;
	CDA2 : AE;
	CDA3 : A3;
	CDA4 : 42;
	CDA5 : 9B;
	CDA6 : 98;
	CDA7 : 0A;
	CDA8 : 12;
	CDA9 : 13;
	CDAA : 35;
	CDAB : 8D;
	CDAC : DB;
	CDAD : A8;
	CDAE : 55;
	CDAF : 39;
	CDB0 : BA;
	CDB1 : 82;
	CDB2 : 1B;
	CDB3 : A1;
	CDB4 : 22;
	CDB5 : 04;
	CDB6 : 09;
	CDB7 : AA;
	CDB8 : 8B;
	CDB9 : FB;
	CDBA : 27;
	CDBB : 31;
	CDBC : 9A;
	CDBD : 99;
	CDBE : A8;
	CDBF : 83;
	CDC0 : 48;
	CDC1 : A9;
	CDC2 : 55;
	CDC3 : 0E;
	CDC4 : A0;
	CDC5 : 31;
	CDC6 : AC;
	CDC7 : 82;
	CDC8 : 21;
	CDC9 : 30;
	CDCA : CC;
	CDCB : 82;
	CDCC : 1A;
	CDCD : 80;
	CDCE : 8B;
	CDCF : 17;
	CDD0 : 2A;
	CDD1 : A1;
	CDD2 : 58;
	CDD3 : CB;
	CDD4 : 80;
	CDD5 : 85;
	CDD6 : 43;
	CDD7 : AC;
	CDD8 : 90;
	CDD9 : 8A;
	CDDA : 92;
	CDDB : 18;
	CDDC : 06;
	CDDD : 48;
	CDDE : DA;
	CDDF : 14;
	CDE0 : 7F;
	CDE1 : 9B;
	CDE2 : 91;
	CDE3 : 29;
	CDE4 : 06;
	CDE5 : 49;
	CDE6 : AB;
	CDE7 : 90;
	CDE8 : 80;
	CDE9 : 12;
	CDEA : 23;
	CDEB : 3B;
	CDEC : FC;
	CDED : 12;
	CDEE : 18;
	CDEF : 99;
	CDF0 : 98;
	CDF1 : 25;
	CDF2 : 2A;
	CDF3 : A9;
	CDF4 : 9C;
	CDF5 : 94;
	CDF6 : 58;
	CDF7 : A1;
	CDF8 : 31;
	CDF9 : EB;
	CDFA : 14;
	CDFB : 28;
	CDFC : B9;
	CDFD : 8D;
	CDFE : C8;
	CDFF : 63;
	CE00 : 20;
	CE01 : 9B;
	CE02 : CB;
	CE03 : 81;
	CE04 : 00;
	CE05 : 73;
	CE06 : 19;
	CE07 : BA;
	CE08 : AA;
	CE09 : A0;
	CE0A : 41;
	CE0B : 85;
	CE0C : 51;
	CE0D : 9B;
	CE0E : CA;
	CE0F : 88;
	CE10 : 03;
	CE11 : 43;
	CE12 : 18;
	CE13 : 8A;
	CE14 : EC;
	CE15 : A1;
	CE16 : 33;
	CE17 : 31;
	CE18 : AB;
	CE19 : B0;
	CE1A : 62;
	CE1B : 8E;
	CE1C : A0;
	CE1D : 01;
	CE1E : 22;
	CE1F : 28;
	CE20 : 88;
	CE21 : CE;
	CE22 : C0;
	CE23 : 44;
	CE24 : 1A;
	CE25 : B8;
	CE26 : 12;
	CE27 : 19;
	CE28 : AA;
	CE29 : 01;
	CE2A : 10;
	CE2B : A9;
	CE2C : 02;
	CE2D : 33;
	CE2E : 1C;
	CE2F : FC;
	CE30 : 05;
	CE31 : 30;
	CE32 : 9B;
	CE33 : FB;
	CE34 : 15;
	CE35 : 51;
	CE36 : A9;
	CE37 : 99;
	CE38 : 99;
	CE39 : 01;
	CE3A : 44;
	CE3B : 29;
	CE3C : BC;
	CE3D : 98;
	CE3E : 11;
	CE3F : 19;
	CE40 : B1;
	CE41 : 64;
	CE42 : 1A;
	CE43 : CB;
	CE44 : A0;
	CE45 : 32;
	CE46 : 80;
	CE47 : 45;
	CE48 : 2B;
	CE49 : CB;
	CE4A : A9;
	CE4B : 03;
	CE4C : 63;
	CE4D : 9B;
	CE4E : 93;
	CE4F : 3A;
	CE50 : E9;
	CE51 : 88;
	CE52 : 94;
	CE53 : 42;
	CE54 : BA;
	CE55 : 34;
	CE56 : 9C;
	CE57 : BA;
	CE58 : 98;
	CE59 : 47;
	CE5A : 28;
	CE5B : A8;
	CE5C : 18;
	CE5D : BB;
	CE5E : 80;
	CE5F : 11;
	CE60 : 7F;
	CE61 : 35;
	CE62 : 0A;
	CE63 : 83;
	CE64 : 1B;
	CE65 : FE;
	CE66 : 01;
	CE67 : 11;
	CE68 : 22;
	CE69 : AB;
	CE6A : B8;
	CE6B : 33;
	CE6C : 9B;
	CE6D : 98;
	CE6E : 12;
	CE6F : 04;
	CE70 : 32;
	CE71 : 8A;
	CE72 : DF;
	CE73 : C8;
	CE74 : 16;
	CE75 : 28;
	CE76 : 90;
	CE77 : 29;
	CE78 : FA;
	CE79 : 22;
	CE7A : 09;
	CE7B : 13;
	CE7C : 9E;
	CE7D : 83;
	CE7E : 39;
	CE7F : E8;
	CE80 : 10;
	CE81 : 98;
	CE82 : 32;
	CE83 : 0B;
	CE84 : 91;
	CE85 : 9D;
	CE86 : B2;
	CE87 : 71;
	CE88 : 9A;
	CE89 : 81;
	CE8A : 99;
	CE8B : 35;
	CE8C : 1B;
	CE8D : C0;
	CE8E : 10;
	CE8F : A9;
	CE90 : 21;
	CE91 : 82;
	CE92 : 61;
	CE93 : AD;
	CE94 : B8;
	CE95 : 24;
	CE96 : 08;
	CE97 : BB;
	CE98 : 56;
	CE99 : 18;
	CE9A : AB;
	CE9B : D8;
	CE9C : 25;
	CE9D : 08;
	CE9E : 98;
	CE9F : 19;
	CEA0 : 91;
	CEA1 : 2A;
	CEA2 : D0;
	CEA3 : 43;
	CEA4 : AD;
	CEA5 : 82;
	CEA6 : 28;
	CEA7 : 00;
	CEA8 : 9D;
	CEA9 : D1;
	CEAA : 51;
	CEAB : AA;
	CEAC : 01;
	CEAD : 18;
	CEAE : 22;
	CEAF : BF;
	CEB0 : B3;
	CEB1 : 41;
	CEB2 : B9;
	CEB3 : 22;
	CEB4 : 1A;
	CEB5 : 0B;
	CEB6 : FB;
	CEB7 : 06;
	CEB8 : 30;
	CEB9 : AA;
	CEBA : 01;
	CEBB : 09;
	CEBC : 89;
	CEBD : BB;
	CEBE : 17;
	CEBF : 40;
	CEC0 : A9;
	CEC1 : 12;
	CEC2 : 9C;
	CEC3 : B8;
	CEC4 : 00;
	CEC5 : 26;
	CEC6 : 30;
	CEC7 : B8;
	CEC8 : 00;
	CEC9 : 9F;
	CECA : D1;
	CECB : 20;
	CECC : 82;
	CECD : 42;
	CECE : BA;
	CECF : A9;
	CED0 : BF;
	CED1 : 14;
	CED2 : 28;
	CED3 : 91;
	CED4 : 20;
	CED5 : BC;
	CED6 : 88;
	CED7 : B8;
	CED8 : 52;
	CED9 : 1A;
	CEDA : 86;
	CEDB : 29;
	CEDC : CA;
	CEDD : 98;
	CEDE : 00;
	CEDF : 52;
	CEE0 : 7F;
	CEE1 : 0B;
	CEE2 : 93;
	CEE3 : 2A;
	CEE4 : FB;
	CEE5 : 14;
	CEE6 : 08;
	CEE7 : 21;
	CEE8 : AD;
	CEE9 : 04;
	CEEA : 1B;
	CEEB : D0;
	CEEC : 21;
	CEED : 90;
	CEEE : 31;
	CEEF : CC;
	CEF0 : 23;
	CEF1 : 0E;
	CEF2 : A0;
	CEF3 : 33;
	CEF4 : 80;
	CEF5 : 9B;
	CEF6 : B8;
	CEF7 : 53;
	CEF8 : 0C;
	CEF9 : C1;
	CEFA : 21;
	CEFB : 90;
	CEFC : 29;
	CEFD : CA;
	CEFE : 42;
	CEFF : 8A;
	CF00 : B1;
	CF01 : 62;
	CF02 : 9D;
	CF03 : A1;
	CF04 : 30;
	CF05 : 02;
	CF06 : 0D;
	CF07 : C0;
	CF08 : 32;
	CF09 : CA;
	CF0A : 34;
	CF0B : 8B;
	CF0C : 83;
	CF0D : 0F;
	CF0E : A3;
	CF0F : 40;
	CF10 : B9;
	CF11 : 32;
	CF12 : AD;
	CF13 : 81;
	CF14 : 0C;
	CF15 : 06;
	CF16 : 39;
	CF17 : B9;
	CF18 : 10;
	CF19 : CB;
	CF1A : 15;
	CF1B : 39;
	CF1C : 82;
	CF1D : 8C;
	CF1E : C1;
	CF1F : 31;
	CF20 : DB;
	CF21 : 23;
	CF22 : 28;
	CF23 : 02;
	CF24 : 0D;
	CF25 : B9;
	CF26 : 09;
	CF27 : B1;
	CF28 : 76;
	CF29 : 08;
	CF2A : 99;
	CF2B : AA;
	CF2C : 93;
	CF2D : 33;
	CF2E : A9;
	CF2F : 52;
	CF30 : 9E;
	CF31 : A8;
	CF32 : 23;
	CF33 : 10;
	CF34 : AB;
	CF35 : D9;
	CF36 : 63;
	CF37 : 0D;
	CF38 : A0;
	CF39 : 42;
	CF3A : AA;
	CF3B : 80;
	CF3C : 99;
	CF3D : 25;
	CF3E : 09;
	CF3F : 93;
	CF40 : 4A;
	CF41 : EA;
	CF42 : 80;
	CF43 : 02;
	CF44 : 72;
	CF45 : 8D;
	CF46 : 98;
	CF47 : 10;
	CF48 : 90;
	CF49 : 21;
	CF4A : 99;
	CF4B : 31;
	CF4C : 9C;
	CF4D : 80;
	CF4E : 0B;
	CF4F : E1;
	CF50 : 53;
	CF51 : 0A;
	CF52 : 90;
	CF53 : 9B;
	CF54 : A0;
	CF55 : 41;
	CF56 : A0;
	CF57 : 45;
	CF58 : 8C;
	CF59 : B0;
	CF5A : 31;
	CF5B : 99;
	CF5C : 89;
	CF5D : D1;
	CF5E : 73;
	CF5F : 9C;
	CF60 : 7F;
	CF61 : 81;
	CF62 : 1B;
	CF63 : A2;
	CF64 : 30;
	CF65 : E0;
	CF66 : 32;
	CF67 : DA;
	CF68 : 33;
	CF69 : 2E;
	CF6A : A1;
	CF6B : 0A;
	CF6C : 94;
	CF6D : 51;
	CF6E : CA;
	CF6F : 12;
	CF70 : 9B;
	CF71 : 92;
	CF72 : 38;
	CF73 : 14;
	CF74 : 8D;
	CF75 : C1;
	CF76 : 50;
	CF77 : BA;
	CF78 : 02;
	CF79 : 08;
	CF7A : 24;
	CF7B : 0B;
	CF7C : E0;
	CF7D : 11;
	CF7E : AB;
	CF7F : 26;
	CF80 : 29;
	CF81 : B9;
	CF82 : 90;
	CF83 : 81;
	CF84 : 62;
	CF85 : AD;
	CF86 : 82;
	CF87 : 29;
	CF88 : B1;
	CF89 : 20;
	CF8A : E0;
	CF8B : 33;
	CF8C : BD;
	CF8D : 04;
	CF8E : 1C;
	CF8F : B2;
	CF90 : 31;
	CF91 : B9;
	CF92 : 41;
	CF93 : BF;
	CF94 : 83;
	CF95 : 28;
	CF96 : 01;
	CF97 : 1C;
	CF98 : E8;
	CF99 : 01;
	CF9A : 11;
	CF9B : 32;
	CF9C : 9E;
	CF9D : A8;
	CF9E : 80;
	CF9F : 82;
	CFA0 : 41;
	CFA1 : 1A;
	CFA2 : 89;
	CFA3 : AB;
	CFA4 : C2;
	CFA5 : 10;
	CFA6 : 92;
	CFA7 : 76;
	CFA8 : 0A;
	CFA9 : AA;
	CFAA : AA;
	CFAB : 84;
	CFAC : 42;
	CFAD : 99;
	CFAE : 10;
	CFAF : 8B;
	CFB0 : A0;
	CFB1 : 19;
	CFB2 : 91;
	CFB3 : 33;
	CFB4 : A8;
	CFB5 : 57;
	CFB6 : 2E;
	CFB7 : CA;
	CFB8 : 22;
	CFB9 : 10;
	CFBA : 18;
	CFBB : 98;
	CFBC : 41;
	CFBD : 9F;
	CFBE : A2;
	CFBF : 30;
	CFC0 : B8;
	CFC1 : 81;
	CFC2 : 90;
	CFC3 : 37;
	CFC4 : 0D;
	CFC5 : B1;
	CFC6 : 40;
	CFC7 : 99;
	CFC8 : 81;
	CFC9 : A9;
	CFCA : 73;
	CFCB : 9C;
	CFCC : 92;
	CFCD : 19;
	CFCE : D8;
	CFCF : 14;
	CFD0 : 10;
	CFD1 : 80;
	CFD2 : AD;
	CFD3 : 91;
	CFD4 : 20;
	CFD5 : B8;
	CFD6 : 55;
	CFD7 : 0A;
	CFD8 : 9A;
	CFD9 : 8C;
	CFDA : 84;
	CFDB : 38;
	CFDC : A8;
	CFDD : 62;
	CFDE : 9C;
	CFDF : 98;
	CFE0 : 7F;
	CFE1 : 0A;
	CFE2 : 84;
	CFE3 : 30;
	CFE4 : B8;
	CFE5 : 52;
	CFE6 : CD;
	CFE7 : 81;
	CFE8 : 08;
	CFE9 : 13;
	CFEA : 3B;
	CFEB : D8;
	CFEC : 30;
	CFED : BC;
	CFEE : 83;
	CFEF : 19;
	CFF0 : 84;
	CFF1 : 10;
	CFF2 : 82;
	CFF3 : 1E;
	CFF4 : CB;
	CFF5 : 14;
	CFF6 : 18;
	CFF7 : 02;
	CFF8 : 19;
	CFF9 : C9;
	CFFA : 18;
	CFFB : BC;
	CFFC : 43;
	CFFD : 19;
	CFFE : 91;
	CFFF : 18;
	D000 : D0;
	D001 : 49;
	D002 : CC;
	D003 : 15;
	D004 : 29;
	D005 : 92;
	D006 : 0A;
	D007 : B8;
	D008 : 29;
	D009 : AA;
	D00A : 63;
	D00B : 9D;
	D00C : 17;
	D00D : 0B;
	D00E : A1;
	D00F : 28;
	D010 : C8;
	D011 : 22;
	D012 : 08;
	D013 : 23;
	D014 : BF;
	D015 : A2;
	D016 : 28;
	D017 : 90;
	D018 : 30;
	D019 : C9;
	D01A : 10;
	D01B : A9;
	D01C : 17;
	D01D : 1C;
	D01E : C8;
	D01F : 32;
	D020 : 01;
	D021 : 0A;
	D022 : B9;
	D023 : 22;
	D024 : 8F;
	D025 : 81;
	D026 : 11;
	D027 : 11;
	D028 : 91;
	D029 : A8;
	D02A : BD;
	D02B : 9A;
	D02C : 05;
	D02D : 46;
	D02E : 29;
	D02F : DA;
	D030 : 98;
	D031 : 13;
	D032 : 30;
	D033 : A8;
	D034 : 18;
	D035 : DD;
	D036 : 14;
	D037 : 28;
	D038 : B9;
	D039 : 0B;
	D03A : 06;
	D03B : 40;
	D03C : CA;
	D03D : 82;
	D03E : 88;
	D03F : 13;
	D040 : 9D;
	D041 : 01;
	D042 : 2A;
	D043 : B3;
	D044 : 70;
	D045 : BB;
	D046 : 98;
	D047 : 28;
	D048 : 56;
	D049 : 1A;
	D04A : B9;
	D04B : A9;
	D04C : 13;
	D04D : 51;
	D04E : 9B;
	D04F : 82;
	D050 : 18;
	D051 : D9;
	D052 : 12;
	D053 : 9A;
	D054 : A2;
	D055 : 43;
	D056 : 72;
	D057 : 8B;
	D058 : FC;
	D059 : 03;
	D05A : 18;
	D05B : 00;
	D05C : 08;
	D05D : 21;
	D05E : 9E;
	D05F : C8;
	D060 : 7F;
	D061 : 34;
	D062 : AB;
	D063 : 13;
	D064 : 68;
	D065 : 88;
	D066 : AF;
	D067 : A1;
	D068 : 34;
	D069 : 89;
	D06A : 81;
	D06B : 08;
	D06C : 98;
	D06D : AD;
	D06E : 93;
	D06F : 51;
	D070 : A9;
	D071 : 23;
	D072 : 0C;
	D073 : A8;
	D074 : AB;
	D075 : 87;
	D076 : 41;
	D077 : A9;
	D078 : 11;
	D079 : CD;
	D07A : 02;
	D07B : 2A;
	D07C : 94;
	D07D : 18;
	D07E : C8;
	D07F : 41;
	D080 : BB;
	D081 : 22;
	D082 : 8E;
	D083 : 04;
	D084 : 19;
	D085 : 90;
	D086 : 19;
	D087 : F9;
	D088 : 23;
	D089 : 18;
	D08A : 80;
	D08B : 9A;
	D08C : 91;
	D08D : 4A;
	D08E : D9;
	D08F : 52;
	D090 : 8B;
	D091 : 83;
	D092 : 29;
	D093 : C8;
	D094 : 09;
	D095 : C0;
	D096 : 74;
	D097 : 8B;
	D098 : A0;
	D099 : 28;
	D09A : A1;
	D09B : 30;
	D09C : E8;
	D09D : 22;
	D09E : 9D;
	D09F : 05;
	D0A0 : 1A;
	D0A1 : C0;
	D0A2 : 29;
	D0A3 : B0;
	D0A4 : 63;
	D0A5 : 9C;
	D0A6 : 01;
	D0A7 : 8A;
	D0A8 : A2;
	D0A9 : 3B;
	D0AA : C2;
	D0AB : 72;
	D0AC : BA;
	D0AD : 22;
	D0AE : 9E;
	D0AF : A2;
	D0B0 : 28;
	D0B1 : 82;
	D0B2 : 31;
	D0B3 : F9;
	D0B4 : 12;
	D0B5 : 9C;
	D0B6 : 92;
	D0B7 : 30;
	D0B8 : A2;
	D0B9 : 39;
	D0BA : C9;
	D0BB : 29;
	D0BC : DD;
	D0BD : 86;
	D0BE : 20;
	D0BF : 80;
	D0C0 : 99;
	D0C1 : B9;
	D0C2 : 12;
	D0C3 : 0A;
	D0C4 : 07;
	D0C5 : 18;
	D0C6 : C9;
	D0C7 : 11;
	D0C8 : 10;
	D0C9 : 98;
	D0CA : BD;
	D0CB : 06;
	D0CC : 38;
	D0CD : BA;
	D0CE : 84;
	D0CF : 09;
	D0D0 : A8;
	D0D1 : 9A;
	D0D2 : 17;
	D0D3 : 48;
	D0D4 : BA;
	D0D5 : 13;
	D0D6 : 0B;
	D0D7 : C9;
	D0D8 : 89;
	D0D9 : 46;
	D0DA : 38;
	D0DB : D9;
	D0DC : 01;
	D0DD : 89;
	D0DE : 01;
	D0DF : 09;
	D0E0 : 7F;
	D0E1 : 92;
	D0E2 : 32;
	D0E3 : AC;
	D0E4 : A2;
	D0E5 : 0C;
	D0E6 : 80;
	D0E7 : 28;
	D0E8 : 02;
	D0E9 : 73;
	D0EA : CB;
	D0EB : B3;
	D0EC : 2B;
	D0ED : A0;
	D0EE : 78;
	D0EF : 90;
	D0F0 : 44;
	D0F1 : AD;
	D0F2 : 81;
	D0F3 : 0C;
	D0F4 : 82;
	D0F5 : 48;
	D0F6 : B1;
	D0F7 : 53;
	D0F8 : CC;
	D0F9 : 81;
	D0FA : 19;
	D0FB : 00;
	D0FC : 8B;
	D0FD : 07;
	D0FE : 38;
	D0FF : DA;
	D100 : 11;
	D101 : 08;
	D102 : 01;
	D103 : BC;
	D104 : 05;
	D105 : 30;
	D106 : DA;
	D107 : 11;
	D108 : 18;
	D109 : 89;
	D10A : AA;
	D10B : 46;
	D10C : 09;
	D10D : B9;
	D10E : 80;
	D10F : 33;
	D110 : 1B;
	D111 : DA;
	D112 : 34;
	D113 : 0A;
	D114 : A0;
	D115 : 35;
	D116 : 1B;
	D117 : EA;
	D118 : 91;
	D119 : 35;
	D11A : 29;
	D11B : C9;
	D11C : 22;
	D11D : 8A;
	D11E : B8;
	D11F : 99;
	D120 : 36;
	D121 : 49;
	D122 : 98;
	D123 : 10;
	D124 : D9;
	D125 : 01;
	D126 : 9A;
	D127 : 27;
	D128 : 2B;
	D129 : B0;
	D12A : 21;
	D12B : 80;
	D12C : 9A;
	D12D : FB;
	D12E : 33;
	D12F : 40;
	D130 : 83;
	D131 : 0B;
	D132 : DB;
	D133 : 99;
	D134 : 91;
	D135 : 63;
	D136 : 31;
	D137 : 9A;
	D138 : A9;
	D139 : BB;
	D13A : DB;
	D13B : 14;
	D13C : 62;
	D13D : 41;
	D13E : 8B;
	D13F : EA;
	D140 : 88;
	D141 : 01;
	D142 : 31;
	D143 : 09;
	D144 : 32;
	D145 : 8C;
	D146 : C1;
	D147 : 09;
	D148 : E9;
	D149 : 22;
	D14A : 42;
	D14B : 30;
	D14C : DD;
	D14D : A1;
	D14E : 10;
	D14F : 98;
	D150 : 33;
	D151 : 21;
	D152 : 29;
	D153 : FB;
	D154 : 94;
	D155 : 0A;
	D156 : D8;
	D157 : 33;
	D158 : 50;
	D159 : 8A;
	D15A : CA;
	D15B : 15;
	D15C : 89;
	D15D : A0;
	D15E : 21;
	D15F : 18;
	D160 : 7F;
	D161 : 0A;
	D162 : C2;
	D163 : 21;
	D164 : CF;
	D165 : 92;
	D166 : 43;
	D167 : 0B;
	D168 : B9;
	D169 : 80;
	D16A : 41;
	D16B : AC;
	D16C : 94;
	D16D : 60;
	D16E : AB;
	D16F : 90;
	D170 : 03;
	D171 : 22;
	D172 : 9F;
	D173 : 93;
	D174 : 49;
	D175 : B9;
	D176 : 90;
	D177 : 13;
	D178 : 21;
	D179 : EB;
	D17A : 26;
	D17B : 2D;
	D17C : A8;
	D17D : 82;
	D17E : 03;
	D17F : 31;
	D180 : DC;
	D181 : 01;
	D182 : 1B;
	D183 : A1;
	D184 : 21;
	D185 : 90;
	D186 : 41;
	D187 : AA;
	D188 : 33;
	D189 : AF;
	D18A : D1;
	D18B : 12;
	D18C : 02;
	D18D : 0A;
	D18E : CA;
	D18F : 23;
	D190 : 2E;
	D191 : B0;
	D192 : 24;
	D193 : 81;
	D194 : 28;
	D195 : 9E;
	D196 : 11;
	D197 : 8F;
	D198 : A0;
	D199 : 43;
	D19A : 08;
	D19B : 18;
	D19C : BE;
	D19D : 10;
	D19E : 19;
	D19F : B1;
	D1A0 : 11;
	D1A1 : 83;
	D1A2 : 68;
	D1A3 : BB;
	D1A4 : 21;
	D1A5 : AF;
	D1A6 : A4;
	D1A7 : 12;
	D1A8 : 01;
	D1A9 : 1C;
	D1AA : B9;
	D1AB : 20;
	D1AC : 89;
	D1AD : A2;
	D1AE : 12;
	D1AF : 27;
	D1B0 : 0C;
	D1B1 : 8B;
	D1B2 : 09;
	D1B3 : 98;
	D1B4 : 86;
	D1B5 : 15;
	D1B6 : 19;
	D1B7 : BD;
	D1B8 : 00;
	D1B9 : 11;
	D1BA : 80;
	D1BB : AA;
	D1BC : 85;
	D1BD : 40;
	D1BE : 8B;
	D1BF : 09;
	D1C0 : C8;
	D1C1 : 04;
	D1C2 : 80;
	D1C3 : 34;
	D1C4 : 9D;
	D1C5 : 8B;
	D1C6 : 11;
	D1C7 : 25;
	D1C8 : 80;
	D1C9 : C9;
	D1CA : AA;
	D1CB : 27;
	D1CC : 38;
	D1CD : AB;
	D1CE : C2;
	D1CF : 11;
	D1D0 : 31;
	D1D1 : AC;
	D1D2 : B9;
	D1D3 : 31;
	D1D4 : 11;
	D1D5 : 09;
	D1D6 : C4;
	D1D7 : 19;
	D1D8 : FD;
	D1D9 : 14;
	D1DA : 20;
	D1DB : AA;
	D1DC : 91;
	D1DD : 96;
	D1DE : 39;
	D1DF : DD;
	D1E0 : 7F;
	D1E1 : 02;
	D1E2 : 30;
	D1E3 : 90;
	D1E4 : 90;
	D1E5 : A8;
	D1E6 : 21;
	D1E7 : DD;
	D1E8 : 04;
	D1E9 : 30;
	D1EA : BC;
	D1EB : 02;
	D1EC : 12;
	D1ED : 29;
	D1EE : CF;
	D1EF : B5;
	D1F0 : 30;
	D1F1 : A9;
	D1F2 : 08;
	D1F3 : 00;
	D1F4 : 10;
	D1F5 : DD;
	D1F6 : 14;
	D1F7 : 3A;
	D1F8 : C8;
	D1F9 : 21;
	D1FA : 80;
	D1FB : 2A;
	D1FC : FC;
	D1FD : 15;
	D1FE : 18;
	D1FF : A8;
	D200 : 18;
	D201 : 80;
	D202 : 28;
	D203 : CC;
	D204 : 15;
	D205 : 1A;
	D206 : 90;
	D207 : 10;
	D208 : 81;
	D209 : 1C;
	D20A : D9;
	D20B : 44;
	D20C : 0A;
	D20D : A0;
	D20E : 88;
	D20F : 83;
	D210 : 4A;
	D211 : D9;
	D212 : 41;
	D213 : 8A;
	D214 : 81;
	D215 : 18;
	D216 : 83;
	D217 : 0E;
	D218 : C0;
	D219 : 43;
	D21A : 9A;
	D21B : 88;
	D21C : 8A;
	D21D : 34;
	D21E : 1D;
	D21F : B1;
	D220 : 50;
	D221 : A9;
	D222 : 02;
	D223 : 89;
	D224 : 15;
	D225 : 9D;
	D226 : A2;
	D227 : 40;
	D228 : 9A;
	D229 : 01;
	D22A : A8;
	D22B : 37;
	D22C : 1C;
	D22D : B0;
	D22E : 31;
	D22F : BA;
	D230 : 03;
	D231 : 88;
	D232 : 43;
	D233 : 9F;
	D234 : B3;
	D235 : 50;
	D236 : BB;
	D237 : 02;
	D238 : 80;
	D239 : 33;
	D23A : 8F;
	D23B : B3;
	D23C : 49;
	D23D : CA;
	D23E : 31;
	D23F : 09;
	D240 : 34;
	D241 : 8F;
	D242 : 91;
	D243 : 39;
	D244 : C9;
	D245 : 22;
	D246 : 08;
	D247 : 14;
	D248 : 8E;
	D249 : A2;
	D24A : 49;
	D24B : BA;
	D24C : 24;
	D24D : 09;
	D24E : 02;
	D24F : 8C;
	D250 : 92;
	D251 : 2C;
	D252 : E0;
	D253 : 33;
	D254 : 1A;
	D255 : 90;
	D256 : 9B;
	D257 : 94;
	D258 : 48;
	D259 : D9;
	D25A : 22;
	D25B : 8B;
	D25C : 05;
	D25D : 29;
	D25E : C9;
	D25F : 10;
	D260 : 7F;
	D261 : C9;
	D262 : 45;
	D263 : 1B;
	D264 : B0;
	D265 : 20;
	D266 : A0;
	D267 : 21;
	D268 : EA;
	D269 : 24;
	D26A : 2A;
	D26B : C1;
	D26C : 30;
	D26D : BC;
	D26E : 00;
	D26F : 90;
	D270 : 56;
	D271 : 8B;
	D272 : A9;
	D273 : 11;
	D274 : 01;
	D275 : 40;
	D276 : CA;
	D277 : 93;
	D278 : 39;
	D279 : BB;
	D27A : 41;
	D27B : 99;
	D27C : 04;
	D27D : 99;
	D27E : 07;
	D27F : 3B;
	D280 : EB;
	D281 : 02;
	D282 : 32;
	D283 : 08;
	D284 : BB;
	D285 : 93;
	D286 : 68;
	D287 : AA;
	D288 : 01;
	D289 : 02;
	D28A : 01;
	D28B : BA;
	D28C : 37;
	D28D : 2D;
	D28E : D9;
	D28F : 10;
	D290 : 25;
	D291 : 19;
	D292 : B8;
	D293 : 02;
	D294 : 8E;
	D295 : 90;
	D296 : 12;
	D297 : 14;
	D298 : 9C;
	D299 : A8;
	D29A : 53;
	D29B : 9B;
	D29C : B9;
	D29D : 12;
	D29E : 24;
	D29F : 9B;
	D2A0 : 84;
	D2A1 : 78;
	D2A2 : CA;
	D2A3 : 08;
	D2A4 : 82;
	D2A5 : 23;
	D2A6 : 9D;
	D2A7 : 81;
	D2A8 : 38;
	D2A9 : D8;
	D2AA : 02;
	D2AB : 18;
	D2AC : 9B;
	D2AD : C9;
	D2AE : 37;
	D2AF : 30;
	D2B0 : BF;
	D2B1 : 90;
	D2B2 : 22;
	D2B3 : 1A;
	D2B4 : 8A;
	D2B5 : 24;
	D2B6 : 08;
	D2B7 : CA;
	D2B8 : 12;
	D2B9 : 0B;
	D2BA : AA;
	D2BB : 14;
	D2BC : 47;
	D2BD : 19;
	D2BE : CB;
	D2BF : 90;
	D2C0 : 31;
	D2C1 : 20;
	D2C2 : 8B;
	D2C3 : D1;
	D2C4 : 22;
	D2C5 : 98;
	D2C6 : 30;
	D2C7 : 9C;
	D2C8 : A8;
	D2C9 : F9;
	D2CA : 47;
	D2CB : 08;
	D2CC : 9A;
	D2CD : 89;
	D2CE : 00;
	D2CF : 32;
	D2D0 : BB;
	D2D1 : 27;
	D2D2 : 19;
	D2D3 : A1;
	D2D4 : 8A;
	D2D5 : B9;
	D2D6 : 80;
	D2D7 : 88;
	D2D8 : 67;
	D2D9 : 20;
	D2DA : AC;
	D2DB : B0;
	D2DC : 02;
	D2DD : 08;
	D2DE : 8A;
	D2DF : 26;
	D2E0 : 7F;
	D2E1 : 48;
	D2E2 : AB;
	D2E3 : C1;
	D2E4 : 21;
	D2E5 : 9B;
	D2E6 : 98;
	D2E7 : 37;
	D2E8 : 50;
	D2E9 : CA;
	D2EA : 81;
	D2EB : 08;
	D2EC : A8;
	D2ED : 28;
	D2EE : 36;
	D2EF : 29;
	D2F0 : DA;
	D2F1 : 02;
	D2F2 : 19;
	D2F3 : B8;
	D2F4 : 01;
	D2F5 : 44;
	D2F6 : 2A;
	D2F7 : DB;
	D2F8 : 03;
	D2F9 : 0A;
	D2FA : F0;
	D2FB : 22;
	D2FC : 30;
	D2FD : 0C;
	D2FE : B9;
	D2FF : 14;
	D300 : 0B;
	D301 : E0;
	D302 : 41;
	D303 : 0A;
	D304 : 08;
	D305 : 98;
	D306 : 33;
	D307 : 8E;
	D308 : C0;
	D309 : 41;
	D30A : 99;
	D30B : 11;
	D30C : BA;
	D30D : 15;
	D30E : 1A;
	D30F : C8;
	D310 : 41;
	D311 : C9;
	D312 : 13;
	D313 : 89;
	D314 : 26;
	D315 : 0F;
	D316 : A9;
	D317 : 31;
	D318 : 00;
	D319 : 11;
	D31A : 9A;
	D31B : A1;
	D31C : 18;
	D31D : 99;
	D31E : 29;
	D31F : DA;
	D320 : 17;
	D321 : 21;
	D322 : 09;
	D323 : 8B;
	D324 : DB;
	D325 : 04;
	D326 : 03;
	D327 : 01;
	D328 : 0B;
	D329 : 90;
	D32A : 3A;
	D32B : CA;
	D32C : 34;
	D32D : EA;
	D32E : 85;
	D32F : 31;
	D330 : 18;
	D331 : AD;
	D332 : B8;
	D333 : 90;
	D334 : 13;
	D335 : 61;
	D336 : 08;
	D337 : 1B;
	D338 : D9;
	D339 : 32;
	D33A : F9;
	D33B : A3;
	D33C : 31;
	D33D : 30;
	D33E : 5B;
	D33F : C9;
	D340 : 01;
	D341 : D9;
	D342 : 84;
	D343 : 20;
	D344 : 20;
	D345 : 1A;
	D346 : E8;
	D347 : 11;
	D348 : DA;
	D349 : A3;
	D34A : 61;
	D34B : 10;
	D34C : 9A;
	D34D : C0;
	D34E : 13;
	D34F : BD;
	D350 : 92;
	D351 : 41;
	D352 : 18;
	D353 : 0A;
	D354 : B0;
	D355 : 08;
	D356 : CE;
	D357 : 83;
	D358 : 61;
	D359 : 09;
	D35A : 88;
	D35B : B9;
	D35C : 14;
	D35D : 0F;
	D35E : 98;
	D35F : 41;
	D360 : 7F;
	D361 : 00;
	D362 : 01;
	D363 : BA;
	D364 : A1;
	D365 : 0B;
	D366 : A1;
	D367 : 74;
	D368 : 8B;
	D369 : 92;
	D36A : 00;
	D36B : 01;
	D36C : 8F;
	D36D : A9;
	D36E : 33;
	D36F : 10;
	D370 : 25;
	D371 : AF;
	D372 : 90;
	D373 : 18;
	D374 : 81;
	D375 : 21;
	D376 : AA;
	D377 : 85;
	D378 : 0A;
	D379 : 82;
	D37A : 3F;
	D37B : C9;
	D37C : 13;
	D37D : 10;
	D37E : 36;
	D37F : 8C;
	D380 : C1;
	D381 : 08;
	D382 : 80;
	D383 : 00;
	D384 : 80;
	D385 : 34;
	D386 : 9D;
	D387 : A2;
	D388 : 39;
	D389 : B8;
	D38A : B9;
	D38B : 17;
	D38C : 50;
	D38D : AB;
	D38E : 81;
	D38F : 29;
	D390 : A3;
	D391 : BF;
	D392 : 84;
	D393 : 41;
	D394 : 9C;
	D395 : 80;
	D396 : 88;
	D397 : 12;
	D398 : AE;
	D399 : 83;
	D39A : 78;
	D39B : A8;
	D39C : 08;
	D39D : 08;
	D39E : 10;
	D39F : CC;
	D3A0 : 06;
	D3A1 : 28;
	D3A2 : A8;
	D3A3 : 08;
	D3A4 : A0;
	D3A5 : 31;
	D3A6 : CC;
	D3A7 : 05;
	D3A8 : 29;
	D3A9 : B0;
	D3AA : 20;
	D3AB : A1;
	D3AC : 39;
	D3AD : ED;
	D3AE : 04;
	D3AF : 20;
	D3B0 : A8;
	D3B1 : 88;
	D3B2 : A2;
	D3B3 : 30;
	D3B4 : DC;
	D3B5 : 15;
	D3B6 : 18;
	D3B7 : B0;
	D3B8 : 29;
	D3B9 : 91;
	D3BA : 2A;
	D3BB : FB;
	D3BC : 25;
	D3BD : 28;
	D3BE : 99;
	D3BF : 1A;
	D3C0 : 92;
	D3C1 : 38;
	D3C2 : EC;
	D3C3 : 03;
	D3C4 : 20;
	D3C5 : 90;
	D3C6 : 10;
	D3C7 : 93;
	D3C8 : 0C;
	D3C9 : EB;
	D3CA : 14;
	D3CB : 39;
	D3CC : A0;
	D3CD : 18;
	D3CE : 12;
	D3CF : 0D;
	D3D0 : D8;
	D3D1 : 21;
	D3D2 : 8A;
	D3D3 : 05;
	D3D4 : 18;
	D3D5 : 81;
	D3D6 : 0D;
	D3D7 : C0;
	D3D8 : 20;
	D3D9 : 99;
	D3DA : 15;
	D3DB : 28;
	D3DC : 91;
	D3DD : 3E;
	D3DE : F8;
	D3DF : 20;
	D3E0 : 7F;
	D3E1 : 98;
	D3E2 : 14;
	D3E3 : 28;
	D3E4 : 98;
	D3E5 : 8C;
	D3E6 : B1;
	D3E7 : 28;
	D3E8 : E9;
	D3E9 : 26;
	D3EA : 20;
	D3EB : 99;
	D3EC : 89;
	D3ED : B0;
	D3EE : 10;
	D3EF : DA;
	D3F0 : 44;
	D3F1 : 3A;
	D3F2 : B0;
	D3F3 : 10;
	D3F4 : C9;
	D3F5 : 02;
	D3F6 : BD;
	D3F7 : 27;
	D3F8 : 39;
	D3F9 : AA;
	D3FA : 00;
	D3FB : A8;
	D3FC : 82;
	D3FD : 9F;
	D3FE : 14;
	D3FF : 41;
	D400 : AA;
	D401 : 98;
	D402 : 98;
	D403 : 80;
	D404 : 9B;
	D405 : 27;
	D406 : 60;
	D407 : AA;
	D408 : 91;
	D409 : 88;
	D40A : 02;
	D40B : 8D;
	D40C : 92;
	D40D : 61;
	D40E : 9A;
	D40F : 92;
	D410 : 8A;
	D411 : 80;
	D412 : 0A;
	D413 : A7;
	D414 : 52;
	D415 : 9D;
	D416 : A8;
	D417 : 10;
	D418 : 20;
	D419 : 89;
	D41A : A2;
	D41B : 43;
	D41C : 9C;
	D41D : A0;
	D41E : 19;
	D41F : 88;
	D420 : 80;
	D421 : 84;
	D422 : 71;
	D423 : 0C;
	D424 : B8;
	D425 : 01;
	D426 : 28;
	D427 : 88;
	D428 : 99;
	D429 : 12;
	D42A : 42;
	D42B : D9;
	D42C : 20;
	D42D : 9F;
	D42E : A0;
	D42F : 21;
	D430 : 30;
	D431 : 30;
	D432 : DA;
	D433 : 92;
	D434 : 0C;
	D435 : 83;
	D436 : 71;
	D437 : D9;
	D438 : 13;
	D439 : 8B;
	D43A : 92;
	D43B : 1B;
	D43C : D1;
	D43D : 50;
	D43E : B9;
	D43F : 37;
	D440 : 0A;
	D441 : A0;
	D442 : 8A;
	D443 : 98;
	D444 : 52;
	D445 : 9A;
	D446 : 14;
	D447 : 2A;
	D448 : A8;
	D449 : 0A;
	D44A : D0;
	D44B : 42;
	D44C : BC;
	D44D : 06;
	D44E : 29;
	D44F : A9;
	D450 : 00;
	D451 : A0;
	D452 : 25;
	D453 : AD;
	D454 : 82;
	D455 : 49;
	D456 : 91;
	D457 : 09;
	D458 : CB;
	D459 : 83;
	D45A : 58;
	D45B : 12;
	D45C : 40;
	D45D : CB;
	D45E : BA;
	D45F : 84;
	D460 : 7F;
	D461 : 32;
	D462 : 0A;
	D463 : C8;
	D464 : 43;
	D465 : 88;
	D466 : BA;
	D467 : A0;
	D468 : 80;
	D469 : 1A;
	D46A : 51;
	D46B : 74;
	D46C : 9D;
	D46D : B0;
	D46E : 03;
	D46F : 21;
	D470 : 0E;
	D471 : B9;
	D472 : 44;
	D473 : 08;
	D474 : C0;
	D475 : 18;
	D476 : 89;
	D477 : 89;
	D478 : 11;
	D479 : 54;
	D47A : 9B;
	D47B : F8;
	D47C : 22;
	D47D : 19;
	D47E : 0B;
	D47F : 90;
	D480 : 43;
	D481 : AC;
	D482 : A1;
	D483 : 22;
	D484 : 0D;
	D485 : 99;
	D486 : 06;
	D487 : 23;
	D488 : 9D;
	D489 : A0;
	D48A : 22;
	D48B : 8C;
	D48C : C8;
	D48D : 85;
	D48E : 22;
	D48F : 9E;
	D490 : 81;
	D491 : 21;
	D492 : 8A;
	D493 : B8;
	D494 : 82;
	D495 : 03;
	D496 : 0E;
	D497 : 01;
	D498 : 30;
	D499 : AD;
	D49A : B1;
	D49B : 15;
	D49C : 12;
	D49D : 8D;
	D49E : A9;
	D49F : 13;
	D4A0 : 18;
	D4A1 : DA;
	D4A2 : 01;
	D4A3 : 44;
	D4A4 : 2A;
	D4A5 : D0;
	D4A6 : 89;
	D4A7 : 8A;
	D4A8 : 81;
	D4A9 : 13;
	D4AA : 72;
	D4AB : 9F;
	D4AC : A1;
	D4AD : 22;
	D4AE : 80;
	D4AF : 99;
	D4B0 : AD;
	D4B1 : 25;
	D4B2 : 19;
	D4B3 : C0;
	D4B4 : 28;
	D4B5 : 99;
	D4B6 : 22;
	D4B7 : 89;
	D4B8 : 24;
	D4B9 : 8F;
	D4BA : C1;
	D4BB : 31;
	D4BC : 8A;
	D4BD : 11;
	D4BE : BA;
	D4BF : 27;
	D4C0 : 2B;
	D4C1 : C1;
	D4C2 : 09;
	D4C3 : A9;
	D4C4 : 44;
	D4C5 : 99;
	D4C6 : 03;
	D4C7 : 3C;
	D4C8 : B8;
	D4C9 : 20;
	D4CA : AA;
	D4CB : 02;
	D4CC : BA;
	D4CD : 17;
	D4CE : 68;
	D4CF : AB;
	D4D0 : 88;
	D4D1 : 20;
	D4D2 : 24;
	D4D3 : D8;
	D4D4 : 91;
	D4D5 : 40;
	D4D6 : AC;
	D4D7 : 08;
	D4D8 : 19;
	D4D9 : 06;
	D4DA : 98;
	D4DB : 04;
	D4DC : 2A;
	D4DD : BE;
	D4DE : 89;
	D4DF : 14;
	D4E0 : 7F;
	D4E1 : 03;
	D4E2 : BA;
	D4E3 : 03;
	D4E4 : 68;
	D4E5 : AB;
	D4E6 : 8A;
	D4E7 : 92;
	D4E8 : A7;
	D4E9 : 80;
	D4EA : 11;
	D4EB : 3B;
	D4EC : 9E;
	D4ED : 91;
	D4EE : 22;
	D4EF : 90;
	D4F0 : B9;
	D4F1 : 11;
	D4F2 : 78;
	D4F3 : 0B;
	D4F4 : C8;
	D4F5 : 03;
	D4F6 : 81;
	D4F7 : 13;
	D4F8 : 5A;
	D4F9 : AE;
	D4FA : 90;
	D4FB : 11;
	D4FC : 84;
	D4FD : BC;
	D4FE : A3;
	D4FF : 72;
	D500 : 19;
	D501 : 9B;
	D502 : AB;
	D503 : C3;
	D504 : 82;
	D505 : 26;
	D506 : 48;
	D507 : CB;
	D508 : 02;
	D509 : 12;
	D50A : A0;
	D50B : DC;
	D50C : 94;
	D50D : 51;
	D50E : AA;
	D50F : 02;
	D510 : 8A;
	D511 : A1;
	D512 : AA;
	D513 : 37;
	D514 : 68;
	D515 : CA;
	D516 : 02;
	D517 : 18;
	D518 : 88;
	D519 : BA;
	D51A : 17;
	D51B : 49;
	D51C : AB;
	D51D : 13;
	D51E : 08;
	D51F : AB;
	D520 : C8;
	D521 : 56;
	D522 : 19;
	D523 : B9;
	D524 : 12;
	D525 : 09;
	D526 : 9A;
	D527 : E9;
	D528 : 45;
	D529 : 19;
	D52A : B9;
	D52B : 20;
	D52C : 00;
	D52D : 0A;
	D52E : E9;
	D52F : 25;
	D530 : 1A;
	D531 : 98;
	D532 : 02;
	D533 : 00;
	D534 : 9C;
	D535 : D8;
	D536 : 45;
	D537 : 19;
	D538 : B9;
	D539 : 01;
	D53A : 82;
	D53B : 8B;
	D53C : F8;
	D53D : 33;
	D53E : 19;
	D53F : 98;
	D540 : 11;
	D541 : 91;
	D542 : BD;
	D543 : D9;
	D544 : 44;
	D545 : 29;
	D546 : A9;
	D547 : 01;
	D548 : 11;
	D549 : 8B;
	D54A : EA;
	D54B : 15;
	D54C : 29;
	D54D : 99;
	D54E : 03;
	D54F : 29;
	D550 : CB;
	D551 : B9;
	D552 : 37;
	D553 : 40;
	D554 : BA;
	D555 : 92;
	D556 : 40;
	D557 : AA;
	D558 : AA;
	D559 : 93;
	D55A : 73;
	D55B : 8B;
	D55C : 94;
	D55D : 2B;
	D55E : C9;
	D55F : 89;
	D560 : 7F;
	D561 : 91;
	D562 : 72;
	D563 : 99;
	D564 : 83;
	D565 : 3C;
	D566 : A9;
	D567 : 1A;
	D568 : E8;
	D569 : 25;
	D56A : 19;
	D56B : 81;
	D56C : 3A;
	D56D : C8;
	D56E : 19;
	D56F : EA;
	D570 : 16;
	D571 : 28;
	D572 : 90;
	D573 : 18;
	D574 : C9;
	D575 : 11;
	D576 : CB;
	D577 : 06;
	D578 : 30;
	D579 : 99;
	D57A : 00;
	D57B : AA;
	D57C : 20;
	D57D : CF;
	D57E : 83;
	D57F : 50;
	D580 : 09;
	D581 : 80;
	D582 : 9A;
	D583 : 88;
	D584 : 9D;
	D585 : 93;
	D586 : 72;
	D587 : 99;
	D588 : 01;
	D589 : 8B;
	D58A : 80;
	D58B : 8D;
	D58C : B1;
	D58D : 74;
	D58E : 89;
	D58F : 90;
	D590 : 88;
	D591 : 90;
	D592 : 09;
	D593 : C9;
	D594 : 55;
	D595 : 19;
	D596 : B0;
	D597 : 08;
	D598 : 88;
	D599 : 89;
	D59A : B9;
	D59B : 27;
	D59C : 78;
	D59D : A8;
	D59E : 08;
	D59F : 88;
	D5A0 : 09;
	D5A1 : 9B;
	D5A2 : 87;
	D5A3 : 40;
	D5A4 : A9;
	D5A5 : 10;
	D5A6 : 9A;
	D5A7 : 98;
	D5A8 : 89;
	D5A9 : 04;
	D5AA : 71;
	D5AB : BA;
	D5AC : 83;
	D5AD : 18;
	D5AE : B8;
	D5AF : 89;
	D5B0 : B1;
	D5B1 : 74;
	D5B2 : 9A;
	D5B3 : 81;
	D5B4 : 2A;
	D5B5 : D1;
	D5B6 : 00;
	D5B7 : 98;
	D5B8 : 53;
	D5B9 : 8E;
	D5BA : 92;
	D5BB : 10;
	D5BC : AA;
	D5BD : 08;
	D5BE : 9B;
	D5BF : 27;
	D5C0 : 58;
	D5C1 : 90;
	D5C2 : 08;
	D5C3 : D9;
	D5C4 : 01;
	D5C5 : 0B;
	D5C6 : 85;
	D5C7 : 31;
	D5C8 : B9;
	D5C9 : 11;
	D5CA : AB;
	D5CB : 00;
	D5CC : BF;
	D5CD : A4;
	D5CE : 70;
	D5CF : 89;
	D5D0 : 81;
	D5D1 : 8A;
	D5D2 : 91;
	D5D3 : 19;
	D5D4 : C0;
	D5D5 : 62;
	D5D6 : 8A;
	D5D7 : 91;
	D5D8 : 0A;
	D5D9 : C1;
	D5DA : 00;
	D5DB : AB;
	D5DC : 66;
	D5DD : 1A;
	D5DE : A0;
	D5DF : 19;
	D5E0 : 7F;
	D5E1 : A9;
	D5E2 : 01;
	D5E3 : AC;
	D5E4 : 37;
	D5E5 : 28;
	D5E6 : A0;
	D5E7 : 00;
	D5E8 : CB;
	D5E9 : 10;
	D5EA : 1B;
	D5EB : A6;
	D5EC : 42;
	D5ED : A9;
	D5EE : 00;
	D5EF : AF;
	D5F0 : 82;
	D5F1 : 18;
	D5F2 : C0;
	D5F3 : 62;
	D5F4 : AA;
	D5F5 : 01;
	D5F6 : 0B;
	D5F7 : A1;
	D5F8 : 31;
	D5F9 : E9;
	D5FA : 25;
	D5FB : 1A;
	D5FC : 91;
	D5FD : 1B;
	D5FE : E8;
	D5FF : 23;
	D600 : 9B;
	D601 : 15;
	D602 : 29;
	D603 : C0;
	D604 : 20;
	D605 : D8;
	D606 : 11;
	D607 : 9C;
	D608 : 94;
	D609 : 41;
	D60A : 98;
	D60B : 00;
	D60C : EA;
	D60D : 02;
	D60E : 20;
	D60F : B9;
	D610 : 33;
	D611 : 99;
	D612 : 41;
	D613 : AE;
	D614 : A2;
	D615 : 31;
	D616 : FB;
	D617 : 14;
	D618 : 28;
	D619 : 08;
	D61A : 9C;
	D61B : A3;
	D61C : 41;
	D61D : 9D;
	D61E : A2;
	D61F : 50;
	D620 : 88;
	D621 : 99;
	D622 : B8;
	D623 : 43;
	D624 : 0E;
	D625 : A0;
	D626 : 54;
	D627 : 89;
	D628 : A9;
	D629 : 8A;
	D62A : 22;
	D62B : 2B;
	D62C : E8;
	D62D : 27;
	D62E : 19;
	D62F : 99;
	D630 : 0A;
	D631 : 01;
	D632 : 18;
	D633 : DA;
	D634 : 06;
	D635 : 38;
	D636 : 9A;
	D637 : 09;
	D638 : 92;
	D639 : 22;
	D63A : DD;
	D63B : 82;
	D63C : 60;
	D63D : A9;
	D63E : 08;
	D63F : 80;
	D640 : 21;
	D641 : 9F;
	D642 : 81;
	D643 : 42;
	D644 : AA;
	D645 : 00;
	D646 : A9;
	D647 : 13;
	D648 : 8E;
	D649 : 90;
	D64A : 44;
	D64B : 09;
	D64C : 89;
	D64D : 9B;
	D64E : 12;
	D64F : 0C;
	D650 : C8;
	D651 : 27;
	D652 : 28;
	D653 : 99;
	D654 : 09;
	D655 : 91;
	D656 : 09;
	D657 : AC;
	D658 : 83;
	D659 : 72;
	D65A : 99;
	D65B : 80;
	D65C : 98;
	D65D : 01;
	D65E : 9E;
	D65F : A0;
	D660 : 7F;
	D661 : 54;
	D662 : 1A;
	D663 : A9;
	D664 : 08;
	D665 : 81;
	D666 : 0A;
	D667 : D0;
	D668 : 37;
	D669 : 3B;
	D66A : A9;
	D66B : 19;
	D66C : 90;
	D66D : 19;
	D66E : BB;
	D66F : 07;
	D670 : 70;
	D671 : 98;
	D672 : 89;
	D673 : A0;
	D674 : 10;
	D675 : AB;
	D676 : 06;
	D677 : 70;
	D678 : 99;
	D679 : 80;
	D67A : 99;
	D67B : 10;
	D67C : 9B;
	D67D : 82;
	D67E : 72;
	D67F : 8A;
	D680 : 90;
	D681 : 8A;
	D682 : 83;
	D683 : 0C;
	D684 : BA;
	D685 : 57;
	D686 : 2A;
	D687 : A8;
	D688 : 09;
	D689 : B2;
	D68A : 28;
	D68B : 9B;
	D68C : 47;
	D68D : 39;
	D68E : D8;
	D68F : 80;
	D690 : 89;
	D691 : 12;
	D692 : 8C;
	D693 : 93;
	D694 : 71;
	D695 : 8A;
	D696 : 89;
	D697 : AA;
	D698 : 83;
	D699 : 3A;
	D69A : B1;
	D69B : 76;
	D69C : 8A;
	D69D : 90;
	D69E : 89;
	D69F : 82;
	D6A0 : 1B;
	D6A1 : BA;
	D6A2 : 56;
	D6A3 : 19;
	D6A4 : B0;
	D6A5 : 19;
	D6A6 : C0;
	D6A7 : 31;
	D6A8 : AB;
	D6A9 : 27;
	D6AA : 2A;
	D6AB : C0;
	D6AC : 18;
	D6AD : B9;
	D6AE : 41;
	D6AF : 8A;
	D6B0 : 04;
	D6B1 : 22;
	D6B2 : D9;
	D6B3 : 80;
	D6B4 : AD;
	D6B5 : 81;
	D6B6 : 22;
	D6B7 : 81;
	D6B8 : 33;
	D6B9 : 1A;
	D6BA : AB;
	D6BB : CF;
	D6BC : D8;
	D6BD : 24;
	D6BE : 2A;
	D6BF : A1;
	D6C0 : 61;
	D6C1 : A8;
	D6C2 : 09;
	D6C3 : DA;
	D6C4 : 24;
	D6C5 : 1A;
	D6C6 : C1;
	D6C7 : 34;
	D6C8 : A9;
	D6C9 : 09;
	D6CA : CC;
	D6CB : 26;
	D6CC : 29;
	D6CD : B8;
	D6CE : 02;
	D6CF : 2A;
	D6D0 : 88;
	D6D1 : CD;
	D6D2 : 85;
	D6D3 : 38;
	D6D4 : A9;
	D6D5 : 04;
	D6D6 : 29;
	D6D7 : B9;
	D6D8 : BC;
	D6D9 : 84;
	D6DA : 60;
	D6DB : 9A;
	D6DC : 93;
	D6DD : 32;
	D6DE : AB;
	D6DF : AD;
	D6E0 : 7F;
	D6E1 : 91;
	D6E2 : 52;
	D6E3 : 8B;
	D6E4 : B2;
	D6E5 : 62;
	D6E6 : 9B;
	D6E7 : A9;
	D6E8 : 90;
	D6E9 : 55;
	D6EA : 8A;
	D6EB : C8;
	D6EC : 34;
	D6ED : 0B;
	D6EE : 99;
	D6EF : 99;
	D6F0 : 17;
	D6F1 : 2A;
	D6F2 : A9;
	D6F3 : 23;
	D6F4 : 1A;
	D6F5 : C9;
	D6F6 : A8;
	D6F7 : 06;
	D6F8 : 38;
	D6F9 : AB;
	D6FA : 14;
	D6FB : 10;
	D6FC : AB;
	D6FD : D9;
	D6FE : 82;
	D6FF : 71;
	D700 : 9A;
	D701 : 92;
	D702 : 23;
	D703 : 8C;
	D704 : CB;
	D705 : 01;
	D706 : 52;
	D707 : 0B;
	D708 : A8;
	D709 : 15;
	D70A : 2A;
	D70B : BB;
	D70C : 93;
	D70D : 26;
	D70E : 19;
	D70F : CB;
	D710 : 02;
	D711 : 71;
	D712 : BB;
	D713 : A0;
	D714 : 26;
	D715 : 18;
	D716 : 9A;
	D717 : A0;
	D718 : 33;
	D719 : AE;
	D71A : A1;
	D71B : 22;
	D71C : 20;
	D71D : 9A;
	D71E : A8;
	D71F : 36;
	D720 : 2F;
	D721 : B9;
	D722 : 13;
	D723 : 32;
	D724 : 9A;
	D725 : C9;
	D726 : 05;
	D727 : 38;
	D728 : CB;
	D729 : 84;
	D72A : 10;
	D72B : 8B;
	D72C : A9;
	D72D : 14;
	D72E : 52;
	D72F : DB;
	D730 : 03;
	D731 : 48;
	D732 : 1B;
	D733 : AA;
	D734 : A8;
	D735 : 37;
	D736 : 8B;
	D737 : A1;
	D738 : 62;
	D739 : 09;
	D73A : A8;
	D73B : 98;
	D73C : 93;
	D73D : 1D;
	D73E : C8;
	D73F : 62;
	D740 : 99;
	D741 : 90;
	D742 : 18;
	D743 : 18;
	D744 : 48;
	D745 : D9;
	D746 : 96;
	D747 : 89;
	D748 : 80;
	D749 : 29;
	D74A : A8;
	D74B : 34;
	D74C : 9A;
	D74D : 94;
	D74E : 3B;
	D74F : D9;
	D750 : 21;
	D751 : BA;
	D752 : 07;
	D753 : 0B;
	D754 : 93;
	D755 : 60;
	D756 : A9;
	D757 : 21;
	D758 : DC;
	D759 : 02;
	D75A : 3A;
	D75B : B8;
	D75C : 44;
	D75D : A8;
	D75E : 11;
	D75F : 0E;
	D760 : 7F;
	D761 : 90;
	D762 : 38;
	D763 : D9;
	D764 : 26;
	D765 : 0A;
	D766 : 80;
	D767 : 1A;
	D768 : A0;
	D769 : 24;
	D76A : 8C;
	D76B : 83;
	D76C : 2C;
	D76D : A3;
	D76E : 28;
	D76F : FA;
	D770 : 03;
	D771 : 39;
	D772 : A4;
	D773 : 28;
	D774 : B9;
	D775 : 21;
	D776 : DE;
	D777 : 81;
	D778 : 31;
	D779 : B1;
	D77A : 33;
	D77B : 9D;
	D77C : 40;
	D77D : 9E;
	D77E : B1;
	D77F : 13;
	D780 : 09;
	D781 : 02;
	D782 : 2C;
	D783 : 02;
	D784 : 1D;
	D785 : E8;
	D786 : 22;
	D787 : 1A;
	D788 : 91;
	D789 : 49;
	D78A : B2;
	D78B : 20;
	D78C : FB;
	D78D : 03;
	D78E : 30;
	D78F : 9A;
	D790 : 15;
	D791 : B9;
	D792 : 30;
	D793 : CF;
	D794 : 82;
	D795 : 22;
	D796 : 8A;
	D797 : 83;
	D798 : 8B;
	D799 : 22;
	D79A : AF;
	D79B : C1;
	D79C : 33;
	D79D : 9A;
	D79E : 03;
	D79F : 38;
	D7A0 : 91;
	D7A1 : 9F;
	D7A2 : F8;
	D7A3 : 12;
	D7A4 : 29;
	D7A5 : 90;
	D7A6 : 10;
	D7A7 : 92;
	D7A8 : 2A;
	D7A9 : DA;
	D7AA : 84;
	D7AB : 3B;
	D7AC : B9;
	D7AD : 35;
	D7AE : 18;
	D7AF : 80;
	D7B0 : FA;
	D7B1 : 04;
	D7B2 : 28;
	D7B3 : 8B;
	D7B4 : 83;
	D7B5 : 29;
	D7B6 : C0;
	D7B7 : AD;
	D7B8 : 01;
	D7B9 : 52;
	D7BA : A9;
	D7BB : 85;
	D7BC : 31;
	D7BD : AE;
	D7BE : AA;
	D7BF : 81;
	D7C0 : 24;
	D7C1 : AA;
	D7C2 : 01;
	D7C3 : 72;
	D7C4 : 0B;
	D7C5 : A0;
	D7C6 : B8;
	D7C7 : 01;
	D7C8 : 9F;
	D7C9 : 81;
	D7CA : 62;
	D7CB : 89;
	D7CC : A0;
	D7CD : 90;
	D7CE : 23;
	D7CF : 0D;
	D7D0 : E8;
	D7D1 : 23;
	D7D2 : 08;
	D7D3 : B8;
	D7D4 : 89;
	D7D5 : 52;
	D7D6 : 1D;
	D7D7 : B8;
	D7D8 : 37;
	D7D9 : 09;
	D7DA : 99;
	D7DB : 8A;
	D7DC : 84;
	D7DD : 2A;
	D7DE : BA;
	D7DF : 37;
	D7E0 : 7F;
	D7E1 : 28;
	D7E2 : 09;
	D7E3 : BA;
	D7E4 : A3;
	D7E5 : 49;
	D7E6 : FA;
	D7E7 : 13;
	D7E8 : 40;
	D7E9 : 00;
	D7EA : 9A;
	D7EB : 88;
	D7EC : 20;
	D7ED : DC;
	D7EE : A1;
	D7EF : 43;
	D7F0 : 18;
	D7F1 : 8A;
	D7F2 : 81;
	D7F3 : 04;
	D7F4 : 0E;
	D7F5 : C9;
	D7F6 : 23;
	D7F7 : 49;
	D7F8 : 99;
	D7F9 : 98;
	D7FA : 01;
	D7FB : 49;
	D7FC : CA;
	D7FD : 05;
	D7FE : 50;
	D7FF : AA;
	D800 : A0;
	D801 : 18;
	D802 : 01;
	D803 : BE;
	D804 : 82;
	D805 : 73;
	D806 : 9A;
	D807 : 09;
	D808 : 8A;
	D809 : 01;
	D80A : 8D;
	D80B : A1;
	D80C : 37;
	D80D : 2A;
	D80E : 88;
	D80F : 09;
	D810 : 88;
	D811 : 0A;
	D812 : E9;
	D813 : 24;
	D814 : 48;
	D815 : B0;
	D816 : 08;
	D817 : 88;
	D818 : 22;
	D819 : BF;
	D81A : A2;
	D81B : 63;
	D81C : CA;
	D81D : 11;
	D81E : 9B;
	D81F : 12;
	D820 : 3C;
	D821 : B2;
	D822 : 45;
	D823 : 8D;
	D824 : 91;
	D825 : 09;
	D826 : 80;
	D827 : 31;
	D828 : F9;
	D829 : 15;
	D82A : 19;
	D82B : 98;
	D82C : 09;
	D82D : B8;
	D82E : 24;
	D82F : AC;
	D830 : 03;
	D831 : 68;
	D832 : A8;
	D833 : 28;
	D834 : A9;
	D835 : 13;
	D836 : AD;
	D837 : C1;
	D838 : 52;
	D839 : 8A;
	D83A : 01;
	D83B : 9B;
	D83C : 84;
	D83D : 29;
	D83E : F9;
	D83F : 33;
	D840 : 8A;
	D841 : A2;
	D842 : 0C;
	D843 : 93;
	D844 : 42;
	D845 : BD;
	D846 : 85;
	D847 : 19;
	D848 : 99;
	D849 : 0A;
	D84A : B0;
	D84B : 45;
	D84C : 8B;
	D84D : A3;
	D84E : 62;
	D84F : 0B;
	D850 : A9;
	D851 : CA;
	D852 : 86;
	D853 : 30;
	D854 : D9;
	D855 : 13;
	D856 : 29;
	D857 : A0;
	D858 : 9A;
	D859 : 81;
	D85A : 52;
	D85B : EC;
	D85C : 03;
	D85D : 30;
	D85E : 9B;
	D85F : 99;
	D860 : 7F;
	D861 : 83;
	D862 : 63;
	D863 : 8D;
	D864 : C8;
	D865 : 31;
	D866 : 89;
	D867 : 98;
	D868 : A1;
	D869 : 44;
	D86A : 3B;
	D86B : DA;
	D86C : 43;
	D86D : 8A;
	D86E : BB;
	D86F : B8;
	D870 : 47;
	D871 : 10;
	D872 : AA;
	D873 : 83;
	D874 : 28;
	D875 : 0A;
	D876 : F9;
	D877 : 03;
	D878 : 38;
	D879 : AC;
	D87A : 92;
	D87B : 50;
	D87C : 08;
	D87D : DA;
	D87E : 05;
	D87F : 30;
	D880 : AB;
	D881 : B8;
	D882 : 04;
	D883 : 01;
	D884 : 9D;
	D885 : 92;
	D886 : 71;
	D887 : 99;
	D888 : 88;
	D889 : 80;
	D88A : 00;
	D88B : 9E;
	D88C : A1;
	D88D : 52;
	D88E : 08;
	D88F : 98;
	D890 : 98;
	D891 : 11;
	D892 : 0E;
	D893 : 9A;
	D894 : 26;
	D895 : 08;
	D896 : 98;
	D897 : 08;
	D898 : 22;
	D899 : 8B;
	D89A : DA;
	D89B : 87;
	D89C : 20;
	D89D : A9;
	D89E : 89;
	D89F : 18;
	D8A0 : 81;
	D8A1 : A2;
	D8A2 : 81;
	D8A3 : 71;
	D8A4 : 9B;
	D8A5 : A0;
	D8A6 : 13;
	D8A7 : AC;
	D8A8 : AB;
	D8A9 : 09;
	D8AA : 75;
	D8AB : 30;
	D8AC : BA;
	D8AD : 89;
	D8AE : 8E;
	D8AF : 82;
	D8B0 : 10;
	D8B1 : B1;
	D8B2 : 41;
	D8B3 : 1A;
	D8B4 : 83;
	D8B5 : 29;
	D8B6 : FC;
	D8B7 : 80;
	D8B8 : 1A;
	D8B9 : 34;
	D8BA : 30;
	D8BB : E0;
	D8BC : 08;
	D8BD : B9;
	D8BE : 43;
	D8BF : 2C;
	D8C0 : D0;
	D8C1 : 02;
	D8C2 : 08;
	D8C3 : 21;
	D8C4 : 9E;
	D8C5 : B3;
	D8C6 : 31;
	D8C7 : 99;
	D8C8 : 13;
	D8C9 : 2F;
	D8CA : C8;
	D8CB : 3A;
	D8CC : A1;
	D8CD : 54;
	D8CE : 8C;
	D8CF : A2;
	D8D0 : 31;
	D8D1 : 99;
	D8D2 : 09;
	D8D3 : DD;
	D8D4 : 04;
	D8D5 : 18;
	D8D6 : A8;
	D8D7 : 41;
	D8D8 : 0A;
	D8D9 : B3;
	D8DA : 0A;
	D8DB : C2;
	D8DC : 69;
	D8DD : BC;
	D8DE : 03;
	D8DF : 31;
	D8E0 : 7F;
	D8E1 : 91;
	D8E2 : 1A;
	D8E3 : EA;
	D8E4 : 42;
	D8E5 : 8B;
	D8E6 : B2;
	D8E7 : 20;
	D8E8 : BD;
	D8E9 : 42;
	D8EA : 0A;
	D8EB : 07;
	D8EC : 89;
	D8ED : BA;
	D8EE : 30;
	D8EF : 10;
	D8F0 : 02;
	D8F1 : BF;
	D8F2 : B2;
	D8F3 : 51;
	D8F4 : 0A;
	D8F5 : 08;
	D8F6 : 00;
	D8F7 : 90;
	D8F8 : 10;
	D8F9 : B9;
	D8FA : 59;
	D8FB : DA;
	D8FC : 81;
	D8FD : 44;
	D8FE : 30;
	D8FF : 0B;
	D900 : BB;
	D901 : 88;
	D902 : 91;
	D903 : 5A;
	D904 : DC;
	D905 : 05;
	D906 : 41;
	D907 : 88;
	D908 : 08;
	D909 : C9;
	D90A : 80;
	D90B : 9C;
	D90C : 85;
	D90D : 30;
	D90E : A9;
	D90F : 21;
	D910 : A8;
	D911 : 44;
	D912 : 8F;
	D913 : D8;
	D914 : 31;
	D915 : 10;
	D916 : 08;
	D917 : AC;
	D918 : 84;
	D919 : 10;
	D91A : D9;
	D91B : 33;
	D91C : 1A;
	D91D : A8;
	D91E : 09;
	D91F : E2;
	D920 : 39;
	D921 : AF;
	D922 : 83;
	D923 : 33;
	D924 : 80;
	D925 : 9A;
	D926 : EB;
	D927 : 31;
	D928 : 0B;
	D929 : D2;
	D92A : 42;
	D92B : 1A;
	D92C : 00;
	D92D : 1D;
	D92E : A3;
	D92F : 0C;
	D930 : D9;
	D931 : 34;
	D932 : 28;
	D933 : 91;
	D934 : 09;
	D935 : E0;
	D936 : 38;
	D937 : 9C;
	D938 : 94;
	D939 : 11;
	D93A : A8;
	D93B : 20;
	D93C : 8E;
	D93D : 11;
	D93E : 98;
	D93F : C2;
	D940 : 42;
	D941 : 0B;
	D942 : 90;
	D943 : 8D;
	D944 : C1;
	D945 : 30;
	D946 : 0A;
	D947 : 23;
	D948 : 30;
	D949 : C2;
	D94A : 60;
	D94B : FC;
	D94C : 18;
	D94D : 00;
	D94E : 82;
	D94F : 31;
	D950 : 8A;
	D951 : 41;
	D952 : 9F;
	D953 : A2;
	D954 : 80;
	D955 : 99;
	D956 : 29;
	D957 : 21;
	D958 : 27;
	D959 : 1A;
	D95A : F0;
	D95B : 08;
	D95C : 19;
	D95D : 00;
	D95E : 90;
	D95F : 03;
	D960 : 7F;
	D961 : 29;
	D962 : EC;
	D963 : 22;
	D964 : 11;
	D965 : A8;
	D966 : B1;
	D967 : 43;
	D968 : 2B;
	D969 : CE;
	D96A : B0;
	D96B : 24;
	D96C : 11;
	D96D : 9B;
	D96E : 33;
	D96F : 38;
	D970 : A9;
	D971 : FD;
	D972 : 82;
	D973 : 18;
	D974 : BA;
	D975 : 27;
	D976 : 40;
	D977 : 09;
	D978 : BC;
	D979 : 90;
	D97A : 33;
	D97B : AD;
	D97C : 80;
	D97D : 33;
	D97E : 82;
	D97F : 0B;
	D980 : DA;
	D981 : 23;
	D982 : 0D;
	D983 : C8;
	D984 : 35;
	D985 : 29;
	D986 : 9A;
	D987 : AB;
	D988 : 06;
	D989 : 31;
	D98A : BE;
	D98B : 81;
	D98C : 41;
	D98D : 98;
	D98E : 99;
	D98F : BA;
	D990 : 34;
	D991 : 0C;
	D992 : A3;
	D993 : 63;
	D994 : 0B;
	D995 : 9B;
	D996 : 9B;
	D997 : 87;
	D998 : 2A;
	D999 : E8;
	D99A : 23;
	D99B : 49;
	D99C : 91;
	D99D : AA;
	D99E : B0;
	D99F : 21;
	D9A0 : BC;
	D9A1 : 14;
	D9A2 : 61;
	D9A3 : A8;
	D9A4 : 88;
	D9A5 : A9;
	D9A6 : 33;
	D9A7 : 9F;
	D9A8 : A0;
	D9A9 : 44;
	D9AA : 0A;
	D9AB : 09;
	D9AC : 9B;
	D9AD : 95;
	D9AE : 29;
	D9AF : C9;
	D9B0 : 35;
	D9B1 : 2A;
	D9B2 : A8;
	D9B3 : 09;
	D9B4 : D8;
	D9B5 : 32;
	D9B6 : BC;
	D9B7 : 15;
	D9B8 : 32;
	D9B9 : AA;
	D9BA : 8A;
	D9BB : CB;
	D9BC : 16;
	D9BD : 8A;
	D9BE : 81;
	D9BF : 43;
	D9C0 : 0A;
	D9C1 : 90;
	D9C2 : AC;
	D9C3 : A1;
	D9C4 : 3C;
	D9C5 : C1;
	D9C6 : 46;
	D9C7 : 19;
	D9C8 : 88;
	D9C9 : 89;
	D9CA : AA;
	D9CB : 03;
	D9CC : 9A;
	D9CD : 83;
	D9CE : 61;
	D9CF : 08;
	D9D0 : 18;
	D9D1 : E9;
	D9D2 : A2;
	D9D3 : 0C;
	D9D4 : 02;
	D9D5 : 52;
	D9D6 : 88;
	D9D7 : 99;
	D9D8 : C9;
	D9D9 : 89;
	D9DA : 41;
	D9DB : 98;
	D9DC : 41;
	D9DD : 00;
	D9DE : 21;
	D9DF : CB;
	D9E0 : 7F;
	D9E1 : ED;
	D9E2 : 93;
	D9E3 : 19;
	D9E4 : 42;
	D9E5 : 32;
	D9E6 : 90;
	D9E7 : EB;
	D9E8 : 9A;
	D9E9 : 02;
	D9EA : 5C;
	D9EB : A2;
	D9EC : 24;
	D9ED : 11;
	D9EE : 09;
	D9EF : BC;
	D9F0 : AB;
	D9F1 : 31;
	D9F2 : C0;
	D9F3 : 53;
	D9F4 : 00;
	D9F5 : 89;
	D9F6 : CA;
	D9F7 : 21;
	D9F8 : 41;
	D9F9 : EC;
	D9FA : 83;
	D9FB : 22;
	D9FC : 19;
	D9FD : DB;
	D9FE : 81;
	D9FF : 02;
	DA00 : 3A;
	DA01 : 07;
	DA02 : 09;
	DA03 : 09;
	DA04 : 9B;
	DA05 : B3;
	DA06 : 4B;
	DA07 : D0;
	DA08 : 83;
	DA09 : 71;
	DA0A : 02;
	DA0B : 0E;
	DA0C : B0;
	DA0D : 38;
	DA0E : BA;
	DA0F : 80;
	DA10 : 51;
	DA11 : 92;
	DA12 : 21;
	DA13 : D8;
	DA14 : 71;
	DA15 : BD;
	DA16 : 80;
	DA17 : 21;
	DA18 : A8;
	DA19 : 12;
	DA1A : AA;
	DA1B : 16;
	DA1C : 2A;
	DA1D : D8;
	DA1E : 28;
	DA1F : 08;
	DA20 : 00;
	DA21 : 9C;
	DA22 : 85;
	DA23 : 39;
	DA24 : F8;
	DA25 : 21;
	DA26 : 18;
	DA27 : A0;
	DA28 : 89;
	DA29 : 93;
	DA2A : 58;
	DA2B : CF;
	DA2C : 83;
	DA2D : 01;
	DA2E : 80;
	DA2F : 08;
	DA30 : 0A;
	DA31 : 22;
	DA32 : 8E;
	DA33 : C0;
	DA34 : 22;
	DA35 : 9A;
	DA36 : 81;
	DA37 : 61;
	DA38 : 82;
	DA39 : 8B;
	DA3A : EA;
	DA3B : 14;
	DA3C : 2A;
	DA3D : AA;
	DA3E : 04;
	DA3F : 80;
	DA40 : 32;
	DA41 : 0F;
	DA42 : A1;
	DA43 : 21;
	DA44 : D9;
	DA45 : 03;
	DA46 : 3A;
	DA47 : 90;
	DA48 : 88;
	DA49 : F0;
	DA4A : 43;
	DA4B : 8C;
	DA4C : A8;
	DA4D : 21;
	DA4E : 91;
	DA4F : 21;
	DA50 : CE;
	DA51 : 92;
	DA52 : 39;
	DA53 : 92;
	DA54 : 24;
	DA55 : 9B;
	DA56 : A0;
	DA57 : 2D;
	DA58 : B2;
	DA59 : 71;
	DA5A : CB;
	DA5B : 02;
	DA5C : 50;
	DA5D : 80;
	DA5E : 00;
	DA5F : EA;
	DA60 : 7F;
	DA61 : 12;
	DA62 : 0A;
	DA63 : A2;
	DA64 : 41;
	DA65 : AB;
	DA66 : 32;
	DA67 : 2D;
	DA68 : B4;
	DA69 : 2A;
	DA6A : F9;
	DA6B : 21;
	DA6C : 39;
	DA6D : 91;
	DA6E : 8A;
	DA6F : D0;
	DA70 : 51;
	DA71 : 9B;
	DA72 : 13;
	DA73 : 00;
	DA74 : E9;
	DA75 : 21;
	DA76 : 9B;
	DA77 : 15;
	DA78 : 0C;
	DA79 : A2;
	DA7A : 42;
	DA7B : 0A;
	DA7C : 88;
	DA7D : AE;
	DA7E : A3;
	DA7F : 50;
	DA80 : BA;
	DA81 : 23;
	DA82 : 39;
	DA83 : A0;
	DA84 : 18;
	DA85 : F8;
	DA86 : 30;
	DA87 : CD;
	DA88 : 02;
	DA89 : 32;
	DA8A : 98;
	DA8B : 98;
	DA8C : 9D;
	DA8D : 15;
	DA8E : 2A;
	DA8F : D8;
	DA90 : 01;
	DA91 : 28;
	DA92 : 98;
	DA93 : 19;
	DA94 : 93;
	DA95 : 50;
	DA96 : CC;
	DA97 : 02;
	DA98 : 42;
	DA99 : AB;
	DA9A : D0;
	DA9B : 00;
	DA9C : 31;
	DA9D : 09;
	DA9E : CA;
	DA9F : 37;
	DAA0 : 19;
	DAA1 : AA;
	DAA2 : 09;
	DAA3 : 91;
	DAA4 : 32;
	DAA5 : CD;
	DAA6 : 06;
	DAA7 : 50;
	DAA8 : AB;
	DAA9 : 81;
	DAAA : 80;
	DAAB : 01;
	DAAC : 9D;
	DAAD : B2;
	DAAE : 53;
	DAAF : 0B;
	DAB0 : 91;
	DAB1 : 09;
	DAB2 : 90;
	DAB3 : 48;
	DAB4 : EC;
	DAB5 : 14;
	DAB6 : 18;
	DAB7 : C8;
	DAB8 : 20;
	DAB9 : 80;
	DABA : 31;
	DABB : 9F;
	DABC : B3;
	DABD : 32;
	DABE : BD;
	DABF : 01;
	DAC0 : 09;
	DAC1 : 83;
	DAC2 : 48;
	DAC3 : E9;
	DAC4 : 33;
	DAC5 : 0B;
	DAC6 : A0;
	DAC7 : 98;
	DAC8 : C1;
	DAC9 : 71;
	DACA : AD;
	DACB : 03;
	DACC : 30;
	DACD : A9;
	DACE : 08;
	DACF : AD;
	DAD0 : 14;
	DAD1 : 0B;
	DAD2 : D1;
	DAD3 : 23;
	DAD4 : 09;
	DAD5 : 01;
	DAD6 : 9C;
	DAD7 : A3;
	DAD8 : 68;
	DAD9 : DC;
	DADA : 12;
	DADB : 22;
	DADC : 98;
	DADD : 9A;
	DADE : 98;
	DADF : 46;
	DAE0 : 7F;
	DAE1 : 8C;
	DAE2 : A0;
	DAE3 : 22;
	DAE4 : 89;
	DAE5 : 18;
	DAE6 : 9B;
	DAE7 : 97;
	DAE8 : 39;
	DAE9 : DA;
	DAEA : 23;
	DAEB : 20;
	DAEC : 99;
	DAED : DA;
	DAEE : 92;
	DAEF : 72;
	DAF0 : AC;
	DAF1 : 92;
	DAF2 : 22;
	DAF3 : 08;
	DAF4 : 9A;
	DAF5 : AA;
	DAF6 : 04;
	DAF7 : 0B;
	DAF8 : D8;
	DAF9 : 35;
	DAFA : 20;
	DAFB : 9A;
	DAFC : 98;
	DAFD : 83;
	DAFE : 60;
	DAFF : FB;
	DB00 : 92;
	DB01 : 34;
	DB02 : 08;
	DB03 : A8;
	DB04 : 80;
	DB05 : 04;
	DB06 : 1E;
	DB07 : A8;
	DB08 : 12;
	DB09 : 09;
	DB0A : 90;
	DB0B : 21;
	DB0C : 81;
	DB0D : 69;
	DB0E : EB;
	DB0F : 03;
	DB10 : 60;
	DB11 : 8A;
	DB12 : A8;
	DB13 : 88;
	DB14 : 34;
	DB15 : 0C;
	DB16 : C1;
	DB17 : 23;
	DB18 : 0A;
	DB19 : 91;
	DB1A : 28;
	DB1B : E9;
	DB1C : 09;
	DB1D : BA;
	DB1E : 47;
	DB1F : 28;
	DB20 : A8;
	DB21 : 00;
	DB22 : 8A;
	DB23 : 42;
	DB24 : CD;
	DB25 : B1;
	DB26 : 41;
	DB27 : 18;
	DB28 : 82;
	DB29 : 09;
	DB2A : B0;
	DB2B : 19;
	DB2C : F8;
	DB2D : 31;
	DB2E : AB;
	DB2F : 83;
	DB30 : 71;
	DB31 : B9;
	DB32 : 12;
	DB33 : AE;
	DB34 : 82;
	DB35 : 21;
	DB36 : 00;
	DB37 : 90;
	DB38 : AF;
	DB39 : 82;
	DB3A : 28;
	DB3B : B8;
	DB3C : 21;
	DB3D : 82;
	DB3E : 44;
	DB3F : 3D;
	DB40 : DA;
	DB41 : 80;
	DB42 : 88;
	DB43 : 13;
	DB44 : 91;
	DB45 : 45;
	DB46 : 28;
	DB47 : EA;
	DB48 : 01;
	DB49 : 2C;
	DB4A : B8;
	DB4B : 00;
	DB4C : 26;
	DB4D : 22;
	DB4E : 8D;
	DB4F : 98;
	DB50 : 80;
	DB51 : 81;
	DB52 : 8A;
	DB53 : A8;
	DB54 : 64;
	DB55 : 19;
	DB56 : BA;
	DB57 : 01;
	DB58 : 08;
	DB59 : 0B;
	DB5A : E0;
	DB5B : 64;
	DB5C : 09;
	DB5D : BA;
	DB5E : 90;
	DB5F : 12;
	DB60 : 7F;
	DB61 : 80;
	DB62 : 9B;
	DB63 : 97;
	DB64 : 51;
	DB65 : 89;
	DB66 : BA;
	DB67 : B8;
	DB68 : 12;
	DB69 : 2C;
	DB6A : C1;
	DB6B : 64;
	DB6C : 19;
	DB6D : AA;
	DB6E : 90;
	DB6F : 18;
	DB70 : 8A;
	DB71 : E9;
	DB72 : 27;
	DB73 : 20;
	DB74 : A8;
	DB75 : 8A;
	DB76 : 91;
	DB77 : 10;
	DB78 : 8D;
	DB79 : A2;
	DB7A : 44;
	DB7B : 08;
	DB7C : AB;
	DB7D : B0;
	DB7E : 32;
	DB7F : 2A;
	DB80 : FB;
	DB81 : 54;
	DB82 : 19;
	DB83 : 9A;
	DB84 : A0;
	DB85 : 00;
	DB86 : 02;
	DB87 : AF;
	DB88 : 03;
	DB89 : 43;
	DB8A : 0A;
	DB8B : BE;
	DB8C : 90;
	DB8D : 03;
	DB8E : 1B;
	DB8F : D8;
	DB90 : 35;
	DB91 : 30;
	DB92 : AC;
	DB93 : A0;
	DB94 : 18;
	DB95 : 00;
	DB96 : CB;
	DB97 : 15;
	DB98 : 33;
	DB99 : 0A;
	DB9A : CA;
	DB9B : 89;
	DB9C : 11;
	DB9D : 4B;
	DB9E : D8;
	DB9F : 15;
	DBA0 : 31;
	DBA1 : AD;
	DBA2 : 90;
	DBA3 : 81;
	DBA4 : 10;
	DBA5 : AB;
	DBA6 : 13;
	DBA7 : 73;
	DBA8 : 8C;
	DBA9 : 98;
	DBAA : 0A;
	DBAB : A1;
	DBAC : 31;
	DBAD : BF;
	DBAE : 16;
	DBAF : 30;
	DBB0 : AB;
	DBB1 : A9;
	DBB2 : 90;
	DBB3 : 22;
	DBB4 : AB;
	DBB5 : 06;
	DBB6 : 71;
	DBB7 : 9A;
	DBB8 : 88;
	DBB9 : 8C;
	DBBA : 02;
	DBBB : 08;
	DBBC : C9;
	DBBD : 44;
	DBBE : 20;
	DBBF : 8A;
	DBC0 : CB;
	DBC1 : B4;
	DBC2 : 40;
	DBC3 : 8E;
	DBC4 : 82;
	DBC5 : 22;
	DBC6 : 90;
	DBC7 : 9A;
	DBC8 : A9;
	DBC9 : 24;
	DBCA : 8B;
	DBCB : D0;
	DBCC : 44;
	DBCD : 18;
	DBCE : 9B;
	DBCF : BC;
	DBD0 : 85;
	DBD1 : 40;
	DBD2 : AC;
	DBD3 : 92;
	DBD4 : 42;
	DBD5 : 08;
	DBD6 : BB;
	DBD7 : E0;
	DBD8 : 31;
	DBD9 : 8B;
	DBDA : 91;
	DBDB : 63;
	DBDC : 99;
	DBDD : 1A;
	DBDE : BD;
	DBDF : 04;
	DBE0 : 7F;
	DBE1 : 29;
	DBE2 : C9;
	DBE3 : 83;
	DBE4 : 43;
	DBE5 : 18;
	DBE6 : CD;
	DBE7 : A0;
	DBE8 : 41;
	DBE9 : A9;
	DBEA : 88;
	DBEB : 22;
	DBEC : 30;
	DBED : 1A;
	DBEE : F9;
	DBEF : 13;
	DBF0 : 0D;
	DBF1 : 90;
	DBF2 : 83;
	DBF3 : 23;
	DBF4 : 2A;
	DBF5 : AF;
	DBF6 : D2;
	DBF7 : 31;
	DBF8 : B9;
	DBF9 : A1;
	DBFA : 32;
	DBFB : 32;
	DBFC : 8E;
	DBFD : E9;
	DBFE : 22;
	DBFF : 8B;
	DC00 : 18;
	DC01 : 12;
	DC02 : 05;
	DC03 : 00;
	DC04 : BF;
	DC05 : 80;
	DC06 : 18;
	DC07 : A0;
	DC08 : 00;
	DC09 : 12;
	DC0A : 71;
	DC0B : 9B;
	DC0C : E0;
	DC0D : 21;
	DC0E : 9B;
	DC0F : 09;
	DC10 : 04;
	DC11 : 14;
	DC12 : 28;
	DC13 : EB;
	DC14 : 02;
	DC15 : 18;
	DC16 : A2;
	DC17 : 99;
	DC18 : 91;
	DC19 : 62;
	DC1A : 2D;
	DC1B : B1;
	DC1C : 01;
	DC1D : CA;
	DC1E : 12;
	DC1F : 20;
	DC20 : 35;
	DC21 : 8B;
	DC22 : FA;
	DC23 : 33;
	DC24 : 8A;
	DC25 : 90;
	DC26 : 90;
	DC27 : 85;
	DC28 : 52;
	DC29 : 8D;
	DC2A : A8;
	DC2B : 88;
	DC2C : 91;
	DC2D : 30;
	DC2E : 18;
	DC2F : 23;
	DC30 : 18;
	DC31 : F8;
	DC32 : 18;
	DC33 : 9F;
	DC34 : A3;
	DC35 : 01;
	DC36 : 03;
	DC37 : 60;
	DC38 : 9C;
	DC39 : A0;
	DC3A : 80;
	DC3B : 82;
	DC3C : 4B;
	DC3D : C9;
	DC3E : 37;
	DC3F : 10;
	DC40 : AA;
	DC41 : 8B;
	DC42 : 89;
	DC43 : 36;
	DC44 : 09;
	DC45 : 91;
	DC46 : 20;
	DC47 : 8B;
	DC48 : 88;
	DC49 : E8;
	DC4A : 83;
	DC4B : 3B;
	DC4C : AA;
	DC4D : 76;
	DC4E : 00;
	DC4F : CA;
	DC50 : 89;
	DC51 : 01;
	DC52 : 33;
	DC53 : BD;
	DC54 : 83;
	DC55 : 60;
	DC56 : 0A;
	DC57 : AA;
	DC58 : B9;
	DC59 : 26;
	DC5A : 29;
	DC5B : B8;
	DC5C : 33;
	DC5D : 30;
	DC5E : CB;
	DC5F : BB;
	DC60 : 7F;
	DC61 : 84;
	DC62 : 31;
	DC63 : CD;
	DC64 : 06;
	DC65 : 48;
	DC66 : 9A;
	DC67 : A9;
	DC68 : 80;
	DC69 : 42;
	DC6A : 2C;
	DC6B : C8;
	DC6C : 24;
	DC6D : 21;
	DC6E : BB;
	DC6F : DB;
	DC70 : 85;
	DC71 : 31;
	DC72 : 9B;
	DC73 : 81;
	DC74 : 40;
	DC75 : 98;
	DC76 : AB;
	DC77 : C1;
	DC78 : 41;
	DC79 : 1B;
	DC7A : C2;
	DC7B : 53;
	DC7C : 09;
	DC7D : 8F;
	DC7E : AA;
	DC7F : 15;
	DC80 : 11;
	DC81 : AB;
	DC82 : 91;
	DC83 : 51;
	DC84 : 11;
	DC85 : BF;
	DC86 : A1;
	DC87 : 22;
	DC88 : 89;
	DC89 : 90;
	DC8A : 22;
	DC8B : 81;
	DC8C : 8E;
	DC8D : BA;
	DC8E : 52;
	DC8F : 00;
	DC90 : B9;
	DC91 : 83;
	DC92 : 42;
	DC93 : 40;
	DC94 : FD;
	DC95 : 91;
	DC96 : 32;
	DC97 : 89;
	DC98 : A8;
	DC99 : 12;
	DC9A : 24;
	DC9B : 8D;
	DC9C : D8;
	DC9D : 12;
	DC9E : 09;
	DC9F : 80;
	DCA0 : 81;
	DCA1 : 12;
	DCA2 : 41;
	DCA3 : FD;
	DCA4 : 81;
	DCA5 : 22;
	DCA6 : 89;
	DCA7 : B9;
	DCA8 : 03;
	DCA9 : 44;
	DCAA : 8E;
	DCAB : B8;
	DCAC : 32;
	DCAD : 1A;
	DCAE : 98;
	DCAF : 81;
	DCB0 : 11;
	DCB1 : 50;
	DCB2 : EC;
	DCB3 : 82;
	DCB4 : 31;
	DCB5 : 0B;
	DCB6 : 89;
	DCB7 : 91;
	DCB8 : 55;
	DCB9 : 0D;
	DCBA : C8;
	DCBB : 22;
	DCBC : 19;
	DCBD : 89;
	DCBE : 08;
	DCBF : 13;
	DCC0 : 20;
	DCC1 : CF;
	DCC2 : 92;
	DCC3 : 20;
	DCC4 : A8;
	DCC5 : 80;
	DCC6 : 88;
	DCC7 : 54;
	DCC8 : 2B;
	DCC9 : FA;
	DCCA : 13;
	DCCB : 18;
	DCCC : 99;
	DCCD : 0B;
	DCCE : 03;
	DCCF : 62;
	DCD0 : AD;
	DCD1 : 91;
	DCD2 : 28;
	DCD3 : 88;
	DCD4 : 82;
	DCD5 : A9;
	DCD6 : 25;
	DCD7 : 2C;
	DCD8 : F8;
	DCD9 : 12;
	DCDA : 28;
	DCDB : 99;
	DCDC : 9B;
	DCDD : 05;
	DCDE : 51;
	DCDF : AD;
	DCE0 : 7F;
	DCE1 : A0;
	DCE2 : 13;
	DCE3 : 18;
	DCE4 : 08;
	DCE5 : AB;
	DCE6 : 05;
	DCE7 : 39;
	DCE8 : BC;
	DCE9 : 91;
	DCEA : 22;
	DCEB : 90;
	DCEC : 9A;
	DCED : A7;
	DCEE : 51;
	DCEF : 9C;
	DCF0 : C9;
	DCF1 : 24;
	DCF2 : 18;
	DCF3 : AA;
	DCF4 : A8;
	DCF5 : 44;
	DCF6 : 20;
	DCF7 : AC;
	DCF8 : B8;
	DCF9 : 33;
	DCFA : 09;
	DCFB : 1A;
	DCFC : E8;
	DCFD : 25;
	DCFE : 19;
	DCFF : DA;
	DD00 : 24;
	DD01 : 18;
	DD02 : BA;
	DD03 : 98;
	DD04 : 44;
	DD05 : 00;
	DD06 : BE;
	DD07 : A1;
	DD08 : 52;
	DD09 : 89;
	DD0A : 98;
	DD0B : A8;
	DD0C : 14;
	DD0D : 30;
	DD0E : EB;
	DD0F : 82;
	DD10 : 48;
	DD11 : 88;
	DD12 : 98;
	DD13 : 81;
	DD14 : 43;
	DD15 : AE;
	DD16 : B0;
	DD17 : 52;
	DD18 : 9B;
	DD19 : A1;
	DD1A : 18;
	DD1B : 14;
	DD1C : 40;
	DD1D : EB;
	DD1E : 01;
	DD1F : 41;
	DD20 : AA;
	DD21 : 99;
	DD22 : 81;
	DD23 : 72;
	DD24 : 8B;
	DD25 : B9;
	DD26 : 52;
	DD27 : 8A;
	DD28 : B0;
	DD29 : 18;
	DD2A : 83;
	DD2B : 48;
	DD2C : AC;
	DD2D : 95;
	DD2E : 38;
	DD2F : AA;
	DD30 : 99;
	DD31 : C1;
	DD32 : 64;
	DD33 : 0B;
	DD34 : CA;
	DD35 : 35;
	DD36 : 19;
	DD37 : B8;
	DD38 : 80;
	DD39 : 82;
	DD3A : 38;
	DD3B : 9B;
	DD3C : A2;
	DD3D : 50;
	DD3E : A9;
	DD3F : 10;
	DD40 : C9;
	DD41 : 36;
	DD42 : 2B;
	DD43 : E9;
	DD44 : 24;
	DD45 : 1A;
	DD46 : C9;
	DD47 : 81;
	DD48 : 22;
	DD49 : 20;
	DD4A : A9;
	DD4B : 81;
	DD4C : 1A;
	DD4D : BC;
	DD4E : C9;
	DD4F : 94;
	DD50 : 22;
	DD51 : 50;
	DD52 : 1A;
	DD53 : 01;
	DD54 : 20;
	DD55 : FD;
	DD56 : A9;
	DD57 : 31;
	DD58 : 02;
	DD59 : 04;
	DD5A : 10;
	DD5B : 08;
	DD5C : 9F;
	DD5D : 99;
	DD5E : 11;
	DD5F : 9A;
	DD60 : 7F;
	DD61 : 92;
	DD62 : 62;
	DD63 : 19;
	DD64 : 08;
	DD65 : CB;
	DD66 : E0;
	DD67 : 51;
	DD68 : 88;
	DD69 : 00;
	DD6A : 89;
	DD6B : 91;
	DD6C : 48;
	DD6D : CD;
	DD6E : 13;
	DD6F : 0A;
	DD70 : 84;
	DD71 : 35;
	DD72 : 8E;
	DD73 : 98;
	DD74 : 89;
	DD75 : 92;
	DD76 : 40;
	DD77 : 89;
	DD78 : 01;
	DD79 : 58;
	DD7A : 92;
	DD7B : 8A;
	DD7C : FD;
	DD7D : 03;
	DD7E : 19;
	DD7F : 10;
	DD80 : 13;
	DD81 : 9B;
	DD82 : 92;
	DD83 : 8E;
	DD84 : 80;
	DD85 : 1A;
	DD86 : D0;
	DD87 : 34;
	DD88 : 58;
	DD89 : 9A;
	DD8A : 08;
	DD8B : D8;
	DD8C : 14;
	DD8D : 1B;
	DD8E : A9;
	DD8F : 34;
	DD90 : 18;
	DD91 : 88;
	DD92 : CD;
	DD93 : 92;
	DD94 : 48;
	DD95 : A0;
	DD96 : 05;
	DD97 : 29;
	DD98 : 9A;
	DD99 : 8B;
	DD9A : C0;
	DD9B : 33;
	DD9C : AB;
	DD9D : 21;
	DD9E : 74;
	DD9F : 18;
	DDA0 : BB;
	DDA1 : EA;
	DDA2 : 13;
	DDA3 : 39;
	DDA4 : B1;
	DDA5 : 93;
	DDA6 : 63;
	DDA7 : 2A;
	DDA8 : CF;
	DDA9 : A1;
	DDAA : 11;
	DDAB : 98;
	DDAC : 28;
	DDAD : 11;
	DDAE : 35;
	DDAF : 8A;
	DDB0 : F9;
	DDB1 : 10;
	DDB2 : 0C;
	DDB3 : 82;
	DDB4 : 01;
	DDB5 : 24;
	DDB6 : 39;
	DDB7 : EE;
	DDB8 : 82;
	DDB9 : 11;
	DDBA : A8;
	DDBB : 09;
	DDBC : 82;
	DDBD : 43;
	DDBE : 1D;
	DDBF : C9;
	DDC0 : 00;
	DDC1 : 19;
	DDC2 : 13;
	DDC3 : 0A;
	DDC4 : 04;
	DDC5 : 48;
	DDC6 : BF;
	DDC7 : 91;
	DDC8 : 08;
	DDC9 : 90;
	DDCA : 21;
	DDCB : 93;
	DDCC : 64;
	DDCD : 8B;
	DDCE : E9;
	DDCF : 00;
	DDD0 : 18;
	DDD1 : 10;
	DDD2 : 99;
	DDD3 : 85;
	DDD4 : 51;
	DDD5 : 9C;
	DDD6 : 9A;
	DDD7 : 80;
	DDD8 : 04;
	DDD9 : 18;
	DDDA : A8;
	DDDB : 34;
	DDDC : 19;
	DDDD : CA;
	DDDE : A9;
	DDDF : 01;
	DDE0 : 7F;
	DDE1 : 41;
	DDE2 : AA;
	DDE3 : 16;
	DDE4 : 41;
	DDE5 : 9D;
	DDE6 : B9;
	DDE7 : 80;
	DDE8 : 34;
	DDE9 : 1B;
	DDEA : B8;
	DDEB : 45;
	DDEC : 21;
	DDED : CB;
	DDEE : E9;
	DDEF : 02;
	DDF0 : 32;
	DDF1 : 8C;
	DDF2 : 81;
	DDF3 : 23;
	DDF4 : 29;
	DDF5 : DD;
	DDF6 : A8;
	DDF7 : 23;
	DDF8 : 19;
	DDF9 : 91;
	DDFA : 32;
	DDFB : 21;
	DDFC : 9E;
	DDFD : EA;
	DDFE : 84;
	DDFF : 21;
	DE00 : AB;
	DE01 : 82;
	DE02 : 35;
	DE03 : 28;
	DE04 : CE;
	DE05 : B0;
	DE06 : 33;
	DE07 : 10;
	DE08 : AB;
	DE09 : 03;
	DE0A : 03;
	DE0B : 29;
	DE0C : FD;
	DE0D : 91;
	DE0E : 31;
	DE0F : 09;
	DE10 : 01;
	DE11 : 20;
	DE12 : 13;
	DE13 : DF;
	DE14 : B8;
	DE15 : 33;
	DE16 : 29;
	DE17 : B9;
	DE18 : 13;
	DE19 : 37;
	DE1A : 1B;
	DE1B : EB;
	DE1C : 82;
	DE1D : 21;
	DE1E : 08;
	DE1F : 92;
	DE20 : 88;
	DE21 : 51;
	DE22 : 9D;
	DE23 : B8;
	DE24 : 12;
	DE25 : 29;
	DE26 : 89;
	DE27 : 02;
	DE28 : 37;
	DE29 : 4C;
	DE2A : CA;
	DE2B : 82;
	DE2C : 22;
	DE2D : 8A;
	DE2E : 80;
	DE2F : 01;
	DE30 : 52;
	DE31 : BD;
	DE32 : A8;
	DE33 : 08;
	DE34 : 21;
	DE35 : 01;
	DE36 : 88;
	DE37 : 37;
	DE38 : 2D;
	DE39 : C9;
	DE3A : 81;
	DE3B : 21;
	DE3C : 1B;
	DE3D : A8;
	DE3E : 36;
	DE3F : 30;
	DE40 : EA;
	DE41 : 01;
	DE42 : 8B;
	DE43 : A2;
	DE44 : 22;
	DE45 : 31;
	DE46 : 82;
	DE47 : 8F;
	DE48 : B1;
	DE49 : 41;
	DE4A : A9;
	DE4B : B9;
	DE4C : C8;
	DE4D : 56;
	DE4E : 48;
	DE4F : CA;
	DE50 : 82;
	DE51 : 10;
	DE52 : A8;
	DE53 : 11;
	DE54 : 98;
	DE55 : 11;
	DE56 : 2E;
	DE57 : A3;
	DE58 : 68;
	DE59 : CA;
	DE5A : 92;
	DE5B : 38;
	DE5C : 04;
	DE5D : 28;
	DE5E : FC;
	DE5F : 03;
	DE60 : 7F;
	DE61 : 38;
	DE62 : AA;
	DE63 : 98;
	DE64 : 91;
	DE65 : 72;
	DE66 : 0B;
	DE67 : B8;
	DE68 : 41;
	DE69 : AB;
	DE6A : 82;
	DE6B : 3A;
	DE6C : A4;
	DE6D : 30;
	DE6E : DC;
	DE6F : 06;
	DE70 : 28;
	DE71 : BC;
	DE72 : 88;
	DE73 : 02;
	DE74 : 36;
	DE75 : 0C;
	DE76 : C8;
	DE77 : 14;
	DE78 : 29;
	DE79 : B9;
	DE7A : 19;
	DE7B : 91;
	DE7C : 51;
	DE7D : AB;
	DE7E : 92;
	DE7F : 50;
	DE80 : 8B;
	DE81 : 90;
	DE82 : 88;
	DE83 : 27;
	DE84 : 1A;
	DE85 : CB;
	DE86 : 07;
	DE87 : 20;
	DE88 : BB;
	DE89 : 90;
	DE8A : 04;
	DE8B : 31;
	DE8C : AD;
	DE8D : A0;
	DE8E : 43;
	DE8F : 8B;
	DE90 : B0;
	DE91 : 98;
	DE92 : 04;
	DE93 : 40;
	DE94 : CC;
	DE95 : 84;
	DE96 : 42;
	DE97 : AC;
	DE98 : B9;
	DE99 : 03;
	DE9A : 32;
	DE9B : 8B;
	DE9C : F9;
	DE9D : 35;
	DE9E : 19;
	DE9F : AA;
	DEA0 : 88;
	DEA1 : 00;
	DEA2 : 23;
	DEA3 : 0F;
	DEA4 : A1;
	DEA5 : 51;
	DEA6 : 8A;
	DEA7 : AA;
	DEA8 : 12;
	DEA9 : 22;
	DEAA : 1B;
	DEAB : FC;
	DEAC : 15;
	DEAD : 38;
	DEAE : BB;
	DEAF : 88;
	DEB0 : 02;
	DEB1 : 25;
	DEB2 : 1C;
	DEB3 : B9;
	DEB4 : 24;
	DEB5 : 29;
	DEB6 : CA;
	DEB7 : 90;
	DEB8 : 12;
	DEB9 : 40;
	DEBA : 9C;
	DEBB : 95;
	DEBC : 32;
	DEBD : DB;
	DEBE : 98;
	DEBF : 81;
	DEC0 : 41;
	DEC1 : 09;
	DEC2 : D9;
	DEC3 : 37;
	DEC4 : 18;
	DEC5 : AA;
	DEC6 : B9;
	DEC7 : 13;
	DEC8 : 40;
	DEC9 : 9C;
	DECA : 92;
	DECB : 34;
	DECC : 0A;
	DECD : AA;
	DECE : B8;
	DECF : 33;
	DED0 : 1A;
	DED1 : BC;
	DED2 : 27;
	DED3 : 38;
	DED4 : AA;
	DED5 : CA;
	DED6 : 24;
	DED7 : 41;
	DED8 : CB;
	DED9 : 91;
	DEDA : 51;
	DEDB : 88;
	DEDC : BB;
	DEDD : B0;
	DEDE : 54;
	DEDF : 18;
	DEE0 : 7F;
	DEE1 : 89;
	DEE2 : 08;
	DEE3 : 81;
	DEE4 : 09;
	DEE5 : FC;
	DEE6 : 80;
	DEE7 : 41;
	DEE8 : 81;
	DEE9 : 02;
	DEEA : 01;
	DEEB : 8A;
	DEEC : AF;
	DEED : B0;
	DEEE : 02;
	DEEF : 88;
	DEF0 : 22;
	DEF1 : 60;
	DEF2 : 08;
	DEF3 : 80;
	DEF4 : BD;
	DEF5 : A9;
	DEF6 : 22;
	DEF7 : 82;
	DEF8 : 82;
	DEF9 : 88;
	DEFA : 41;
	DEFB : 5C;
	DEFC : C8;
	DEFD : 80;
	DEFE : 20;
	DEFF : 03;
	DF00 : 3A;
	DF01 : FA;
	DF02 : A2;
	DF03 : 23;
	DF04 : 2E;
	DF05 : C0;
	DF06 : 34;
	DF07 : 58;
	DF08 : BA;
	DF09 : 98;
	DF0A : 99;
	DF0B : 11;
	DF0C : 09;
	DF0D : 23;
	DF0E : 45;
	DF0F : 12;
	DF10 : 8B;
	DF11 : FD;
	DF12 : 01;
	DF13 : 1B;
	DF14 : B8;
	DF15 : 37;
	DF16 : 30;
	DF17 : 99;
	DF18 : 9A;
	DF19 : 82;
	DF1A : 30;
	DF1B : DE;
	DF1C : 91;
	DF1D : 34;
	DF1E : 08;
	DF1F : 88;
	DF20 : AC;
	DF21 : 06;
	DF22 : 29;
	DF23 : BD;
	DF24 : 01;
	DF25 : 32;
	DF26 : A8;
	DF27 : 8C;
	DF28 : A2;
	DF29 : 53;
	DF2A : AD;
	DF2B : 88;
	DF2C : 42;
	DF2D : 0A;
	DF2E : A9;
	DF2F : AA;
	DF30 : 24;
	DF31 : 39;
	DF32 : CA;
	DF33 : 97;
	DF34 : 22;
	DF35 : 0B;
	DF36 : BE;
	DF37 : 91;
	DF38 : 34;
	DF39 : 9B;
	DF3A : A8;
	DF3B : 43;
	DF3C : 48;
	DF3D : A9;
	DF3E : BB;
	DF3F : 03;
	DF40 : 48;
	DF41 : 9A;
	DF42 : C1;
	DF43 : 43;
	DF44 : 48;
	DF45 : BF;
	DF46 : 80;
	DF47 : 12;
	DF48 : 89;
	DF49 : AB;
	DF4A : 14;
	DF4B : 61;
	DF4C : AC;
	DF4D : B1;
	DF4E : 12;
	DF4F : 28;
	DF50 : 09;
	DF51 : D9;
	DF52 : 35;
	DF53 : 28;
	DF54 : CC;
	DF55 : 90;
	DF56 : 03;
	DF57 : 21;
	DF58 : 2D;
	DF59 : C1;
	DF5A : 35;
	DF5B : 0B;
	DF5C : D8;
	DF5D : 00;
	DF5E : 08;
	DF5F : 21;
	DF60 : 7F;
	DF61 : 9B;
	DF62 : 26;
	DF63 : 20;
	DF64 : BD;
	DF65 : 90;
	DF66 : 01;
	DF67 : 12;
	DF68 : 0B;
	DF69 : F8;
	DF6A : 34;
	DF6B : 3A;
	DF6C : DA;
	DF6D : 81;
	DF6E : 02;
	DF6F : 21;
	DF70 : 8C;
	DF71 : C1;
	DF72 : 31;
	DF73 : 8C;
	DF74 : 98;
	DF75 : 00;
	DF76 : 84;
	DF77 : 40;
	DF78 : 9D;
	DF79 : 02;
	DF7A : 30;
	DF7B : EB;
	DF7C : A0;
	DF7D : 31;
	DF7E : 32;
	DF7F : 88;
	DF80 : D8;
	DF81 : 35;
	DF82 : 09;
	DF83 : EB;
	DF84 : 91;
	DF85 : 12;
	DF86 : 30;
	DF87 : 19;
	DF88 : B0;
	DF89 : 44;
	DF8A : 1D;
	DF8B : C9;
	DF8C : 12;
	DF8D : 80;
	DF8E : 80;
	DF8F : 10;
	DF90 : B3;
	DF91 : 52;
	DF92 : 9F;
	DF93 : C0;
	DF94 : 32;
	DF95 : 0A;
	DF96 : 08;
	DF97 : 8B;
	DF98 : 04;
	DF99 : 38;
	DF9A : FB;
	DF9B : 04;
	DF9C : 10;
	DF9D : 10;
	DF9E : 08;
	DF9F : CC;
	DFA0 : 12;
	DFA1 : 0C;
	DFA2 : C8;
	DFA3 : 43;
	DFA4 : 09;
	DFA5 : 93;
	DFA6 : 28;
	DFA7 : C0;
	DFA8 : 1A;
	DFA9 : CE;
	DFAA : A2;
	DFAB : 34;
	DFAC : 89;
	DFAD : 12;
	DFAE : 09;
	DFAF : 83;
	DFB0 : 0D;
	DFB1 : E9;
	DFB2 : 82;
	DFB3 : 18;
	DFB4 : A0;
	DFB5 : 71;
	DFB6 : 89;
	DFB7 : 80;
	DFB8 : 09;
	DFB9 : AA;
	DFBA : 26;
	DFBB : 9B;
	DFBC : A2;
	DFBD : 62;
	DFBE : 8A;
	DFBF : B0;
	DFC0 : 08;
	DFC1 : 02;
	DFC2 : 48;
	DFC3 : CC;
	DFC4 : 14;
	DFC5 : 21;
	DFC6 : BF;
	DFC7 : 80;
	DFC8 : 18;
	DFC9 : 93;
	DFCA : 10;
	DFCB : BA;
	DFCC : 55;
	DFCD : 1B;
	DFCE : F9;
	DFCF : 11;
	DFD0 : 09;
	DFD1 : 10;
	DFD2 : 09;
	DFD3 : A4;
	DFD4 : 43;
	DFD5 : AF;
	DFD6 : 91;
	DFD7 : 10;
	DFD8 : B9;
	DFD9 : 82;
	DFDA : 08;
	DFDB : 35;
	DFDC : 28;
	DFDD : FA;
	DFDE : 03;
	DFDF : 3A;
	DFE0 : 7F;
	DFE1 : AA;
	DFE2 : 90;
	DFE3 : A1;
	DFE4 : 75;
	DFE5 : 0B;
	DFE6 : C8;
	DFE7 : 23;
	DFE8 : 8A;
	DFE9 : 90;
	DFEA : 29;
	DFEB : B1;
	DFEC : 52;
	DFED : AD;
	DFEE : 82;
	DFEF : 38;
	DFF0 : BC;
	DFF1 : 03;
	DFF2 : 09;
	DFF3 : 44;
	DFF4 : 0B;
	DFF5 : F9;
	DFF6 : 13;
	DFF7 : 29;
	DFF8 : D9;
	DFF9 : 82;
	DFFA : 11;
	DFFB : 41;
	DFFC : 0C;
	DFFD : C0;
	DFFE : 11;
	DFFF : 8B;
	E000 : A0;
	E001 : 11;
	E002 : 24;
	E003 : 38;
	E004 : BB;
	E005 : 83;
	E006 : 78;
	E007 : EB;
	E008 : 91;
	E009 : 23;
	E00A : 22;
	E00B : 9D;
	E00C : 88;
	E00D : 26;
	E00E : 0A;
	E00F : CA;
	E010 : 00;
	E011 : 23;
	E012 : 09;
	E013 : C0;
	E014 : 30;
	E015 : 20;
	E016 : BF;
	E017 : A8;
	E018 : 35;
	E019 : 38;
	E01A : BD;
	E01B : 92;
	E01C : 31;
	E01D : 9A;
	E01E : BE;
	E01F : B2;
	E020 : 73;
	E021 : 2A;
	E022 : CA;
	E023 : 13;
	E024 : 89;
	E025 : B8;
	E026 : 0C;
	E027 : A3;
	E028 : 73;
	E029 : 8C;
	E02A : 81;
	E02B : 32;
	E02C : BC;
	E02D : A9;
	E02E : A9;
	E02F : 54;
	E030 : 29;
	E031 : CA;
	E032 : 26;
	E033 : 2A;
	E034 : AA;
	E035 : 08;
	E036 : A1;
	E037 : 26;
	E038 : 0B;
	E039 : D8;
	E03A : 36;
	E03B : 0A;
	E03C : A9;
	E03D : 00;
	E03E : 02;
	E03F : 31;
	E040 : BF;
	E041 : A2;
	E042 : 42;
	E043 : 9B;
	E044 : A0;
	E045 : 89;
	E046 : 24;
	E047 : 50;
	E048 : BC;
	E049 : 02;
	E04A : 38;
	E04B : E9;
	E04C : 01;
	E04D : 09;
	E04E : 13;
	E04F : 8A;
	E050 : A2;
	E051 : 73;
	E052 : 8E;
	E053 : B9;
	E054 : 03;
	E055 : 01;
	E056 : 28;
	E057 : BD;
	E058 : 84;
	E059 : 52;
	E05A : 9B;
	E05B : CA;
	E05C : 02;
	E05D : 23;
	E05E : 1B;
	E05F : DA;
	E060 : 7F;
	E061 : 23;
	E062 : 33;
	E063 : AC;
	E064 : AA;
	E065 : 00;
	E066 : 14;
	E067 : 29;
	E068 : DA;
	E069 : 13;
	E06A : 40;
	E06B : DA;
	E06C : 84;
	E06D : 18;
	E06E : 89;
	E06F : 90;
	E070 : 23;
	E071 : 9A;
	E072 : 8D;
	E073 : E9;
	E074 : 26;
	E075 : 29;
	E076 : 98;
	E077 : 88;
	E078 : 13;
	E079 : 88;
	E07A : 8F;
	E07B : E9;
	E07C : 14;
	E07D : 10;
	E07E : 88;
	E07F : 88;
	E080 : 20;
	E081 : 02;
	E082 : AF;
	E083 : B9;
	E084 : 22;
	E085 : 82;
	E086 : 22;
	E087 : 9A;
	E088 : A1;
	E089 : 63;
	E08A : 8F;
	E08B : C8;
	E08C : 20;
	E08D : 18;
	E08E : 80;
	E08F : 18;
	E090 : 90;
	E091 : 25;
	E092 : 8D;
	E093 : 80;
	E094 : 19;
	E095 : 80;
	E096 : 10;
	E097 : 9A;
	E098 : B0;
	E099 : 73;
	E09A : BC;
	E09B : 24;
	E09C : 18;
	E09D : AB;
	E09E : A1;
	E09F : 60;
	E0A0 : AA;
	E0A1 : A8;
	E0A2 : C2;
	E0A3 : 64;
	E0A4 : 09;
	E0A5 : 88;
	E0A6 : AA;
	E0A7 : 12;
	E0A8 : 21;
	E0A9 : BF;
	E0AA : E8;
	E0AB : 33;
	E0AC : 30;
	E0AD : AA;
	E0AE : B1;
	E0AF : 38;
	E0B0 : 00;
	E0B1 : 9D;
	E0B2 : D8;
	E0B3 : 13;
	E0B4 : 11;
	E0B5 : 19;
	E0B6 : B1;
	E0B7 : 48;
	E0B8 : A3;
	E0B9 : AB;
	E0BA : E8;
	E0BB : 48;
	E0BC : 99;
	E0BD : B0;
	E0BE : 47;
	E0BF : 1C;
	E0C0 : A0;
	E0C1 : 34;
	E0C2 : 80;
	E0C3 : AC;
	E0C4 : A8;
	E0C5 : 02;
	E0C6 : 52;
	E0C7 : BE;
	E0C8 : 80;
	E0C9 : 34;
	E0CA : 00;
	E0CB : 8B;
	E0CC : EA;
	E0CD : 14;
	E0CE : 48;
	E0CF : BB;
	E0D0 : 92;
	E0D1 : 33;
	E0D2 : 00;
	E0D3 : 2C;
	E0D4 : DA;
	E0D5 : 04;
	E0D6 : 20;
	E0D7 : AE;
	E0D8 : 02;
	E0D9 : 08;
	E0DA : 91;
	E0DB : 10;
	E0DC : 99;
	E0DD : 20;
	E0DE : 0A;
	E0DF : F0;
	E0E0 : 7F;
	E0E1 : 45;
	E0E2 : 8D;
	E0E3 : A9;
	E0E4 : 21;
	E0E5 : 22;
	E0E6 : 01;
	E0E7 : EC;
	E0E8 : 83;
	E0E9 : 51;
	E0EA : 9B;
	E0EB : A9;
	E0EC : 81;
	E0ED : 23;
	E0EE : 30;
	E0EF : FB;
	E0F0 : 04;
	E0F1 : 32;
	E0F2 : CA;
	E0F3 : A8;
	E0F4 : 00;
	E0F5 : 12;
	E0F6 : 1B;
	E0F7 : D0;
	E0F8 : 43;
	E0F9 : 29;
	E0FA : DA;
	E0FB : 01;
	E0FC : 18;
	E0FD : 00;
	E0FE : 8C;
	E0FF : B3;
	E100 : 44;
	E101 : 0B;
	E102 : C9;
	E103 : 23;
	E104 : 18;
	E105 : 91;
	E106 : BA;
	E107 : 34;
	E108 : 0D;
	E109 : E9;
	E10A : 84;
	E10B : 31;
	E10C : 89;
	E10D : 99;
	E10E : 02;
	E10F : 62;
	E110 : 9F;
	E111 : BA;
	E112 : 83;
	E113 : 34;
	E114 : 88;
	E115 : 0B;
	E116 : 84;
	E117 : 31;
	E118 : AE;
	E119 : AA;
	E11A : 89;
	E11B : 42;
	E11C : 01;
	E11D : 01;
	E11E : 11;
	E11F : 0E;
	E120 : B1;
	E121 : 51;
	E122 : CC;
	E123 : 80;
	E124 : 12;
	E125 : 01;
	E126 : 20;
	E127 : AE;
	E128 : B3;
	E129 : 71;
	E12A : A9;
	E12B : 98;
	E12C : 81;
	E12D : 23;
	E12E : 8B;
	E12F : EC;
	E130 : 04;
	E131 : 58;
	E132 : 98;
	E133 : 80;
	E134 : 88;
	E135 : 01;
	E136 : 09;
	E137 : FB;
	E138 : 84;
	E139 : 48;
	E13A : 80;
	E13B : 10;
	E13C : 99;
	E13D : 10;
	E13E : 8B;
	E13F : EA;
	E140 : 13;
	E141 : 1A;
	E142 : 93;
	E143 : 73;
	E144 : A9;
	E145 : 89;
	E146 : 89;
	E147 : C9;
	E148 : 12;
	E149 : 2D;
	E14A : A5;
	E14B : 23;
	E14C : 98;
	E14D : 80;
	E14E : 9D;
	E14F : B1;
	E150 : 22;
	E151 : 0C;
	E152 : 94;
	E153 : 30;
	E154 : C9;
	E155 : 12;
	E156 : 9C;
	E157 : 80;
	E158 : 03;
	E159 : 51;
	E15A : A9;
	E15B : 0D;
	E15C : B3;
	E15D : 3A;
	E15E : FB;
	E15F : 22;
	E160 : 7F;
	E161 : 61;
	E162 : 10;
	E163 : 99;
	E164 : DA;
	E165 : 04;
	E166 : 0B;
	E167 : CA;
	E168 : 02;
	E169 : 37;
	E16A : 40;
	E16B : AC;
	E16C : A1;
	E16D : 22;
	E16E : 9C;
	E16F : A8;
	E170 : 00;
	E171 : 16;
	E172 : 31;
	E173 : BD;
	E174 : 81;
	E175 : 20;
	E176 : A9;
	E177 : 99;
	E178 : 8A;
	E179 : 27;
	E17A : 58;
	E17B : C9;
	E17C : 03;
	E17D : 19;
	E17E : B9;
	E17F : 22;
	E180 : 8A;
	E181 : 04;
	E182 : 3C;
	E183 : D8;
	E184 : 32;
	E185 : AB;
	E186 : 80;
	E187 : 31;
	E188 : 03;
	E189 : 30;
	E18A : AF;
	E18B : E0;
	E18C : 22;
	E18D : BC;
	E18E : 92;
	E18F : 22;
	E190 : 42;
	E191 : 88;
	E192 : 9D;
	E193 : 98;
	E194 : 82;
	E195 : BB;
	E196 : 08;
	E197 : 42;
	E198 : 45;
	E199 : 80;
	E19A : 0A;
	E19B : B9;
	E19C : 9A;
	E19D : C8;
	E19E : 85;
	E19F : 10;
	E1A0 : 01;
	E1A1 : 12;
	E1A2 : 42;
	E1A3 : AF;
	E1A4 : B8;
	E1A5 : 18;
	E1A6 : 85;
	E1A7 : 0C;
	E1A8 : 91;
	E1A9 : 33;
	E1AA : 1A;
	E1AB : CE;
	E1AC : 93;
	E1AD : 22;
	E1AE : 10;
	E1AF : 8E;
	E1B0 : A1;
	E1B1 : 21;
	E1B2 : 89;
	E1B3 : DD;
	E1B4 : 92;
	E1B5 : 62;
	E1B6 : 01;
	E1B7 : AD;
	E1B8 : 82;
	E1B9 : 2B;
	E1BA : 99;
	E1BB : 8A;
	E1BC : B3;
	E1BD : 64;
	E1BE : 19;
	E1BF : B9;
	E1C0 : 35;
	E1C1 : 8C;
	E1C2 : A0;
	E1C3 : 8B;
	E1C4 : B6;
	E1C5 : 32;
	E1C6 : AC;
	E1C7 : 81;
	E1C8 : 71;
	E1C9 : 9C;
	E1CA : 92;
	E1CB : 19;
	E1CC : 80;
	E1CD : 38;
	E1CE : DA;
	E1CF : 13;
	E1D0 : 50;
	E1D1 : BC;
	E1D2 : 82;
	E1D3 : 18;
	E1D4 : 04;
	E1D5 : 1A;
	E1D6 : FA;
	E1D7 : 14;
	E1D8 : 19;
	E1D9 : 9A;
	E1DA : 81;
	E1DB : 01;
	E1DC : 26;
	E1DD : 0B;
	E1DE : D8;
	E1DF : 13;
	E1E0 : 7F;
	E1E1 : 8C;
	E1E2 : 00;
	E1E3 : 80;
	E1E4 : 02;
	E1E5 : 03;
	E1E6 : 2E;
	E1E7 : A1;
	E1E8 : 41;
	E1E9 : F9;
	E1EA : 08;
	E1EB : 00;
	E1EC : 32;
	E1ED : 9A;
	E1EE : B0;
	E1EF : 25;
	E1F0 : 59;
	E1F1 : CA;
	E1F2 : 80;
	E1F3 : 92;
	E1F4 : 61;
	E1F5 : AB;
	E1F6 : 81;
	E1F7 : 02;
	E1F8 : 30;
	E1F9 : D9;
	E1FA : 80;
	E1FB : C0;
	E1FC : 72;
	E1FD : AC;
	E1FE : 82;
	E1FF : 18;
	E200 : 1B;
	E201 : A0;
	E202 : 52;
	E203 : A9;
	E204 : 10;
	E205 : AB;
	E206 : 22;
	E207 : 01;
	E208 : EA;
	E209 : B8;
	E20A : 73;
	E20B : 89;
	E20C : 10;
	E20D : C9;
	E20E : 33;
	E20F : 1C;
	E210 : EA;
	E211 : 91;
	E212 : 52;
	E213 : 0A;
	E214 : 81;
	E215 : 09;
	E216 : 06;
	E217 : 1C;
	E218 : C8;
	E219 : 81;
	E21A : 11;
	E21B : 09;
	E21C : 82;
	E21D : 1A;
	E21E : 27;
	E21F : 1C;
	E220 : D9;
	E221 : 21;
	E222 : 00;
	E223 : 9B;
	E224 : 85;
	E225 : 28;
	E226 : 01;
	E227 : 0D;
	E228 : B0;
	E229 : 41;
	E22A : 98;
	E22B : 8B;
	E22C : B5;
	E22D : 31;
	E22E : A1;
	E22F : 0E;
	E230 : A3;
	E231 : 50;
	E232 : A9;
	E233 : 8B;
	E234 : 96;
	E235 : 39;
	E236 : AA;
	E237 : 08;
	E238 : 84;
	E239 : 39;
	E23A : D0;
	E23B : 28;
	E23C : B0;
	E23D : 61;
	E23E : 9C;
	E23F : 98;
	E240 : 83;
	E241 : 40;
	E242 : C9;
	E243 : 21;
	E244 : 91;
	E245 : 22;
	E246 : AE;
	E247 : 90;
	E248 : 89;
	E249 : 02;
	E24A : 08;
	E24B : 42;
	E24C : 8C;
	E24D : 06;
	E24E : 1A;
	E24F : 9A;
	E250 : B9;
	E251 : 93;
	E252 : 1B;
	E253 : 57;
	E254 : 3E;
	E255 : A1;
	E256 : 11;
	E257 : 01;
	E258 : 8E;
	E259 : A0;
	E25A : 10;
	E25B : 16;
	E25C : 0C;
	E25D : A0;
	E25E : 31;
	E25F : 90;
	E260 : 7F;
	E261 : 08;
	E262 : BB;
	E263 : 91;
	E264 : 66;
	E265 : 0C;
	E266 : C1;
	E267 : 31;
	E268 : 99;
	E269 : 80;
	E26A : 88;
	E26B : 81;
	E26C : 13;
	E26D : 2F;
	E26E : B2;
	E26F : 31;
	E270 : AD;
	E271 : 01;
	E272 : 09;
	E273 : 01;
	E274 : 13;
	E275 : 8F;
	E276 : A2;
	E277 : 61;
	E278 : CA;
	E279 : 00;
	E27A : 01;
	E27B : 11;
	E27C : 8C;
	E27D : B1;
	E27E : 41;
	E27F : 38;
	E280 : CB;
	E281 : A1;
	E282 : 81;
	E283 : 54;
	E284 : 0F;
	E285 : A0;
	E286 : 32;
	E287 : 80;
	E288 : 99;
	E289 : B8;
	E28A : 12;
	E28B : 13;
	E28C : AF;
	E28D : 92;
	E28E : 30;
	E28F : C9;
	E290 : 42;
	E291 : 8B;
	E292 : 90;
	E293 : 20;
	E294 : AA;
	E295 : 93;
	E296 : 70;
	E297 : DB;
	E298 : 25;
	E299 : 00;
	E29A : 08;
	E29B : 9C;
	E29C : 83;
	E29D : 29;
	E29E : 98;
	E29F : EB;
	E2A0 : 25;
	E2A1 : 28;
	E2A2 : 92;
	E2A3 : 9D;
	E2A4 : 93;
	E2A5 : 38;
	E2A6 : 98;
	E2A7 : FA;
	E2A8 : 84;
	E2A9 : 38;
	E2AA : 11;
	E2AB : DB;
	E2AC : 13;
	E2AD : 29;
	E2AE : 92;
	E2AF : AF;
	E2B0 : B3;
	E2B1 : 58;
	E2B2 : 81;
	E2B3 : 8A;
	E2B4 : 80;
	E2B5 : 99;
	E2B6 : 46;
	E2B7 : 0C;
	E2B8 : B0;
	E2B9 : 40;
	E2BA : 99;
	E2BB : 02;
	E2BC : 80;
	E2BD : CB;
	E2BE : 07;
	E2BF : 28;
	E2C0 : B0;
	E2C1 : 10;
	E2C2 : AA;
	E2C3 : 23;
	E2C4 : 0E;
	E2C5 : B9;
	E2C6 : 36;
	E2C7 : 10;
	E2C8 : 99;
	E2C9 : 10;
	E2CA : C9;
	E2CB : 25;
	E2CC : 0E;
	E2CD : B8;
	E2CE : 33;
	E2CF : 11;
	E2D0 : 0B;
	E2D1 : A8;
	E2D2 : 20;
	E2D3 : 34;
	E2D4 : BF;
	E2D5 : E0;
	E2D6 : 21;
	E2D7 : 81;
	E2D8 : 10;
	E2D9 : BA;
	E2DA : 22;
	E2DB : 11;
	E2DC : AE;
	E2DD : B0;
	E2DE : 32;
	E2DF : B1;
	E2E0 : 7F;
	E2E1 : 59;
	E2E2 : B9;
	E2E3 : 72;
	E2E4 : AA;
	E2E5 : A8;
	E2E6 : 03;
	E2E7 : 39;
	E2E8 : C8;
	E2E9 : 40;
	E2EA : E8;
	E2EB : 42;
	E2EC : 9C;
	E2ED : 91;
	E2EE : 01;
	E2EF : 22;
	E2F0 : AC;
	E2F1 : 00;
	E2F2 : A8;
	E2F3 : 62;
	E2F4 : 9F;
	E2F5 : 92;
	E2F6 : 10;
	E2F7 : 02;
	E2F8 : 9A;
	E2F9 : 80;
	E2FA : 08;
	E2FB : 11;
	E2FC : CF;
	E2FD : 92;
	E2FE : 21;
	E2FF : 23;
	E300 : 9D;
	E301 : B1;
	E302 : 42;
	E303 : 9A;
	E304 : AC;
	E305 : 91;
	E306 : 20;
	E307 : 52;
	E308 : 0B;
	E309 : D8;
	E30A : 51;
	E30B : AA;
	E30C : 01;
	E30D : AA;
	E30E : A4;
	E30F : 42;
	E310 : 0D;
	E311 : 90;
	E312 : 33;
	E313 : CC;
	E314 : 12;
	E315 : 4B;
	E316 : B1;
	E317 : 31;
	E318 : AC;
	E319 : 83;
	E31A : 19;
	E31B : BD;
	E31C : 16;
	E31D : 0B;
	E31E : 03;
	E31F : 30;
	E320 : EB;
	E321 : 00;
	E322 : 38;
	E323 : AC;
	E324 : 04;
	E325 : 1A;
	E326 : 03;
	E327 : 71;
	E328 : CA;
	E329 : 92;
	E32A : 88;
	E32B : 00;
	E32C : 89;
	E32D : D8;
	E32E : 36;
	E32F : 41;
	E330 : CA;
	E331 : 80;
	E332 : 90;
	E333 : 03;
	E334 : 0D;
	E335 : B0;
	E336 : 25;
	E337 : 31;
	E338 : AC;
	E339 : A1;
	E33A : 88;
	E33B : 13;
	E33C : 2D;
	E33D : D0;
	E33E : 13;
	E33F : 11;
	E340 : 8B;
	E341 : C8;
	E342 : 20;
	E343 : 88;
	E344 : 21;
	E345 : C2;
	E346 : 59;
	E347 : D0;
	E348 : 48;
	E349 : CA;
	E34A : 23;
	E34B : 8A;
	E34C : 10;
	E34D : 93;
	E34E : 78;
	E34F : E8;
	E350 : 10;
	E351 : A9;
	E352 : 12;
	E353 : 0A;
	E354 : 93;
	E355 : 33;
	E356 : 5A;
	E357 : F9;
	E358 : 22;
	E359 : CB;
	E35A : 14;
	E35B : 8A;
	E35C : 93;
	E35D : 53;
	E35E : 9C;
	E35F : BA;
	E360 : 7F;
	E361 : 52;
	E362 : 0A;
	E363 : 88;
	E364 : 9D;
	E365 : 84;
	E366 : 51;
	E367 : 9A;
	E368 : BA;
	E369 : 31;
	E36A : 12;
	E36B : 10;
	E36C : BF;
	E36D : A1;
	E36E : 52;
	E36F : 8A;
	E370 : A9;
	E371 : 99;
	E372 : 24;
	E373 : 50;
	E374 : A9;
	E375 : 91;
	E376 : 1A;
	E377 : C1;
	E378 : 02;
	E379 : 8F;
	E37A : 81;
	E37B : 42;
	E37C : A8;
	E37D : 24;
	E37E : 9E;
	E37F : A8;
	E380 : 00;
	E381 : 22;
	E382 : 9A;
	E383 : 80;
	E384 : 11;
	E385 : 75;
	E386 : 9D;
	E387 : 90;
	E388 : 09;
	E389 : 13;
	E38A : 8B;
	E38B : 80;
	E38C : 20;
	E38D : 44;
	E38E : AD;
	E38F : 90;
	E390 : 8A;
	E391 : 17;
	E392 : 2B;
	E393 : C0;
	E394 : 31;
	E395 : 10;
	E396 : EA;
	E397 : 03;
	E398 : 0A;
	E399 : 02;
	E39A : 3A;
	E39B : D8;
	E39C : 13;
	E39D : 3A;
	E39E : DD;
	E39F : 83;
	E3A0 : 08;
	E3A1 : 12;
	E3A2 : 2B;
	E3A3 : A1;
	E3A4 : 24;
	E3A5 : 0E;
	E3A6 : BA;
	E3A7 : 82;
	E3A8 : 11;
	E3A9 : 86;
	E3AA : 29;
	E3AB : A0;
	E3AC : 41;
	E3AD : DA;
	E3AE : 08;
	E3AF : AA;
	E3B0 : 81;
	E3B1 : 44;
	E3B2 : 39;
	E3B3 : C2;
	E3B4 : 59;
	E3B5 : DA;
	E3B6 : 04;
	E3B7 : 09;
	E3B8 : 9A;
	E3B9 : A3;
	E3BA : 71;
	E3BB : 98;
	E3BC : 18;
	E3BD : CA;
	E3BE : 13;
	E3BF : 08;
	E3C0 : 2A;
	E3C1 : E8;
	E3C2 : 42;
	E3C3 : 8A;
	E3C4 : 08;
	E3C5 : E8;
	E3C6 : 22;
	E3C7 : 08;
	E3C8 : 29;
	E3C9 : E0;
	E3CA : 41;
	E3CB : 9B;
	E3CC : 98;
	E3CD : A1;
	E3CE : 33;
	E3CF : 9A;
	E3D0 : 43;
	E3D1 : AE;
	E3D2 : 15;
	E3D3 : 0A;
	E3D4 : AB;
	E3D5 : B8;
	E3D6 : 45;
	E3D7 : 09;
	E3D8 : 82;
	E3D9 : 29;
	E3DA : B8;
	E3DB : 31;
	E3DC : BB;
	E3DD : CE;
	E3DE : 92;
	E3DF : 40;
	E3E0 : 7F;
	E3E1 : 03;
	E3E2 : 20;
	E3E3 : DB;
	E3E4 : 11;
	E3E5 : 10;
	E3E6 : BC;
	E3E7 : 99;
	E3E8 : 1A;
	E3E9 : 26;
	E3EA : 71;
	E3EB : CA;
	E3EC : 08;
	E3ED : 12;
	E3EE : 28;
	E3EF : CA;
	E3F0 : 88;
	E3F1 : 06;
	E3F2 : 58;
	E3F3 : D9;
	E3F4 : 10;
	E3F5 : 88;
	E3F6 : 22;
	E3F7 : 8B;
	E3F8 : BA;
	E3F9 : 27;
	E3FA : 48;
	E3FB : DA;
	E3FC : 12;
	E3FD : 09;
	E3FE : 01;
	E3FF : 09;
	E400 : 99;
	E401 : 23;
	E402 : 40;
	E403 : CE;
	E404 : 01;
	E405 : 00;
	E406 : 81;
	E407 : 89;
	E408 : 99;
	E409 : 43;
	E40A : 3B;
	E40B : FA;
	E40C : 13;
	E40D : 0A;
	E40E : 82;
	E40F : 9B;
	E410 : 04;
	E411 : 31;
	E412 : BE;
	E413 : 90;
	E414 : 15;
	E415 : 09;
	E416 : 89;
	E417 : 0D;
	E418 : 95;
	E419 : 20;
	E41A : CA;
	E41B : 01;
	E41C : 28;
	E41D : 32;
	E41E : AD;
	E41F : 98;
	E420 : 02;
	E421 : 18;
	E422 : F9;
	E423 : 21;
	E424 : 0A;
	E425 : 07;
	E426 : 28;
	E427 : BA;
	E428 : 81;
	E429 : 1A;
	E42A : 9B;
	E42B : 23;
	E42C : 1B;
	E42D : A6;
	E42E : 30;
	E42F : 99;
	E430 : 9A;
	E431 : C1;
	E432 : 19;
	E433 : 91;
	E434 : 3E;
	E435 : 93;
	E436 : 41;
	E437 : A8;
	E438 : 3B;
	E439 : F0;
	E43A : 11;
	E43B : 91;
	E43C : 3C;
	E43D : E0;
	E43E : 32;
	E43F : 92;
	E440 : 0C;
	E441 : C8;
	E442 : 21;
	E443 : 04;
	E444 : 4A;
	E445 : DB;
	E446 : 12;
	E447 : 20;
	E448 : 19;
	E449 : CA;
	E44A : 80;
	E44B : 15;
	E44C : 70;
	E44D : AC;
	E44E : 00;
	E44F : 00;
	E450 : 80;
	E451 : 08;
	E452 : 9B;
	E453 : 84;
	E454 : 52;
	E455 : 8B;
	E456 : 90;
	E457 : 8D;
	E458 : 82;
	E459 : 10;
	E45A : CA;
	E45B : 05;
	E45C : 30;
	E45D : 09;
	E45E : 19;
	E45F : AD;
	E460 : 7F;
	E461 : A4;
	E462 : 58;
	E463 : DB;
	E464 : 03;
	E465 : 32;
	E466 : 18;
	E467 : CA;
	E468 : 91;
	E469 : 04;
	E46A : 39;
	E46B : FC;
	E46C : 02;
	E46D : 10;
	E46E : 32;
	E46F : AF;
	E470 : 90;
	E471 : 22;
	E472 : 18;
	E473 : CA;
	E474 : 81;
	E475 : 10;
	E476 : 32;
	E477 : 9F;
	E478 : A2;
	E479 : 20;
	E47A : 19;
	E47B : AA;
	E47C : 12;
	E47D : 09;
	E47E : 14;
	E47F : 8F;
	E480 : B2;
	E481 : 50;
	E482 : 99;
	E483 : 88;
	E484 : 02;
	E485 : 28;
	E486 : A0;
	E487 : 9E;
	E488 : 93;
	E489 : 50;
	E48A : C9;
	E48B : 01;
	E48C : 11;
	E48D : 20;
	E48E : AA;
	E48F : A9;
	E490 : 85;
	E491 : 4A;
	E492 : DA;
	E493 : 11;
	E494 : 13;
	E495 : 48;
	E496 : DB;
	E497 : 12;
	E498 : 13;
	E499 : 0A;
	E49A : E9;
	E49B : 80;
	E49C : 85;
	E49D : 21;
	E49E : DB;
	E49F : 03;
	E4A0 : 30;
	E4A1 : 90;
	E4A2 : A9;
	E4A3 : B9;
	E4A4 : 32;
	E4A5 : 48;
	E4A6 : FA;
	E4A7 : 13;
	E4A8 : 4A;
	E4A9 : 98;
	E4AA : 11;
	E4AB : BA;
	E4AC : 43;
	E4AD : 1E;
	E4AE : C8;
	E4AF : 22;
	E4B0 : 29;
	E4B1 : B0;
	E4B2 : 28;
	E4B3 : C0;
	E4B4 : 53;
	E4B5 : 1E;
	E4B6 : B8;
	E4B7 : 13;
	E4B8 : 09;
	E4B9 : A8;
	E4BA : 28;
	E4BB : 90;
	E4BC : 54;
	E4BD : 9D;
	E4BE : 90;
	E4BF : 38;
	E4C0 : 88;
	E4C1 : 89;
	E4C2 : BB;
	E4C3 : 15;
	E4C4 : 36;
	E4C5 : 9C;
	E4C6 : 90;
	E4C7 : 38;
	E4C8 : 08;
	E4C9 : 08;
	E4CA : DA;
	E4CB : 02;
	E4CC : 43;
	E4CD : 9B;
	E4CE : A8;
	E4CF : 28;
	E4D0 : 03;
	E4D1 : 28;
	E4D2 : EB;
	E4D3 : 11;
	E4D4 : 10;
	E4D5 : 10;
	E4D6 : 89;
	E4D7 : 90;
	E4D8 : 01;
	E4D9 : 12;
	E4DA : 8B;
	E4DB : 00;
	E4DC : AC;
	E4DD : 35;
	E4DE : 8B;
	E4DF : B1;
	E4E0 : 7F;
	E4E1 : 20;
	E4E2 : 02;
	E4E3 : 08;
	E4E4 : 00;
	E4E5 : DA;
	E4E6 : 25;
	E4E7 : 0C;
	E4E8 : 90;
	E4E9 : 10;
	E4EA : 92;
	E4EB : 21;
	E4EC : 09;
	E4ED : CA;
	E4EE : 27;
	E4EF : 0B;
	E4F0 : B1;
	E4F1 : 38;
	E4F2 : B0;
	E4F3 : 33;
	E4F4 : 0A;
	E4F5 : BA;
	E4F6 : 26;
	E4F7 : 1A;
	E4F8 : A8;
	E4F9 : 19;
	E4FA : C1;
	E4FB : 33;
	E4FC : 8A;
	E4FD : 99;
	E4FE : 22;
	E4FF : 98;
	E500 : 00;
	E501 : 19;
	E502 : A0;
	E503 : 81;
	E504 : 0A;
	E505 : 80;
	E506 : 19;
	E507 : 80;
	E508 : 12;
	E509 : 88;
	E50A : 80;
	E50B : 08;
	E50C : BA;
	E50D : 20;
	E50E : 29;
	E50F : 98;
	E510 : 03;
	E511 : 18;
	E512 : 80;
	E513 : 2A;
	E514 : C8;
	E515 : 10;
	E516 : 80;
	E517 : 1A;
	E518 : A1;
	E519 : 20;
	E51A : 01;
	E51B : 2B;
	E51C : C8;
	E51D : 20;
	E51E : 93;
	E51F : 2B;
	E520 : C8;
	E521 : 32;
	E522 : 81;
	E523 : 1B;
	E524 : B0;
	E525 : 28;
	E526 : B3;
	E527 : 78;
	E528 : BB;
	E529 : 03;
	E52A : 12;
	E52B : 0D;
	E52C : 90;
	E52D : 28;
	E52E : B2;
	E52F : 52;
	E530 : BC;
	E531 : 00;
	E532 : 22;
	E533 : 9A;
	E534 : C8;
	E535 : 48;
	E536 : 90;
	E537 : 31;
	E538 : A9;
	E539 : 00;
	E53A : 10;
	E53B : 99;
	E53C : A9;
	E53D : 11;
	E53E : 88;
	E53F : 42;
	E540 : B9;
	E541 : 82;
	E542 : 1A;
	E543 : 00;
	E544 : 9B;
	E545 : 80;
	E546 : 01;
	E547 : 22;
	E548 : AC;
	E549 : 14;
	E54A : 0A;
	E54B : A1;
	E54C : 28;
	E54D : A8;
	E54E : 99;
	E54F : 43;
	E550 : 9C;
	E551 : 84;
	E552 : 1A;
	E553 : B0;
	E554 : 38;
	E555 : 91;
	E556 : 8B;
	E557 : 04;
	E558 : 0A;
	E559 : A2;
	E55A : 0A;
	E55B : 81;
	E55C : 10;
	E55D : 82;
	E55E : 9C;
	E55F : 04;
	E560 : 7F;
	E561 : 1A;
	E562 : A0;
	E563 : 8A;
	E564 : 82;
	E565 : 18;
	E566 : 82;
	E567 : 2A;
	E568 : B0;
	E569 : 22;
	E56A : 08;
	E56B : AC;
	E56C : A2;
	E56D : 30;
	E56E : 91;
	E56F : 21;
	E570 : BA;
	E571 : 01;
	E572 : 20;
	E573 : 99;
	E574 : B9;
	E575 : 11;
	E576 : 81;
	E577 : 21;
	E578 : 9B;
	E579 : 91;
	E57A : 30;
	E57B : 09;
	E57C : A8;
	E57D : 80;
	E57E : 91;
	E57F : 32;
	E580 : AB;
	E581 : 81;
	E582 : 00;
	E583 : 01;
	E584 : 8A;
	E585 : 98;
	E586 : 00;
	E587 : 33;
	E588 : 9E;
	E589 : 82;
	E58A : 09;
	E58B : 81;
	E58C : 18;
	E58D : 99;
	E58E : 90;
	E58F : 35;
	E590 : 8C;
	E591 : B2;
	E592 : 28;
	E593 : 90;
	E594 : 28;
	E595 : 99;
	E596 : 00;
	E597 : 12;
	E598 : 0A;
	E599 : B0;
	E59A : 28;
	E59B : 88;
	E59C : 10;
	E59D : 89;
	E59E : 91;
	E59F : 03;
	E5A0 : 8B;
	E5A1 : 80;
	E5A2 : 10;
	E5A3 : 88;
	E5A4 : 88;
	E5A5 : 91;
	E5A6 : 00;
	E5A7 : 08;
	E5A8 : 08;
	E5A9 : 98;
	E5AA : 20;
	E5AB : 08;
	E5AC : 88;
	E5AD : 99;
	E5AE : 11;
	E5AF : 19;
	E5B0 : 88;
	E5B1 : 80;
	E5B2 : 02;
	E5B3 : 08;
	E5B4 : A8;
	E5B5 : 88;
	E5B6 : 00;
	E5B7 : 19;
	E5B8 : 00;
	E5B9 : 88;
	E5BA : 91;
	E5BB : 22;
	E5BC : 9A;
	E5BD : A0;
	E5BE : 02;
	E5BF : 09;
	E5C0 : 88;
	E5C1 : 00;
	E5C2 : 88;
	E5C3 : 11;
	E5C4 : 0A;
	E5C5 : 80;
	E5C6 : 90;
	E5C7 : 10;
	E5C8 : 89;
	E5C9 : 00;
	E5CA : 99;
	E5CB : 22;
	E5CC : 89;
	E5CD : 91;
	E5CE : 80;
	E5CF : 80;
	E5D0 : 88;
	E5D1 : 11;
	E5D2 : 9B;
	E5D3 : 02;
	E5D4 : 08;
	E5D5 : 80;
	E5D6 : 88;
	E5D7 : 80;
	E5D8 : 00;
	E5D9 : 11;
	E5DA : 9B;
	E5DB : 81;
	E5DC : 00;
	E5DD : 81;
	E5DE : 09;
	E5DF : 99;
	E5E0 : 7F;
	E5E1 : 81;
	E5E2 : 31;
	E5E3 : 0A;
	E5E4 : B1;
	E5E5 : 80;
	E5E6 : 00;
	E5E7 : 19;
	E5E8 : 99;
	E5E9 : 81;
	E5EA : 02;
	E5EB : 18;
	E5EC : A8;
	E5ED : 80;
	E5EE : 00;
	E5EF : 00;
	E5F0 : 99;
	E5F1 : 90;
	E5F2 : 21;
	E5F3 : 19;
	E5F4 : 98;
	E5F5 : 00;
	E5F6 : 80;
	E5F7 : 01;
	E5F8 : 8B;
	E5F9 : 90;
	E5FA : 11;
	E5FB : 11;
	E5FC : 9A;
	E5FD : 91;
	E5FE : 18;
	E5FF : 10;
	E600 : 8A;
	E601 : 98;
	E602 : 10;
	E603 : 10;
	E604 : 09;
	E605 : 98;
	E606 : 10;
	E607 : 00;
	E608 : 09;
	E609 : 90;
	E60A : 00;
	E60B : 80;
	E60C : 08;
	E60D : 90;
	E60E : 00;
	E60F : 80;
	E610 : 88;
	E611 : 00;
	E612 : 08;
	E613 : 80;
	E614 : 08;
	E615 : 88;
	E616 : 00;
	E617 : 88;
	E618 : 08;
	E619 : 80;
	E61A : 10;
	E61B : 90;
	E61C : 08;
	E61D : 80;
	E61E : 80;
	E61F : 88;
	E620 : 08;
	E621 : 08;
	E622 : 01;
	E623 : 90;
	E624 : 80;
	E625 : 80;
	E626 : 80;
	E627 : 09;
	E628 : 08;
	E629 : 80;
	E62A : 10;
	E62B : 98;
	E62C : 00;
	E62D : 80;
	E62E : 00;
	E62F : 88;
	E630 : 88;
	E631 : 00;
	E632 : 80;
	E633 : 08;
	E634 : 88;
	E635 : 00;
	E636 : 80;
	E637 : 00;
	E638 : 98;
	E639 : 00;
	E63A : 80;
	E63B : 09;
	E63C : 80;
	E63D : 00;
	E63E : 08;
	E63F : 80;
	E640 : 08;
	E641 : 80;
	E642 : 00;
	E643 : 88;
	E644 : 88;
	E645 : 00;
	E646 : 08;
	E647 : 80;
	E648 : 80;
	E649 : 80;
	E64A : 00;
	E64B : 88;
	E64C : 88;
	E64D : 00;
	E64E : 08;
	E64F : 88;
	E650 : 00;
	E651 : 80;
	E652 : 08;
	E653 : 08;
	E654 : 80;
	E655 : 80;
	E656 : 08;
	E657 : 88;
	E658 : 80;
	E659 : 00;
	E65A : 00;
	E65B : 98;
	E65C : 00;
	E65D : 80;
	E65E : 08;
	E65F : 08;
	E660 : 2F;
	E661 : 88;
	E662 : 80;
	E663 : 01;
	E664 : 88;
	E665 : 80;
	E666 : 80;
	E667 : 08;
	E668 : 08;
	E669 : 80;
	E66A : 88;
	E66B : 00;
	E66C : 08;
	E66D : 80;
	E66E : 80;
	E66F : 80;
	E670 : 08;
	E671 : 80;
	E672 : 80;
	E673 : 80;
	E674 : 08;
	E675 : 88;
	E676 : 00;
	E677 : 80;
	E678 : 80;
	E679 : 80;
	E67A : 80;
	E67B : 80;
	E67C : 08;
	E67D : 80;
	E67E : 80;
	E67F : 80;
	E680 : 80;
	E681 : 80;
	E682 : 80;
	E683 : 80;
	E684 : 08;
	E685 : 80;
	E686 : 80;
	E687 : 80;
	E688 : 80;
	E689 : 80;
	E68A : 80;
	E68B : 80;
	E68C : 80;
	E68D : 80;
	E68E : 80;
	E68F : 80;
	E690 : 00;
	E691 : 00;
	E692 : 00;
	E693 : 00;
	E694 : 00;
	E695 : 00;
	E696 : 00;
	E697 : 00;
	E698 : 00;
	E699 : 00;
	E69A : 00;
	E69B : 00;
	E69C : 00;
	E69D : 00;
	E69E : 00;
	E69F : 00;
	E6A0 : 7F;
	E6A1 : 00;
	E6A2 : 80;
	E6A3 : 80;
	E6A4 : 80;
	E6A5 : 80;
	E6A6 : 80;
	E6A7 : 80;
	E6A8 : 80;
	E6A9 : 80;
	E6AA : 80;
	E6AB : 80;
	E6AC : 80;
	E6AD : 80;
	E6AE : 80;
	E6AF : 80;
	E6B0 : 81;
	E6B1 : 10;
	E6B2 : 91;
	E6B3 : 10;
	E6B4 : 88;
	E6B5 : 11;
	E6B6 : 08;
	E6B7 : AC;
	E6B8 : 80;
	E6B9 : 09;
	E6BA : A0;
	E6BB : 11;
	E6BC : 8B;
	E6BD : E9;
	E6BE : 00;
	E6BF : 22;
	E6C0 : 77;
	E6C1 : 0A;
	E6C2 : C0;
	E6C3 : 21;
	E6C4 : 11;
	E6C5 : 09;
	E6C6 : 9D;
	E6C7 : BC;
	E6C8 : 04;
	E6C9 : 31;
	E6CA : BA;
	E6CB : DB;
	E6CC : 98;
	E6CD : 55;
	E6CE : 11;
	E6CF : 08;
	E6D0 : AB;
	E6D1 : A9;
	E6D2 : 46;
	E6D3 : 3A;
	E6D4 : FB;
	E6D5 : 14;
	E6D6 : 29;
	E6D7 : 98;
	E6D8 : 19;
	E6D9 : A9;
	E6DA : 88;
	E6DB : 24;
	E6DC : 39;
	E6DD : CA;
	E6DE : 03;
	E6DF : 1B;
	E6E0 : A2;
	E6E1 : 28;
	E6E2 : C8;
	E6E3 : 43;
	E6E4 : 23;
	E6E5 : 41;
	E6E6 : ED;
	E6E7 : 81;
	E6E8 : 8C;
	E6E9 : B1;
	E6EA : 33;
	E6EB : 44;
	E6EC : 19;
	E6ED : BC;
	E6EE : D9;
	E6EF : 36;
	E6F0 : 20;
	E6F1 : BB;
	E6F2 : B8;
	E6F3 : 64;
	E6F4 : 09;
	E6F5 : A9;
	E6F6 : 8A;
	E6F7 : A8;
	E6F8 : 47;
	E6F9 : 29;
	E6FA : DA;
	E6FB : 83;
	E6FC : 21;
	E6FD : B8;
	E6FE : 21;
	E6FF : 9B;
	E700 : 04;
	E701 : 28;
	E702 : 80;
	E703 : AF;
	E704 : C0;
	E705 : 33;
	E706 : 20;
	E707 : 9E;
	E708 : CA;
	E709 : 26;
	E70A : 11;
	E70B : 09;
	E70C : EA;
	E70D : 04;
	E70E : 28;
	E70F : A9;
	E710 : 11;
	E711 : AA;
	E712 : 06;
	E713 : 10;
	E714 : A8;
	E715 : 89;
	E716 : A9;
	E717 : 18;
	E718 : E1;
	E719 : 72;
	E71A : AC;
	E71B : 92;
	E71C : 08;
	E71D : 23;
	E71E : 1C;
	E71F : D8;
	E720 : 7F;
	E721 : 51;
	E722 : 9A;
	E723 : 10;
	E724 : BA;
	E725 : 24;
	E726 : 10;
	E727 : AD;
	E728 : A0;
	E729 : 42;
	E72A : 21;
	E72B : 9C;
	E72C : DA;
	E72D : 25;
	E72E : 11;
	E72F : 8C;
	E730 : B9;
	E731 : 53;
	E732 : AA;
	E733 : 81;
	E734 : 19;
	E735 : B2;
	E736 : 33;
	E737 : 1F;
	E738 : C1;
	E739 : 41;
	E73A : 99;
	E73B : 89;
	E73C : D0;
	E73D : 42;
	E73E : 00;
	E73F : 9D;
	E740 : B1;
	E741 : 70;
	E742 : 09;
	E743 : 99;
	E744 : A0;
	E745 : 32;
	E746 : 08;
	E747 : 11;
	E748 : 0E;
	E749 : AB;
	E74A : D2;
	E74B : 73;
	E74C : 0C;
	E74D : A8;
	E74E : 90;
	E74F : 25;
	E750 : 20;
	E751 : DA;
	E752 : 91;
	E753 : 20;
	E754 : 21;
	E755 : AA;
	E756 : A9;
	E757 : 01;
	E758 : 84;
	E759 : 48;
	E75A : BD;
	E75B : 91;
	E75C : 24;
	E75D : 38;
	E75E : BE;
	E75F : A1;
	E760 : 43;
	E761 : 0D;
	E762 : B8;
	E763 : 11;
	E764 : 44;
	E765 : 8C;
	E766 : C9;
	E767 : 42;
	E768 : 19;
	E769 : C9;
	E76A : 81;
	E76B : 41;
	E76C : 19;
	E76D : EA;
	E76E : 13;
	E76F : 38;
	E770 : BA;
	E771 : B9;
	E772 : 72;
	E773 : 08;
	E774 : BA;
	E775 : 94;
	E776 : 28;
	E777 : A0;
	E778 : 8C;
	E779 : 07;
	E77A : 18;
	E77B : A9;
	E77C : 91;
	E77D : 28;
	E77E : 81;
	E77F : BA;
	E780 : 70;
	E781 : 99;
	E782 : 93;
	E783 : 59;
	E784 : A9;
	E785 : C9;
	E786 : 53;
	E787 : 28;
	E788 : BD;
	E789 : B8;
	E78A : 72;
	E78B : 0B;
	E78C : 91;
	E78D : AB;
	E78E : 54;
	E78F : 1A;
	E790 : C9;
	E791 : 13;
	E792 : 01;
	E793 : 9E;
	E794 : 93;
	E795 : 28;
	E796 : 8A;
	E797 : AA;
	E798 : 16;
	E799 : 39;
	E79A : C8;
	E79B : 98;
	E79C : 52;
	E79D : 99;
	E79E : AB;
	E79F : 16;
	E7A0 : 7F;
	E7A1 : 28;
	E7A2 : AC;
	E7A3 : 92;
	E7A4 : 33;
	E7A5 : 1D;
	E7A6 : CA;
	E7A7 : 43;
	E7A8 : 08;
	E7A9 : AB;
	E7AA : 91;
	E7AB : 43;
	E7AC : 8E;
	E7AD : A0;
	E7AE : 15;
	E7AF : 2A;
	E7B0 : CA;
	E7B1 : 83;
	E7B2 : 51;
	E7B3 : 9A;
	E7B4 : AC;
	E7B5 : 03;
	E7B6 : 52;
	E7B7 : AB;
	E7B8 : AA;
	E7B9 : 34;
	E7BA : 40;
	E7BB : BC;
	E7BC : B1;
	E7BD : 52;
	E7BE : 0C;
	E7BF : A8;
	E7C0 : 31;
	E7C1 : 8A;
	E7C2 : 81;
	E7C3 : 25;
	E7C4 : AF;
	E7C5 : 81;
	E7C6 : 31;
	E7C7 : 8B;
	E7C8 : C8;
	E7C9 : 34;
	E7CA : 0A;
	E7CB : 88;
	E7CC : A0;
	E7CD : 80;
	E7CE : 92;
	E7CF : 70;
	E7D0 : AC;
	E7D1 : 91;
	E7D2 : 62;
	E7D3 : 9C;
	E7D4 : A0;
	E7D5 : 42;
	E7D6 : 1B;
	E7D7 : CA;
	E7D8 : 25;
	E7D9 : 19;
	E7DA : BA;
	E7DB : 94;
	E7DC : 40;
	E7DD : AC;
	E7DE : 82;
	E7DF : 30;
	E7E0 : 8B;
	E7E1 : A0;
	E7E2 : 30;
	E7E3 : CA;
	E7E4 : 37;
	E7E5 : 29;
	E7E6 : DB;
	E7E7 : 04;
	E7E8 : 30;
	E7E9 : AC;
	E7EA : B1;
	E7EB : 62;
	E7EC : 9C;
	E7ED : 80;
	E7EE : 31;
	E7EF : BB;
	E7F0 : 93;
	E7F1 : 61;
	E7F2 : 9C;
	E7F3 : 98;
	E7F4 : 34;
	E7F5 : 1B;
	E7F6 : CA;
	E7F7 : 25;
	E7F8 : 18;
	E7F9 : BB;
	E7FA : 04;
	E7FB : 3A;
	E7FC : C9;
	E7FD : 33;
	E7FE : 1D;
	E7FF : B8;
	E800 : 43;
	E801 : 0A;
	E802 : CA;
	E803 : 16;
	E804 : 18;
	E805 : AC;
	E806 : 83;
	E807 : 31;
	E808 : BD;
	E809 : 92;
	E80A : 50;
	E80B : 8C;
	E80C : 90;
	E80D : 33;
	E80E : 8C;
	E80F : A9;
	E810 : 44;
	E811 : 8B;
	E812 : B8;
	E813 : 53;
	E814 : 9B;
	E815 : C0;
	E816 : 34;
	E817 : 0A;
	E818 : CA;
	E819 : 25;
	E81A : 19;
	E81B : BA;
	E81C : 15;
	E81D : 2A;
	E81E : CA;
	E81F : 23;
	E820 : 7F;
	E821 : 38;
	E822 : CC;
	E823 : 94;
	E824 : 30;
	E825 : BC;
	E826 : 82;
	E827 : 41;
	E828 : AD;
	E829 : 82;
	E82A : 40;
	E82B : AB;
	E82C : A1;
	E82D : 43;
	E82E : 1D;
	E82F : B8;
	E830 : 34;
	E831 : 1B;
	E832 : C8;
	E833 : 23;
	E834 : 8A;
	E835 : D8;
	E836 : 42;
	E837 : 0B;
	E838 : C9;
	E839 : 34;
	E83A : 3A;
	E83B : CB;
	E83C : 85;
	E83D : 12;
	E83E : 9C;
	E83F : 98;
	E840 : 32;
	E841 : 1B;
	E842 : C8;
	E843 : 34;
	E844 : 8D;
	E845 : A1;
	E846 : 32;
	E847 : 8B;
	E848 : AA;
	E849 : 16;
	E84A : 30;
	E84B : CC;
	E84C : 92;
	E84D : 41;
	E84E : 8A;
	E84F : C8;
	E850 : 24;
	E851 : 0A;
	E852 : A0;
	E853 : 09;
	E854 : 15;
	E855 : 8B;
	E856 : 81;
	E857 : 30;
	E858 : BC;
	E859 : 03;
	E85A : 8A;
	E85B : 22;
	E85C : 9C;
	E85D : 86;
	E85E : 4A;
	E85F : CC;
	E860 : 05;
	E861 : 10;
	E862 : A9;
	E863 : 80;
	E864 : 11;
	E865 : 20;
	E866 : FB;
	E867 : 04;
	E868 : 1A;
	E869 : 12;
	E86A : 19;
	E86B : EB;
	E86C : 14;
	E86D : 28;
	E86E : 9B;
	E86F : A1;
	E870 : 37;
	E871 : 2B;
	E872 : DB;
	E873 : 15;
	E874 : 20;
	E875 : AA;
	E876 : A8;
	E877 : 33;
	E878 : 3A;
	E879 : EB;
	E87A : 02;
	E87B : 13;
	E87C : 28;
	E87D : BB;
	E87E : B8;
	E87F : 35;
	E880 : 1A;
	E881 : CC;
	E882 : 14;
	E883 : 32;
	E884 : 0C;
	E885 : CB;
	E886 : 23;
	E887 : 18;
	E888 : 80;
	E889 : 99;
	E88A : 10;
	E88B : 13;
	E88C : 51;
	E88D : EF;
	E88E : B2;
	E88F : 52;
	E890 : 89;
	E891 : AC;
	E892 : 83;
	E893 : 70;
	E894 : 9B;
	E895 : A8;
	E896 : 43;
	E897 : 89;
	E898 : 98;
	E899 : 08;
	E89A : A8;
	E89B : 52;
	E89C : 8A;
	E89D : DA;
	E89E : 15;
	E89F : 30;
	E8A0 : 7F;
	E8A1 : CB;
	E8A2 : 82;
	E8A3 : 21;
	E8A4 : 8A;
	E8A5 : B9;
	E8A6 : 53;
	E8A7 : 1B;
	E8A8 : D9;
	E8A9 : 04;
	E8AA : 30;
	E8AB : BA;
	E8AC : C8;
	E8AD : 43;
	E8AE : 00;
	E8AF : AE;
	E8B0 : 91;
	E8B1 : 31;
	E8B2 : 8A;
	E8B3 : A2;
	E8B4 : 31;
	E8B5 : DD;
	E8B6 : 84;
	E8B7 : 20;
	E8B8 : 9A;
	E8B9 : A0;
	E8BA : 11;
	E8BB : 41;
	E8BC : 9C;
	E8BD : AA;
	E8BE : 07;
	E8BF : 39;
	E8C0 : CA;
	E8C1 : 04;
	E8C2 : 29;
	E8C3 : A9;
	E8C4 : B0;
	E8C5 : 72;
	E8C6 : 8A;
	E8C7 : 99;
	E8C8 : 11;
	E8C9 : 8B;
	E8CA : 95;
	E8CB : 40;
	E8CC : AC;
	E8CD : A1;
	E8CE : 51;
	E8CF : 99;
	E8D0 : 09;
	E8D1 : 84;
	E8D2 : 0C;
	E8D3 : A2;
	E8D4 : 42;
	E8D5 : 0F;
	E8D6 : B1;
	E8D7 : 32;
	E8D8 : 0A;
	E8D9 : C0;
	E8DA : 23;
	E8DB : 9B;
	E8DC : B9;
	E8DD : 07;
	E8DE : 28;
	E8DF : CB;
	E8E0 : 14;
	E8E1 : 51;
	E8E2 : CB;
	E8E3 : B1;
	E8E4 : 62;
	E8E5 : 8A;
	E8E6 : B8;
	E8E7 : 22;
	E8E8 : 08;
	E8E9 : 98;
	E8EA : 82;
	E8EB : 0C;
	E8EC : B9;
	E8ED : 63;
	E8EE : 28;
	E8EF : CB;
	E8F0 : 91;
	E8F1 : 30;
	E8F2 : 91;
	E8F3 : 41;
	E8F4 : BA;
	E8F5 : CB;
	E8F6 : 17;
	E8F7 : 31;
	E8F8 : BF;
	E8F9 : A2;
	E8FA : 41;
	E8FB : 9A;
	E8FC : 91;
	E8FD : 10;
	E8FE : 9B;
	E8FF : 03;
	E900 : 11;
	E901 : 51;
	E902 : EA;
	E903 : 81;
	E904 : 19;
	E905 : 83;
	E906 : 48;
	E907 : EB;
	E908 : 84;
	E909 : 20;
	E90A : 88;
	E90B : A8;
	E90C : 11;
	E90D : A9;
	E90E : A2;
	E90F : 73;
	E910 : BC;
	E911 : 82;
	E912 : 10;
	E913 : BC;
	E914 : 24;
	E915 : 1A;
	E916 : A8;
	E917 : 09;
	E918 : 31;
	E919 : 01;
	E91A : 0F;
	E91B : B3;
	E91C : 60;
	E91D : AB;
	E91E : B2;
	E91F : 72;
	E920 : 7F;
	E921 : 8B;
	E922 : 90;
	E923 : 88;
	E924 : 83;
	E925 : 4A;
	E926 : A1;
	E927 : 8D;
	E928 : A0;
	E929 : 31;
	E92A : 40;
	E92B : 83;
	E92C : 0F;
	E92D : B9;
	E92E : 82;
	E92F : 72;
	E930 : 8A;
	E931 : AB;
	E932 : 05;
	E933 : 3A;
	E934 : D8;
	E935 : 02;
	E936 : 39;
	E937 : D0;
	E938 : 30;
	E939 : 98;
	E93A : 9D;
	E93B : 07;
	E93C : 19;
	E93D : B9;
	E93E : 12;
	E93F : 3B;
	E940 : C8;
	E941 : 22;
	E942 : 22;
	E943 : AE;
	E944 : B9;
	E945 : 27;
	E946 : 3A;
	E947 : B8;
	E948 : 08;
	E949 : 80;
	E94A : 82;
	E94B : 58;
	E94C : BA;
	E94D : 28;
	E94E : E0;
	E94F : 40;
	E950 : 90;
	E951 : 00;
	E952 : 28;
	E953 : FA;
	E954 : 12;
	E955 : 22;
	E956 : AE;
	E957 : 80;
	E958 : 11;
	E959 : 18;
	E95A : A0;
	E95B : 18;
	E95C : A1;
	E95D : 41;
	E95E : BC;
	E95F : C9;
	E960 : 74;
	E961 : 09;
	E962 : AC;
	E963 : 92;
	E964 : 33;
	E965 : 8C;
	E966 : A8;
	E967 : 13;
	E968 : 89;
	E969 : 98;
	E96A : 33;
	E96B : 8C;
	E96C : A1;
	E96D : 32;
	E96E : 1D;
	E96F : D0;
	E970 : 33;
	E971 : 39;
	E972 : FD;
	E973 : 82;
	E974 : 40;
	E975 : 9B;
	E976 : 02;
	E977 : 89;
	E978 : 91;
	E979 : 10;
	E97A : 88;
	E97B : 10;
	E97C : 9B;
	E97D : 16;
	E97E : 48;
	E97F : DC;
	E980 : 13;
	E981 : 08;
	E982 : 81;
	E983 : 10;
	E984 : 8D;
	E985 : B8;
	E986 : 98;
	E987 : 47;
	E988 : 28;
	E989 : BF;
	E98A : 91;
	E98B : 33;
	E98C : 0A;
	E98D : 9A;
	E98E : C9;
	E98F : 24;
	E990 : 61;
	E991 : AC;
	E992 : 91;
	E993 : 12;
	E994 : 09;
	E995 : 01;
	E996 : AC;
	E997 : 92;
	E998 : 41;
	E999 : 9B;
	E99A : C8;
	E99B : 01;
	E99C : 43;
	E99D : 8B;
	E99E : CA;
	E99F : A2;
	E9A0 : 7F;
	E9A1 : 50;
	E9A2 : 80;
	E9A3 : 29;
	E9A4 : B9;
	E9A5 : 17;
	E9A6 : 39;
	E9A7 : EA;
	E9A8 : 12;
	E9A9 : 31;
	E9AA : 9B;
	E9AB : 92;
	E9AC : 33;
	E9AD : 9F;
	E9AE : E8;
	E9AF : 22;
	E9B0 : 08;
	E9B1 : 99;
	E9B2 : 11;
	E9B3 : 8A;
	E9B4 : 99;
	E9B5 : B0;
	E9B6 : 52;
	E9B7 : 08;
	E9B8 : 8C;
	E9B9 : A2;
	E9BA : 38;
	E9BB : 27;
	E9BC : 1A;
	E9BD : CA;
	E9BE : 90;
	E9BF : 74;
	E9C0 : 1A;
	E9C1 : CB;
	E9C2 : 83;
	E9C3 : 51;
	E9C4 : 8A;
	E9C5 : BA;
	E9C6 : 83;
	E9C7 : 28;
	E9C8 : 82;
	E9C9 : 28;
	E9CA : 9B;
	E9CB : E9;
	E9CC : 36;
	E9CD : 1A;
	E9CE : BA;
	E9CF : 82;
	E9D0 : 33;
	E9D1 : 18;
	E9D2 : AE;
	E9D3 : A0;
	E9D4 : 34;
	E9D5 : 48;
	E9D6 : F9;
	E9D7 : 12;
	E9D8 : 98;
	E9D9 : 00;
	E9DA : 90;
	E9DB : 28;
	E9DC : 98;
	E9DD : 0A;
	E9DE : A5;
	E9DF : 20;
	E9E0 : 8C;
	E9E1 : D0;
	E9E2 : 21;
	E9E3 : 98;
	E9E4 : 39;
	E9E5 : 9D;
	E9E6 : D1;
	E9E7 : 73;
	E9E8 : 8C;
	E9E9 : A8;
	E9EA : 21;
	E9EB : 01;
	E9EC : 12;
	E9ED : AF;
	E9EE : B0;
	E9EF : 23;
	E9F0 : 30;
	E9F1 : CA;
	E9F2 : 80;
	E9F3 : 10;
	E9F4 : 98;
	E9F5 : 11;
	E9F6 : 10;
	E9F7 : 9E;
	E9F8 : A1;
	E9F9 : 36;
	E9FA : 19;
	E9FB : D9;
	E9FC : 01;
	E9FD : 20;
	E9FE : CC;
	E9FF : 83;
	EA00 : 42;
	EA01 : 9D;
	EA02 : B8;
	EA03 : 32;
	EA04 : 0B;
	EA05 : A1;
	EA06 : 42;
	EA07 : BB;
	EA08 : 81;
	EA09 : 63;
	EA0A : 9D;
	EA0B : 91;
	EA0C : 81;
	EA0D : 43;
	EA0E : 1B;
	EA0F : DA;
	EA10 : 14;
	EA11 : 28;
	EA12 : 98;
	EA13 : 09;
	EA14 : 90;
	EA15 : 63;
	EA16 : 1B;
	EA17 : FA;
	EA18 : 22;
	EA19 : 01;
	EA1A : 8A;
	EA1B : B9;
	EA1C : 27;
	EA1D : 29;
	EA1E : DB;
	EA1F : 84;
	EA20 : 7F;
	EA21 : 28;
	EA22 : 90;
	EA23 : 8B;
	EA24 : B0;
	EA25 : 34;
	EA26 : 39;
	EA27 : EB;
	EA28 : 82;
	EA29 : 11;
	EA2A : 31;
	EA2B : 82;
	EA2C : AF;
	EA2D : D0;
	EA2E : 21;
	EA2F : 0A;
	EA30 : B0;
	EA31 : 61;
	EA32 : 99;
	EA33 : B9;
	EA34 : 14;
	EA35 : 39;
	EA36 : C9;
	EA37 : 34;
	EA38 : 2A;
	EA39 : E8;
	EA3A : 32;
	EA3B : 1A;
	EA3C : C9;
	EA3D : 05;
	EA3E : 32;
	EA3F : BF;
	EA40 : 90;
	EA41 : 33;
	EA42 : 1B;
	EA43 : C9;
	EA44 : 12;
	EA45 : 28;
	EA46 : 99;
	EA47 : 0B;
	EA48 : A2;
	EA49 : 31;
	EA4A : 20;
	EA4B : CC;
	EA4C : DC;
	EA4D : 86;
	EA4E : 41;
	EA4F : 9B;
	EA50 : 99;
	EA51 : 33;
	EA52 : 29;
	EA53 : A0;
	EA54 : 19;
	EA55 : 8C;
	EA56 : B3;
	EA57 : 71;
	EA58 : 9B;
	EA59 : A9;
	EA5A : 24;
	EA5B : 1A;
	EA5C : D9;
	EA5D : 32;
	EA5E : 8B;
	EA5F : BD;
	EA60 : 05;
	EA61 : 29;
	EA62 : 99;
	EA63 : 82;
	EA64 : 48;
	EA65 : EA;
	EA66 : 13;
	EA67 : 18;
	EA68 : 98;
	EA69 : 82;
	EA6A : 32;
	EA6B : 2A;
	EA6C : EA;
	EA6D : 22;
	EA6E : 9D;
	EA6F : 04;
	EA70 : 40;
	EA71 : BD;
	EA72 : A1;
	EA73 : 33;
	EA74 : 09;
	EA75 : DA;
	EA76 : 02;
	EA77 : 10;
	EA78 : 09;
	EA79 : B8;
	EA7A : 38;
	EA7B : B0;
	EA7C : 30;
	EA7D : 01;
	EA7E : CA;
	EA7F : 44;
	EA80 : 9A;
	EA81 : 89;
	EA82 : B0;
	EA83 : 68;
	EA84 : 90;
	EA85 : 0E;
	EA86 : 83;
	EA87 : 39;
	EA88 : A9;
	EA89 : A2;
	EA8A : 73;
	EA8B : BA;
	EA8C : 88;
	EA8D : 13;
	EA8E : 8B;
	EA8F : 84;
	EA90 : 30;
	EA91 : AF;
	EA92 : A1;
	EA93 : 42;
	EA94 : 0B;
	EA95 : C9;
	EA96 : 14;
	EA97 : 28;
	EA98 : 81;
	EA99 : 89;
	EA9A : BA;
	EA9B : 03;
	EA9C : 11;
	EA9D : A9;
	EA9E : 99;
	EA9F : 80;
	EAA0 : 7F;
	EAA1 : 10;
	EAA2 : A9;
	EAA3 : 12;
	EAA4 : 89;
	EAA5 : A0;
	EAA6 : 11;
	EAA7 : 10;
	EAA8 : 89;
	EAA9 : A9;
	EAAA : 04;
	EAAB : 2C;
	EAAC : B9;
	EAAD : 01;
	EAAE : 30;
	EAAF : 99;
	EAB0 : 12;
	EAB1 : 10;
	EAB2 : 8C;
	EAB3 : 92;
	EAB4 : 31;
	EAB5 : 88;
	EAB6 : 90;
	EAB7 : 40;
	EAB8 : 9B;
	EAB9 : A9;
	EABA : 26;
	EABB : 0A;
	EABC : 99;
	EABD : 81;
	EABE : 20;
	EABF : B8;
	EAC0 : 01;
	EAC1 : 89;
	EAC2 : 88;
	EAC3 : 21;
	EAC4 : 9C;
	EAC5 : A0;
	EAC6 : 18;
	EAC7 : 90;
	EAC8 : 30;
	EAC9 : 98;
	EACA : 82;
	EACB : 39;
	EACC : BA;
	EACD : 81;
	EACE : 21;
	EACF : 9A;
	EAD0 : 02;
	EAD1 : 99;
	EAD2 : 88;
	EAD3 : A0;
	EAD4 : 20;
	EAD5 : 89;
	EAD6 : 81;
	EAD7 : 30;
	EAD8 : 8A;
	EAD9 : 81;
	EADA : 18;
	EADB : 88;
	EADC : 91;
	EADD : 21;
	EADE : 89;
	EADF : A0;
	EAE0 : 22;
	EAE1 : 08;
	EAE2 : 88;
	EAE3 : 90;
	EAE4 : 02;
	EAE5 : 88;
	EAE6 : 88;
	EAE7 : 88;
	EAE8 : 08;
	EAE9 : 00;
	EAEA : 88;
	EAEB : 0A;
	EAEC : 99;
	EAED : 23;
	EAEE : 19;
	EAEF : 98;
	EAF0 : 12;
	EAF1 : 09;
	EAF2 : 80;
	EAF3 : 08;
	EAF4 : 88;
	EAF5 : 02;
	EAF6 : 10;
	EAF7 : 99;
	EAF8 : A8;
	EAF9 : 00;
	EAFA : 08;
	EAFB : 8A;
	EAFC : 80;
	EAFD : 01;
	EAFE : 80;
	EAFF : 99;
	EB00 : 80;
	EB01 : 89;
	EB02 : 00;
	EB03 : 01;
	EB04 : 09;
	EB05 : 90;
	EB06 : 22;
	EB07 : 00;
	EB08 : 98;
	EB09 : 00;
	EB0A : 00;
	EB0B : 08;
	EB0C : 08;
	EB0D : 88;
	EB0E : 88;
	EB0F : 08;
	EB10 : 08;
	EB11 : 80;
	EB12 : 01;
	EB13 : 09;
	EB14 : 88;
	EB15 : 01;
	EB16 : 08;
	EB17 : 90;
	EB18 : 80;
	EB19 : 88;
	EB1A : 98;
	EB1B : 01;
	EB1C : 00;
	EB1D : 8A;
	EB1E : 00;
	EB1F : 00;
	EB20 : 40;
	EB21 : 08;
	EB22 : 00;
	EB23 : 88;
	EB24 : 98;
	EB25 : 00;
	EB26 : 00;
	EB27 : 00;
	EB28 : 89;
	EB29 : 00;
	EB2A : 00;
	EB2B : 88;
	EB2C : 08;
	EB2D : 09;
	EB2E : 08;
	EB2F : 01;
	EB30 : 88;
	EB31 : 08;
	EB32 : 00;
	EB33 : 00;
	EB34 : 08;
	EB35 : 08;
	EB36 : 00;
	EB37 : 08;
	EB38 : 08;
	EB39 : 88;
	EB3A : 80;
	EB3B : 00;
	EB3C : 88;
	EB3D : 98;
	EB3E : 08;
	EB3F : 00;
	EB40 : 09;
	EB41 : 08;
	EB42 : 00;
	EB43 : 88;
	EB44 : 80;
	EB45 : 08;
	EB46 : 08;
	EB47 : 80;
	EB48 : 80;
	EB49 : 80;
	EB4A : 88;
	EB4B : 08;
	EB4C : 00;
	EB4D : 80;
	EB4E : 80;
	EB4F : 88;
	EB50 : 08;
	EB51 : 00;
	EB52 : 80;
	EB53 : 80;
	EB54 : 80;
	EB55 : 80;
	EB56 : 80;
	EB57 : 80;
	EB58 : 80;
	EB59 : 80;
	EB5A : 80;
	EB5B : 88;
	EB5C : 08;
	EB5D : 08;
	EB5E : 08;
	EB5F : 08;
	EB60 : 08;
	EB61 : 00;
	EB62 : 00;
	EB63 : 00;
	EB64 : 00;
	EB65 : 00;
	EB66 : 00;
	EB67 : 00;
	EB68 : 00;
	EB69 : 00;
	EB6A : 00;
	EB6B : 00;
	EB6C : 00;
	EB6D : 00;
	EB6E : 00;
	EB6F : 00;
	[EB70..FFFF] : 00;
END;
